created_at, provider, input_len, billed_prompt_len, billed_output_len, cached_tokens, duration (ms)
1760713655, meta, 10, 28, 2, 0, 339
1760713657, meta, 10, 28, 2, 0, 363
1760713658, meta, 100, 28, 2, 0, 331
1760713660, meta, 100, 28, 2, 0, 321
1760713660, meta, 1000, 889, 3, 0, 376
1760713663, meta, 1000, 889, 2, 0, 381
1760713663, meta, 3000, 2714, 3, 0, 480
1760713665, meta, 3000, 2714, 3, 0, 484
1760713666, meta, 10000, 9975, 8, 0, 1156
1760713669, meta, 10000, 9975, 8, 0, 581
1760713670, meta, 30000, 30796, 10, 0, 2326
1760713674, meta, 30000, 30796, 11, 0, 2382
1760713676, meta, 100000, 105902, 397, 0, 15496
1760713694, meta, 100000, 105902, 337, 0, 15146
1760713940, meta, 10, 28, 2, 0, 338
1760713943, meta, 10, 28, 2, 0, 349
1760713943, meta, 100, 28, 2, 0, 341
1760713945, meta, 100, 28, 2, 0, 348
1760713946, meta, 1000, 889, 3, 0, 376
1760713948, meta, 1000, 889, 3, 0, 354
1760713948, meta, 3000, 2714, 3, 0, 467
1760713951, meta, 3000, 2714, 3, 0, 512
1760713951, meta, 10000, 9975, 11, 0, 1007
1760713954, meta, 10000, 9975, 11, 0, 912
1760713955, meta, 30000, 30797, 13, 0, 2343
1760713960, meta, 30000, 30797, 11, 0, 2317
1760713962, meta, 100000, 0, 0, 0, 63058
1760714027, meta, 100000, 105901, 444, 0, 16543
1760714212, meta, 10, 28, 2, 0, 331
1760714215, meta, 10, 28, 2, 0, 374
1760714215, meta, 100, 28, 2, 0, 290
1760714217, meta, 100, 28, 2, 0, 377
1760714218, meta, 1000, 889, 2, 0, 359
1760714220, meta, 1000, 889, 2, 0, 364
1760714220, meta, 3000, 2714, 3, 0, 471
1760714223, meta, 3000, 2714, 3, 0, 450
1760714223, meta, 10000, 9975, 8, 0, 889
1760714226, meta, 10000, 9975, 11, 0, 642
1760714227, meta, 30000, 30796, 39, 0, 2549
1760714231, meta, 30000, 30796, 10, 0, 984
1760714232, meta, 100000, 105902, 13, 0, 9184
1760714244, meta, 100000, 105902, 9, 0, 9098
1760714425, meta, 10, 28, 2, 0, 340
1760714428, meta, 10, 28, 2, 0, 555
1760714428, meta, 100, 28, 2, 0, 290
1760714430, meta, 100, 28, 2, 0, 354
1760714431, meta, 1000, 889, 3, 0, 350
1760714433, meta, 1000, 889, 3, 0, 304
1760714434, meta, 3000, 2714, 2, 0, 472
1760714436, meta, 3000, 2714, 2, 0, 527
1760714437, meta, 10000, 9975, 11, 0, 959
1760714439, meta, 10000, 9975, 11, 0, 690
1760714440, meta, 30000, 30796, 216, 0, 5306
1760714447, meta, 30000, 30796, 11, 0, 2250
1760714450, meta, 100000, 105903, 427, 0, 15178
1760714467, meta, 100000, 105903, 8, 0, 9218
1760714650, meta, 10, 28, 2, 0, 420
1760714652, meta, 10, 28, 2, 0, 272
1760714653, meta, 100, 28, 2, 0, 304
1760714655, meta, 100, 28, 2, 0, 462
1760714655, meta, 1000, 889, 2, 0, 443
1760714658, meta, 1000, 889, 2, 0, 327
1760714658, meta, 3000, 2714, 3, 0, 478
1760714661, meta, 3000, 2714, 3, 0, 492
1760714661, meta, 10000, 9975, 11, 0, 994
1760714664, meta, 10000, 9975, 12, 0, 680
1760714665, meta, 30000, 30796, 222, 0, 5519
1760714672, meta, 30000, 30796, 12, 0, 995
1760714673, meta, 100000, 105901, 653, 0, 18581
1760714694, meta, 100000, 105901, 9, 0, 2310
1760714860, meta, 10, 28, 2, 0, 347
1760714863, meta, 10, 28, 2, 0, 365
1760714863, meta, 100, 28, 2, 0, 351
1760714865, meta, 100, 28, 2, 0, 426
1760714866, meta, 1000, 889, 3, 0, 369
1760714868, meta, 1000, 889, 3, 0, 367
1760714869, meta, 3000, 2714, 3, 0, 437
1760714871, meta, 3000, 2714, 3, 0, 460
1760714871, meta, 10000, 9975, 8, 0, 969
1760714874, meta, 10000, 9975, 8, 0, 902
1760714875, meta, 30000, 30796, 77, 0, 3181
1760714880, meta, 30000, 30796, 33, 0, 2699
1760714883, meta, 100000, 105903, 260, 0, 13409
1760714899, meta, 100000, 105903, 360, 0, 14874
1760715079, meta, 10, 28, 2, 0, 297
1760715081, meta, 10, 28, 2, 0, 344
1760715082, meta, 100, 28, 2, 0, 331
1760715084, meta, 100, 28, 2, 0, 359
1760715084, meta, 1000, 889, 3, 0, 377
1760715087, meta, 1000, 889, 3, 0, 396
1760715087, meta, 3000, 2714, 3, 0, 442
1760715089, meta, 3000, 2714, 3, 0, 458
1760715090, meta, 10000, 9975, 12, 0, 979
1760715093, meta, 10000, 9975, 11, 0, 989
1760715094, meta, 30000, 30796, 13, 0, 2354
1760715098, meta, 30000, 30796, 12, 0, 986
1760715099, meta, 100000, 105903, 20, 0, 9456
1760715111, meta, 100000, 105903, 9, 0, 9017
1760715282, meta, 10, 28, 2, 0, 345
1760715284, meta, 10, 28, 2, 0, 350
1760715284, meta, 100, 28, 2, 0, 337
1760715287, meta, 100, 28, 2, 0, 407
1760715287, meta, 1000, 889, 2, 0, 279
1760715289, meta, 1000, 889, 2, 0, 386
1760715290, meta, 3000, 2714, 3, 0, 516
1760715292, meta, 3000, 2714, 3, 0, 437
1760715293, meta, 10000, 9975, 10, 0, 958
1760715296, meta, 10000, 9975, 11, 0, 993
1760715297, meta, 30000, 30796, 10, 0, 2327
1760715301, meta, 30000, 30796, 59, 0, 1653
1760715303, meta, 100000, 105902, 523, 0, 17387
1760715322, meta, 100000, 105902, 398, 0, 15131
1760715501, meta, 10, 28, 2, 0, 354
1760715504, meta, 10, 28, 2, 0, 272
1760715504, meta, 100, 28, 2, 0, 353
1760715506, meta, 100, 28, 2, 0, 336
1760715507, meta, 1000, 889, 3, 0, 387
1760715509, meta, 1000, 889, 3, 0, 384
1760715509, meta, 3000, 2714, 3, 0, 448
1760715512, meta, 3000, 2714, 2, 0, 446
1760715512, meta, 10000, 9975, 11, 0, 1008
1760715515, meta, 10000, 9975, 11, 0, 969
1760715516, meta, 30000, 30796, 12, 0, 2297
1760715521, meta, 30000, 30796, 12, 0, 2302
1760715523, meta, 100000, 105902, 377, 0, 15450
1760715540, meta, 100000, 105902, 431, 0, 9227
1760715729, meta, 10, 28, 2, 0, 418
1760715732, meta, 10, 28, 2, 0, 294
1760715732, meta, 100, 28, 2, 0, 406
1760715734, meta, 100, 28, 2, 0, 418
1760715735, meta, 1000, 889, 3, 0, 375
1760715737, meta, 1000, 889, 3, 0, 378
1760715737, meta, 3000, 2714, 3, 0, 423
1760715740, meta, 3000, 2714, 3, 0, 460
1760715740, meta, 10000, 9975, 11, 0, 982
1760715743, meta, 10000, 9975, 11, 0, 990
1760715744, meta, 30000, 30796, 94, 0, 3556
1760715750, meta, 30000, 30796, 13, 0, 1004
1760715751, meta, 100000, 105901, 13, 0, 9363
1760715762, meta, 100000, 105901, 9, 0, 2065
1760715928, meta, 10, 28, 2, 0, 406
1760715930, meta, 10, 28, 2, 0, 357
1760715931, meta, 100, 28, 2, 0, 340
1760715933, meta, 100, 28, 2, 0, 271
1760715933, meta, 1000, 889, 3, 0, 282
1760715935, meta, 1000, 889, 2, 0, 277
1760715936, meta, 3000, 2714, 2, 0, 583
1760715938, meta, 3000, 2714, 3, 0, 474
1760715939, meta, 10000, 9975, 11, 0, 1011
1760715942, meta, 10000, 9975, 11, 0, 1004
1760715943, meta, 30000, 30796, 11, 0, 2381
1760715947, meta, 30000, 30796, 186, 0, 4764
1760715952, meta, 100000, 105902, 9, 0, 9116
1760715963, meta, 100000, 105902, 9, 0, 2174
1760716138, meta, 10, 28, 2, 0, 405
1760716140, meta, 10, 28, 2, 0, 434
1760716141, meta, 100, 28, 2, 0, 376
1760716143, meta, 100, 28, 2, 0, 338
1760716144, meta, 1000, 889, 2, 0, 302
1760716146, meta, 1000, 889, 2, 0, 359
1760716146, meta, 3000, 2714, 3, 0, 486
1760716149, meta, 3000, 2714, 3, 0, 486
1760716149, meta, 10000, 9975, 11, 0, 906
1760716152, meta, 10000, 9975, 11, 0, 628
1760716153, meta, 30000, 30796, 11, 0, 2390
1760716157, meta, 30000, 30796, 11, 0, 2321
1760716160, meta, 100000, 105901, 13, 0, 9403
1760716171, meta, 100000, 105901, 191, 0, 12108
1760716355, meta, 10, 28, 2, 0, 387
1760716357, meta, 10, 28, 2, 0, 349
1760716357, meta, 100, 28, 2, 0, 279
1760716360, meta, 100, 28, 2, 0, 420
1760716360, meta, 1000, 889, 3, 0, 403
1760716363, meta, 1000, 889, 3, 0, 280
1760716363, meta, 3000, 2714, 3, 0, 484
1760716365, meta, 3000, 2714, 3, 0, 475
1760716366, meta, 10000, 9975, 11, 0, 1003
1760716369, meta, 10000, 9975, 11, 0, 655
1760716369, meta, 30000, 30796, 11, 0, 2338
1760716374, meta, 30000, 30796, 91, 0, 3414
1760716377, meta, 100000, 105903, 12, 0, 9416
1760716389, meta, 100000, 105903, 9, 0, 2123
1760716559, meta, 10, 28, 2, 0, 338
1760716561, meta, 10, 28, 2, 0, 389
1760716561, meta, 100, 27, 2, 0, 346
1760716564, meta, 100, 27, 2, 0, 355
1760716564, meta, 1000, 889, 3, 0, 376
1760716566, meta, 1000, 889, 3, 0, 300
1760716567, meta, 3000, 2714, 3, 0, 457
1760716569, meta, 3000, 2714, 3, 0, 458
1760716570, meta, 10000, 9975, 11, 0, 992
1760716573, meta, 10000, 9975, 11, 0, 556
1760716573, meta, 30000, 30796, 10, 0, 2280
1760716577, meta, 30000, 30796, 11, 0, 2223
1760716580, meta, 100000, 105902, 434, 0, 15673
1760716597, meta, 100000, 105902, 323, 0, 14154
1760716778, meta, 10, 28, 2, 0, 422
1760716780, meta, 10, 28, 2, 0, 318
1760716781, meta, 100, 28, 2, 0, 367
1760716783, meta, 100, 28, 2, 0, 356
1760716783, meta, 1000, 889, 3, 0, 346
1760716786, meta, 1000, 889, 3, 0, 316
1760716786, meta, 3000, 2714, 3, 0, 452
1760716788, meta, 3000, 2714, 2, 0, 445
1760716789, meta, 10000, 9975, 11, 0, 1017
1760716792, meta, 10000, 9975, 3, 0, 931
1760716793, meta, 30000, 30796, 13, 0, 2345
1760716797, meta, 30000, 30796, 11, 0, 2293
1760716800, meta, 100000, 105902, 13, 0, 9129
1760716811, meta, 100000, 105902, 9, 0, 2261
1760717004, meta, 10, 28, 2, 0, 339
1760717006, meta, 10, 28, 2, 0, 366
1760717006, meta, 100, 28, 2, 0, 350
1760717009, meta, 100, 28, 2, 0, 400
1760717009, meta, 1000, 889, 3, 0, 428
1760717012, meta, 1000, 889, 3, 0, 357
1760717012, meta, 3000, 2714, 3, 0, 477
1760717014, meta, 3000, 2714, 3, 0, 434
1760717015, meta, 10000, 9975, 12, 0, 1003
1760717018, meta, 10000, 9975, 11, 0, 963
1760717019, meta, 30000, 30797, 11, 0, 2222
1760717023, meta, 30000, 30797, 7, 0, 904
1760717024, meta, 100000, 105903, 22, 0, 9466
1760717035, meta, 100000, 105903, 299, 0, 14027
1760717211, meta, 10, 28, 2, 0, 355
1760717213, meta, 10, 28, 2, 0, 369
1760717214, meta, 100, 28, 2, 0, 283
1760717216, meta, 100, 28, 2, 0, 349
1760717216, meta, 1000, 889, 3, 0, 387
1760717219, meta, 1000, 889, 3, 0, 376
1760717219, meta, 3000, 2714, 3, 0, 448
1760717222, meta, 3000, 2714, 3, 0, 413
1760717222, meta, 10000, 9975, 11, 0, 958
1760717225, meta, 10000, 9975, 12, 0, 891
1760717226, meta, 30000, 30796, 11, 0, 2273
1760717230, meta, 30000, 30796, 12, 0, 2239
1760717232, meta, 100000, 105903, 10, 0, 9181
1760717244, meta, 100000, 105903, 249, 0, 13148
1760717461, meta, 10, 28, 2, 0, 348
1760717463, meta, 10, 28, 2, 0, 351
1760717464, meta, 100, 28, 2, 0, 265
1760717466, meta, 100, 28, 2, 0, 331
1760717466, meta, 1000, 889, 3, 0, 285
1760717469, meta, 1000, 889, 3, 0, 279
1760717469, meta, 3000, 2714, 3, 0, 467
1760717471, meta, 3000, 2714, 3, 0, 419
1760717472, meta, 10000, 9975, 11, 0, 999
1760717475, meta, 10000, 9975, 11, 0, 625
1760717475, meta, 30000, 30796, 12, 0, 2281
1760717480, meta, 30000, 30796, 45, 0, 1511
1760717481, meta, 100000, 105904, 305, 0, 14065
1760717497, meta, 100000, 105904, 619, 0, 12036
1760717681, meta, 10, 28, 2, 0, 369
1760717683, meta, 10, 28, 2, 0, 324
1760717683, meta, 100, 28, 2, 0, 368
1760717686, meta, 100, 28, 2, 0, 305
1760717686, meta, 1000, 889, 3, 0, 375
1760717688, meta, 1000, 889, 3, 0, 343
1760717689, meta, 3000, 2714, 3, 0, 458
1760717691, meta, 3000, 2714, 3, 0, 410
1760717692, meta, 10000, 9975, 11, 0, 1008
1760717695, meta, 10000, 9975, 11, 0, 903
1760717695, meta, 30000, 30796, 11, 0, 2317
1760717700, meta, 30000, 30796, 11, 0, 2280
1760717702, meta, 100000, 105903, 9, 0, 9056
1760717713, meta, 100000, 105903, 11, 0, 2388
1760717886, meta, 10, 28, 2, 0, 291
1760717889, meta, 10, 28, 2, 0, 273
1760717889, meta, 100, 28, 2, 0, 356
1760717891, meta, 100, 28, 2, 0, 275
1760717891, meta, 1000, 889, 3, 0, 373
1760717894, meta, 1000, 889, 3, 0, 305
1760717894, meta, 3000, 2714, 3, 0, 459
1760717897, meta, 3000, 2714, 3, 0, 440
1760717897, meta, 10000, 9975, 11, 0, 982
1760717900, meta, 10000, 9975, 11, 0, 659
1760717901, meta, 30000, 30796, 12, 0, 2308
1760717905, meta, 30000, 30796, 11, 0, 2234
1760717907, meta, 100000, 105901, 9, 0, 9247
1760717918, meta, 100000, 105901, 12, 0, 2165
1760718105, meta, 10, 28, 2, 0, 348
1760718108, meta, 10, 28, 2, 0, 277
1760718108, meta, 100, 28, 2, 0, 360
1760718110, meta, 100, 28, 2, 0, 337
1760718111, meta, 1000, 889, 2, 0, 366
1760718113, meta, 1000, 889, 2, 0, 409
1760718113, meta, 3000, 2714, 3, 0, 372
1760718116, meta, 3000, 2714, 3, 0, 423
1760718116, meta, 10000, 9975, 11, 0, 977
1760718119, meta, 10000, 9975, 11, 0, 615
1760718120, meta, 30000, 30796, 12, 0, 2273
1760718124, meta, 30000, 30796, 11, 0, 976
1760718125, meta, 100000, 105902, 10, 0, 9246
1760718136, meta, 100000, 105902, 9, 0, 2437
1760718311, meta, 10, 28, 2, 0, 369
1760718313, meta, 10, 28, 2, 0, 334
1760718313, meta, 100, 28, 2, 0, 259
1760718316, meta, 100, 28, 2, 0, 413
1760718316, meta, 1000, 889, 3, 0, 372
1760718318, meta, 1000, 889, 3, 0, 298
1760718319, meta, 3000, 2714, 3, 0, 500
1760718321, meta, 3000, 2714, 3, 0, 463
1760718322, meta, 10000, 9975, 11, 0, 924
1760718325, meta, 10000, 9975, 11, 0, 640
1760718325, meta, 30000, 30796, 11, 0, 2368
1760718330, meta, 30000, 30796, 11, 0, 2364
1760718332, meta, 100000, 105903, 12, 0, 9464
1760718343, meta, 100000, 105903, 364, 0, 14709
1760718523, meta, 10, 28, 2, 0, 478
1760718525, meta, 10, 28, 2, 0, 354
1760718525, meta, 100, 28, 2, 0, 369
1760718528, meta, 100, 28, 2, 0, 264
1760718528, meta, 1000, 889, 2, 0, 365
1760718530, meta, 1000, 889, 3, 0, 390
1760718531, meta, 3000, 2714, 3, 0, 484
1760718533, meta, 3000, 2714, 2, 0, 420
1760718534, meta, 10000, 9975, 11, 0, 1044
1760718537, meta, 10000, 9975, 11, 0, 974
1760718538, meta, 30000, 30796, 12, 0, 2263
1760718542, meta, 30000, 30796, 13, 0, 977
1760718543, meta, 100000, 105905, 448, 0, 16204
1760718561, meta, 100000, 105905, 9, 0, 2196
1760718736, meta, 10, 28, 2, 0, 352
1760718738, meta, 10, 28, 2, 0, 371
1760718738, meta, 100, 28, 2, 0, 290
1760718741, meta, 100, 28, 2, 0, 326
1760718741, meta, 1000, 889, 3, 0, 322
1760718743, meta, 1000, 889, 3, 0, 351
1760718744, meta, 3000, 2714, 3, 0, 470
1760718746, meta, 3000, 2714, 3, 0, 420
1760718747, meta, 10000, 9975, 11, 0, 1008
1760718750, meta, 10000, 9975, 11, 0, 1033
1760718751, meta, 30000, 30796, 11, 0, 2311
1760718755, meta, 30000, 30796, 10, 0, 1025
1760718756, meta, 100000, 105902, 28, 0, 9489
1760718768, meta, 100000, 105902, 11, 0, 9097
1760718946, meta, 10, 28, 2, 0, 348
1760718948, meta, 10, 28, 2, 0, 369
1760718948, meta, 100, 28, 2, 0, 402
1760718951, meta, 100, 28, 2, 0, 356
1760718951, meta, 1000, 889, 3, 0, 3030
1760718956, meta, 1000, 889, 3, 0, 396
1760718956, meta, 3000, 2714, 3, 0, 508
1760718959, meta, 3000, 2714, 3, 0, 426
1760718959, meta, 10000, 9975, 11, 0, 989
1760718962, meta, 10000, 9975, 11, 0, 651
1760718963, meta, 30000, 30796, 10, 0, 2290
1760718967, meta, 30000, 30796, 11, 0, 1089
1760718968, meta, 100000, 105902, 11, 0, 9244
1760718980, meta, 100000, 105902, 9, 0, 2351
1760719227, meta, 10, 28, 2, 0, 353
1760719230, meta, 10, 28, 2, 0, 319
1760719230, meta, 100, 28, 2, 0, 358
1760719232, meta, 100, 28, 2, 0, 488
1760719233, meta, 1000, 889, 2, 0, 379
1760719235, meta, 1000, 889, 2, 0, 343
1760719236, meta, 3000, 2714, 3, 0, 528
1760719238, meta, 3000, 2714, 3, 0, 447
1760719239, meta, 10000, 9975, 10, 0, 981
1760719242, meta, 10000, 9975, 11, 0, 959
1760719243, meta, 30000, 30797, 11, 0, 2211
1760719247, meta, 30000, 30797, 69, 0, 3119
1760719250, meta, 100000, 105902, 12, 0, 9292
1760719261, meta, 100000, 105902, 477, 0, 9399
1760719456, meta, 10, 28, 2, 0, 546
1760719458, meta, 10, 28, 2, 0, 358
1760719459, meta, 100, 28, 2, 0, 266
1760719461, meta, 100, 28, 2, 0, 347
1760719461, meta, 1000, 890, 3, 0, 606
1760719464, meta, 1000, 890, 3, 0, 402
1760719464, meta, 3000, 2714, 2, 0, 506
1760719467, meta, 3000, 2714, 3, 0, 427
1760719467, meta, 10000, 9975, 11, 0, 993
1760719470, meta, 10000, 9975, 12, 0, 606
1760719471, meta, 30000, 30797, 116, 0, 3947
1760719477, meta, 30000, 30797, 11, 0, 839
1760719478, meta, 100000, 105902, 9, 0, 9287
1760719489, meta, 100000, 105902, 11, 0, 2254
1760719656, meta, 10, 28, 2, 0, 324
1760719658, meta, 10, 28, 2, 0, 584
1760719658, meta, 100, 28, 2, 0, 329
1760719661, meta, 100, 28, 2, 0, 483
1760719661, meta, 1000, 889, 3, 0, 385
1760719664, meta, 1000, 889, 3, 0, 365
1760719664, meta, 3000, 2714, 3, 0, 484
1760719666, meta, 3000, 2714, 3, 0, 396
1760719667, meta, 10000, 9975, 11, 0, 1012
1760719670, meta, 10000, 9975, 11, 0, 657
1760719671, meta, 30000, 30796, 451, 0, 8041
1760719681, meta, 30000, 30796, 14, 0, 2350
1760719683, meta, 100000, 105903, 411, 0, 15445
1760719700, meta, 100000, 105903, 9, 0, 9095
1760719877, meta, 10, 28, 2, 0, 401
1760719880, meta, 10, 28, 2, 0, 359
1760719880, meta, 100, 28, 2, 0, 365
1760719883, meta, 100, 28, 2, 0, 330
1760719883, meta, 1000, 889, 3, 0, 372
1760719885, meta, 1000, 889, 2, 0, 644
1760719886, meta, 3000, 2714, 3, 0, 480
1760719888, meta, 3000, 2714, 3, 0, 502
1760719889, meta, 10000, 9975, 11, 0, 988
1760719892, meta, 10000, 9975, 11, 0, 897
1760719893, meta, 30000, 30796, 63, 0, 3212
1760719898, meta, 30000, 30796, 12, 0, 2287
1760719900, meta, 100000, 105902, 9, 0, 9320
1760719912, meta, 100000, 105902, 12, 0, 2249
1760720106, meta, 10, 28, 2, 0, 360
1760720108, meta, 10, 28, 2, 0, 373
1760720109, meta, 100, 28, 2, 0, 326
1760720111, meta, 100, 28, 2, 0, 279
1760720111, meta, 1000, 889, 3, 0, 304
1760720114, meta, 1000, 889, 3, 0, 370
1760720114, meta, 3000, 2715, 3, 0, 554
1760720116, meta, 3000, 2715, 3, 0, 472
1760720117, meta, 10000, 9975, 66, 0, 1775
1760720121, meta, 10000, 9975, 12, 0, 685
1760720121, meta, 30000, 30796, 51, 0, 2859
1760720126, meta, 30000, 30796, 11, 0, 2388
1760720129, meta, 100000, 105902, 9, 0, 9236
1760720140, meta, 100000, 105902, 10, 0, 2586
1760720313, meta, 10, 28, 2, 0, 352
1760720315, meta, 10, 28, 2, 0, 344
1760720316, meta, 100, 28, 2, 0, 337
1760720318, meta, 100, 28, 2, 0, 341
1760720318, meta, 1000, 889, 2, 0, 400
1760720321, meta, 1000, 889, 2, 0, 417
1760720321, meta, 3000, 2714, 3, 0, 406
1760720324, meta, 3000, 2714, 3, 0, 446
1760720324, meta, 10000, 9975, 11, 0, 949
1760720327, meta, 10000, 9975, 11, 0, 1002
1760720328, meta, 30000, 30796, 8, 0, 2275
1760720332, meta, 30000, 30796, 11, 0, 2422
1760720335, meta, 100000, 105902, 13, 0, 9295
1760720346, meta, 100000, 105902, 65, 0, 10137
1760720526, meta, 10, 28, 2, 0, 321
1760720528, meta, 10, 28, 2, 0, 373
1760720529, meta, 100, 28, 2, 0, 353
1760720531, meta, 100, 28, 2, 0, 377
1760720531, meta, 1000, 889, 3, 0, 355
1760720534, meta, 1000, 889, 3, 0, 434
1760720534, meta, 3000, 2714, 3, 0, 443
1760720537, meta, 3000, 2714, 3, 0, 436
1760720537, meta, 10000, 9975, 11, 0, 1002
1760720540, meta, 10000, 9975, 12, 0, 1014
1760720541, meta, 30000, 30796, 10, 0, 2330
1760720545, meta, 30000, 30796, 218, 0, 5058
1760720551, meta, 100000, 105901, 12, 0, 9271
1760720562, meta, 100000, 105901, 24, 0, 2415
1760720738, meta, 10, 28, 2, 0, 271
1760720740, meta, 10, 28, 2, 0, 321
1760720740, meta, 100, 28, 2, 0, 408
1760720743, meta, 100, 28, 2, 0, 376
1760720743, meta, 1000, 889, 3, 0, 362
1760720746, meta, 1000, 889, 3, 0, 368
1760720746, meta, 3000, 2714, 3, 0, 384
1760720748, meta, 3000, 2714, 3, 0, 451
1760720749, meta, 10000, 9975, 11, 0, 986
1760720752, meta, 10000, 9975, 11, 0, 643
1760720752, meta, 30000, 30796, 12, 0, 2317
1760720757, meta, 30000, 30796, 11, 0, 920
1760720758, meta, 100000, 105903, 412, 0, 15483
1760720775, meta, 100000, 105903, 432, 0, 9120
1760720947, meta, 10, 28, 2, 0, 366
1760720949, meta, 10, 28, 2, 0, 266
1760720950, meta, 100, 28, 2, 0, 329
1760720952, meta, 100, 28, 2, 0, 353
1760720952, meta, 1000, 890, 2, 0, 386
1760720955, meta, 1000, 890, 2, 0, 405
1760720955, meta, 3000, 2715, 3, 0, 575
1760720958, meta, 3000, 2715, 3, 0, 456
1760720958, meta, 10000, 9975, 11, 0, 890
1760720961, meta, 10000, 9975, 3, 0, 942
1760720962, meta, 30000, 30797, 68, 0, 3086
1760720967, meta, 30000, 30797, 74, 0, 1929
1760720969, meta, 100000, 105903, 13, 0, 9163
1760720980, meta, 100000, 105903, 9, 0, 9471
1760721159, meta, 10, 28, 2, 0, 377
1760721162, meta, 10, 28, 2, 0, 321
1760721162, meta, 100, 28, 2, 0, 399
1760721164, meta, 100, 28, 2, 0, 272
1760721165, meta, 1000, 889, 3, 0, 335
1760721167, meta, 1000, 889, 3, 0, 352
1760721167, meta, 3000, 2714, 3, 0, 485
1760721170, meta, 3000, 2714, 3, 0, 406
1760721170, meta, 10000, 9975, 11, 0, 980
1760721173, meta, 10000, 9975, 11, 0, 994
1760721174, meta, 30000, 30796, 11, 0, 2321
1760721179, meta, 30000, 30796, 10, 0, 2292
1760721181, meta, 100000, 105901, 8, 0, 9193
1760721192, meta, 100000, 105901, 9, 0, 2445
1760721372, meta, 10, 28, 2, 0, 378
1760721374, meta, 10, 28, 2, 0, 332
1760721375, meta, 100, 28, 2, 0, 368
1760721377, meta, 100, 28, 2, 0, 276
1760721377, meta, 1000, 889, 3, 0, 377
1760721380, meta, 1000, 889, 3, 0, 374
1760721380, meta, 3000, 2714, 3, 0, 466
1760721383, meta, 3000, 2714, 3, 0, 467
1760721383, meta, 10000, 9976, 11, 0, 988
1760721386, meta, 10000, 9976, 11, 0, 969
1760721387, meta, 30000, 30796, 264, 0, 5496
1760721395, meta, 30000, 30796, 11, 0, 2292
1760721397, meta, 100000, 105903, 457, 0, 15830
1760721415, meta, 100000, 105903, 22, 0, 9329
1760721662, meta, 10, 28, 2, 0, 368
1760721664, meta, 10, 28, 2, 0, 362
1760721665, meta, 100, 28, 2, 0, 453
1760721667, meta, 100, 28, 2, 0, 272
1760721667, meta, 1000, 889, 2, 0, 409
1760721670, meta, 1000, 889, 3, 0, 371
1760721670, meta, 3000, 2714, 3, 0, 479
1760721672, meta, 3000, 2714, 3, 0, 377
1760721673, meta, 10000, 9975, 11, 0, 995
1760721676, meta, 10000, 9975, 3, 0, 564
1760721676, meta, 30000, 30796, 12, 0, 2367
1760721681, meta, 30000, 30796, 269, 0, 5920
1760721687, meta, 100000, 105902, 569, 0, 17624
1760721706, meta, 100000, 105902, 9, 0, 9040
1760721878, meta, 10, 28, 2, 0, 352
1760721880, meta, 10, 28, 2, 0, 379
1760721880, meta, 100, 28, 2, 0, 247
1760721883, meta, 100, 28, 2, 0, 361
1760721883, meta, 1000, 890, 3, 0, 351
1760721885, meta, 1000, 890, 3, 0, 362
1760721886, meta, 3000, 2714, 2, 0, 517
1760721888, meta, 3000, 2714, 3, 0, 459
1760721889, meta, 10000, 9975, 11, 0, 981
1760721892, meta, 10000, 9975, 11, 0, 646
1760721892, meta, 30000, 30796, 60, 0, 3258
1760721898, meta, 30000, 30796, 11, 0, 968
1760721899, meta, 100000, 105901, 13, 0, 9299
1760721910, meta, 100000, 105901, 13, 0, 9177
1760722092, meta, 10, 28, 2, 0, 418
1760722094, meta, 10, 28, 2, 0, 314
1760722094, meta, 100, 28, 2, 0, 355
1760722097, meta, 100, 28, 2, 0, 337
1760722097, meta, 1000, 889, 2, 0, 421
1760722100, meta, 1000, 889, 2, 0, 468
1760722100, meta, 3000, 2714, 3, 0, 509
1760722103, meta, 3000, 2714, 3, 0, 520
1760722103, meta, 10000, 9975, 12, 0, 989
1760722106, meta, 10000, 9975, 3, 0, 484
1760722107, meta, 30000, 30796, 11, 0, 2335
1760722111, meta, 30000, 30796, 212, 0, 3664
1760722115, meta, 100000, 105901, 9, 0, 9519
1760722126, meta, 100000, 105901, 9, 0, 9361
1760722300, meta, 10, 28, 2, 0, 375
1760722302, meta, 10, 28, 2, 0, 383
1760722302, meta, 100, 28, 2, 0, 366
1760722305, meta, 100, 28, 2, 0, 338
1760722305, meta, 1000, 889, 3, 0, 382
1760722307, meta, 1000, 889, 3, 0, 410
1760722308, meta, 3000, 2714, 3, 0, 483
1760722310, meta, 3000, 2714, 3, 0, 469
1760722311, meta, 10000, 9975, 3, 0, 886
1760722314, meta, 10000, 9975, 11, 0, 573
1760722314, meta, 30000, 30796, 119, 0, 3832
1760722320, meta, 30000, 30796, 11, 0, 952
1760722321, meta, 100000, 105902, 13, 0, 9295
1760722332, meta, 100000, 105902, 9, 0, 2032
1760722510, meta, 10, 28, 2, 0, 256
1760722513, meta, 10, 28, 2, 0, 347
1760722513, meta, 100, 28, 2, 0, 337
1760722515, meta, 100, 28, 2, 0, 423
1760722516, meta, 1000, 889, 3, 0, 349
1760722518, meta, 1000, 889, 2, 0, 384
1760722519, meta, 3000, 2714, 3, 0, 383
1760722521, meta, 3000, 2714, 3, 0, 335
1760722521, meta, 10000, 9975, 3, 0, 897
1760722524, meta, 10000, 9975, 11, 0, 1006
1760722525, meta, 30000, 30796, 10, 0, 2268
1760722529, meta, 30000, 30796, 11, 0, 2296
1760722532, meta, 100000, 105902, 12, 0, 9359
1760722543, meta, 100000, 105902, 11, 0, 8985
1760722717, meta, 10, 28, 2, 0, 370
1760722719, meta, 10, 28, 2, 0, 337
1760722720, meta, 100, 28, 2, 0, 358
1760722722, meta, 100, 28, 2, 0, 259
1760722722, meta, 1000, 889, 3, 0, 388
1760722725, meta, 1000, 889, 3, 0, 344
1760722725, meta, 3000, 2714, 3, 0, 478
1760722727, meta, 3000, 2714, 3, 0, 394
1760722728, meta, 10000, 9975, 11, 0, 1002
1760722731, meta, 10000, 9975, 11, 0, 996
1760722732, meta, 30000, 30796, 393, 0, 7217
1760722741, meta, 30000, 30796, 12, 0, 2226
1760722743, meta, 100000, 105903, 419, 0, 15673
1760722761, meta, 100000, 105903, 12, 0, 2273
1760722935, meta, 10, 28, 2, 0, 309
1760722937, meta, 10, 28, 2, 0, 377
1760722937, meta, 100, 28, 2, 0, 377
1760722940, meta, 100, 28, 2, 0, 280
1760722940, meta, 1000, 889, 2, 0, 381
1760722942, meta, 1000, 889, 3, 0, 289
1760722943, meta, 3000, 2714, 3, 0, 503
1760722945, meta, 3000, 2714, 3, 0, 425
1760722946, meta, 10000, 9975, 11, 0, 1019
1760722949, meta, 10000, 9975, 11, 0, 999
1760722950, meta, 30000, 30796, 247, 0, 5411
1760722957, meta, 30000, 30796, 238, 0, 4034
1760722961, meta, 100000, 105903, 16, 0, 9408
1760722972, meta, 100000, 105903, 376, 0, 8037
1760723151, meta, 10, 28, 2, 0, 346
1760723153, meta, 10, 28, 2, 0, 379
1760723153, meta, 100, 28, 2, 0, 425
1760723156, meta, 100, 28, 2, 0, 419
1760723156, meta, 1000, 889, 2, 0, 404
1760723159, meta, 1000, 889, 3, 0, 406
1760723159, meta, 3000, 2715, 3, 0, 447
1760723162, meta, 3000, 2715, 3, 0, 417
1760723162, meta, 10000, 9975, 12, 0, 1086
1760723165, meta, 10000, 9975, 12, 0, 969
1760723166, meta, 30000, 30796, 13, 0, 2350
1760723170, meta, 30000, 30796, 78, 0, 3115
1760723174, meta, 100000, 105903, 481, 0, 16860
1760723192, meta, 100000, 105903, 13, 0, 2141
1760723364, meta, 10, 28, 2, 0, 363
1760723367, meta, 10, 28, 2, 0, 369
1760723367, meta, 100, 28, 2, 0, 327
1760723370, meta, 100, 28, 2, 0, 350
1760723370, meta, 1000, 889, 3, 0, 385
1760723372, meta, 1000, 889, 3, 0, 384
1760723373, meta, 3000, 2714, 3, 0, 429
1760723375, meta, 3000, 2714, 3, 0, 499
1760723376, meta, 10000, 9975, 11, 0, 964
1760723379, meta, 10000, 9975, 11, 0, 501
1760723379, meta, 30000, 30796, 12, 0, 2358
1760723383, meta, 30000, 30796, 11, 0, 940
1760723384, meta, 100000, 105901, 12, 0, 9350
1760723396, meta, 100000, 105901, 9, 0, 2516
1760723566, meta, 10, 28, 2, 0, 455
1760723568, meta, 10, 28, 2, 0, 435
1760723569, meta, 100, 28, 2, 0, 334
1760723571, meta, 100, 28, 2, 0, 484
1760723572, meta, 1000, 889, 3, 0, 368
1760723574, meta, 1000, 889, 2, 0, 441
1760723574, meta, 3000, 2714, 2, 0, 447
1760723577, meta, 3000, 2714, 2, 0, 490
1760723577, meta, 10000, 9975, 12, 0, 918
1760723580, meta, 10000, 9975, 11, 0, 1081
1760723581, meta, 30000, 30796, 12, 0, 2233
1760723586, meta, 30000, 30796, 167, 0, 3186
1760723589, meta, 100000, 105902, 9, 0, 9350
1760723600, meta, 100000, 105902, 255, 0, 6557
1760723776, meta, 10, 28, 2, 0, 368
1760723778, meta, 10, 28, 2, 0, 346
1760723778, meta, 100, 28, 2, 0, 458
1760723781, meta, 100, 28, 2, 0, 473
1760723781, meta, 1000, 890, 3, 0, 359
1760723784, meta, 1000, 890, 3, 0, 378
1760723784, meta, 3000, 2714, 3, 0, 454
1760723786, meta, 3000, 2714, 3, 0, 545
1760723787, meta, 10000, 9975, 3, 0, 884
1760723790, meta, 10000, 9975, 3, 0, 548
1760723790, meta, 30000, 30796, 11, 0, 2311
1760723795, meta, 30000, 30796, 11, 0, 890
1760723796, meta, 100000, 105902, 504, 0, 17054
1760723815, meta, 100000, 105902, 608, 0, 11553
1760723993, meta, 10, 28, 2, 0, 323
1760723996, meta, 10, 28, 2, 0, 331
1760723996, meta, 100, 28, 2, 0, 259
1760723998, meta, 100, 28, 2, 0, 256
1760723998, meta, 1000, 889, 2, 0, 394
1760724001, meta, 1000, 889, 3, 0, 409
1760724001, meta, 3000, 2714, 3, 0, 388
1760724004, meta, 3000, 2714, 3, 0, 484
1760724004, meta, 10000, 9975, 11, 0, 1002
1760724007, meta, 10000, 9975, 12, 0, 751
1760724008, meta, 30000, 30796, 11, 0, 2347
1760724012, meta, 30000, 30796, 12, 0, 2307
1760724014, meta, 100000, 105902, 11, 0, 9176
1760724026, meta, 100000, 105902, 11, 0, 2346
1760724199, meta, 10, 28, 2, 0, 338
1760724201, meta, 10, 28, 2, 0, 341
1760724202, meta, 100, 28, 2, 0, 353
1760724204, meta, 100, 28, 2, 0, 276
1760724204, meta, 1000, 889, 3, 0, 283
1760724207, meta, 1000, 889, 3, 0, 346
1760724207, meta, 3000, 2714, 3, 0, 392
1760724209, meta, 3000, 2714, 3, 0, 493
1760724210, meta, 10000, 9975, 11, 0, 999
1760724213, meta, 10000, 9975, 11, 0, 1011
1760724214, meta, 30000, 30796, 11, 0, 2292
1760724218, meta, 30000, 30796, 62, 0, 1575
1760724220, meta, 100000, 105902, 52, 0, 9866
1760724232, meta, 100000, 105902, 12, 0, 2142
1760724404, meta, 10, 28, 2, 0, 368
1760724407, meta, 10, 28, 2, 0, 344
1760724407, meta, 100, 28, 2, 0, 366
1760724409, meta, 100, 28, 2, 0, 343
1760724410, meta, 1000, 889, 3, 0, 1222
1760724413, meta, 1000, 889, 3, 0, 293
1760724413, meta, 3000, 2714, 3, 0, 470
1760724416, meta, 3000, 2714, 3, 0, 483
1760724416, meta, 10000, 9975, 11, 0, 983
1760724419, meta, 10000, 9975, 11, 0, 537
1760724420, meta, 30000, 30796, 11, 0, 2343
1760724424, meta, 30000, 30796, 12, 0, 2320
1760724426, meta, 100000, 105902, 9, 0, 9263
1760724438, meta, 100000, 105902, 9, 0, 2139
1760724606, meta, 10, 28, 2, 0, 358
1760724609, meta, 10, 28, 2, 0, 441
1760724609, meta, 100, 28, 2, 0, 284
1760724612, meta, 100, 28, 2, 0, 257
1760724612, meta, 1000, 889, 3, 0, 291
1760724614, meta, 1000, 889, 3, 0, 313
1760724614, meta, 3000, 2714, 3, 0, 518
1760724617, meta, 3000, 2714, 3, 0, 444
1760724617, meta, 10000, 9975, 11, 0, 1029
1760724620, meta, 10000, 9975, 11, 0, 777
1760724621, meta, 30000, 30796, 73, 0, 3312
1760724627, meta, 30000, 30796, 11, 0, 952
1760724627, meta, 100000, 105902, 11, 0, 8992
1760724638, meta, 100000, 105902, 8, 0, 1969
1760724825, meta, 10, 28, 2, 0, 375
1760724828, meta, 10, 28, 2, 0, 344
1760724828, meta, 100, 28, 2, 0, 344
1760724830, meta, 100, 28, 2, 0, 325
1760724831, meta, 1000, 889, 3, 0, 601
1760724833, meta, 1000, 889, 3, 0, 435
1760724834, meta, 3000, 2714, 3, 0, 474
1760724836, meta, 3000, 2714, 2, 0, 418
1760724836, meta, 10000, 9975, 11, 0, 992
1760724839, meta, 10000, 9975, 12, 0, 966
1760724840, meta, 30000, 30797, 11, 0, 2475
1760724845, meta, 30000, 30797, 11, 0, 1023
1760724846, meta, 100000, 105903, 9, 0, 9240
1760724857, meta, 100000, 105903, 9, 0, 2179
1760725023, meta, 10, 28, 2, 0, 342
1760725025, meta, 10, 28, 2, 0, 364
1760725026, meta, 100, 28, 2, 0, 352
1760725028, meta, 100, 28, 2, 0, 344
1760725028, meta, 1000, 889, 3, 0, 409
1760725031, meta, 1000, 889, 3, 0, 353
1760725031, meta, 3000, 2714, 2, 0, 523
1760725034, meta, 3000, 2714, 3, 0, 440
1760725034, meta, 10000, 9976, 11, 0, 1010
1760725037, meta, 10000, 9976, 11, 0, 667
1760725038, meta, 30000, 30796, 11, 0, 2378
1760725042, meta, 30000, 30796, 10, 0, 2479
1760725045, meta, 100000, 105902, 11, 0, 9329
1760725056, meta, 100000, 105902, 11, 0, 9198
1760725238, meta, 10, 28, 2, 0, 309
1760725241, meta, 10, 28, 2, 0, 382
1760725241, meta, 100, 28, 2, 0, 263
1760725243, meta, 100, 28, 2, 0, 417
1760725244, meta, 1000, 889, 2, 0, 424
1760725246, meta, 1000, 889, 2, 0, 396
1760725247, meta, 3000, 2714, 3, 0, 483
1760725249, meta, 3000, 2714, 3, 0, 441
1760725249, meta, 10000, 9975, 11, 0, 935
1760725252, meta, 10000, 9975, 11, 0, 686
1760725253, meta, 30000, 30797, 10, 0, 2260
1760725257, meta, 30000, 30797, 11, 0, 1073
1760725258, meta, 100000, 105902, 9, 0, 9334
1760725270, meta, 100000, 105902, 13, 0, 9345
1760725445, meta, 10, 28, 2, 0, 650
1760725448, meta, 10, 28, 2, 0, 294
1760725448, meta, 100, 28, 2, 0, 292
1760725450, meta, 100, 28, 2, 0, 354
1760725451, meta, 1000, 889, 3, 0, 291
1760725453, meta, 1000, 889, 3, 0, 287
1760725453, meta, 3000, 2714, 3, 0, 427
1760725456, meta, 3000, 2714, 3, 0, 483
1760725456, meta, 10000, 9975, 11, 0, 1021
1760725459, meta, 10000, 9975, 11, 0, 1042
1760725460, meta, 30000, 30796, 79, 0, 3343
1760725466, meta, 30000, 30796, 10, 0, 2232
1760725468, meta, 100000, 105902, 358, 0, 15015
1760725485, meta, 100000, 105902, 271, 0, 7210
1760725667, meta, 10, 28, 2, 0, 301
1760725669, meta, 10, 28, 2, 0, 266
1760725670, meta, 100, 28, 2, 0, 294
1760725672, meta, 100, 28, 2, 0, 260
1760725672, meta, 1000, 889, 3, 0, 387
1760725675, meta, 1000, 889, 3, 0, 445
1760725675, meta, 3000, 2714, 3, 0, 460
1760725678, meta, 3000, 2714, 3, 0, 378
1760725678, meta, 10000, 9975, 11, 0, 904
1760725681, meta, 10000, 9975, 11, 0, 656
1760725681, meta, 30000, 30796, 290, 0, 6004
1760725689, meta, 30000, 30796, 12, 0, 995
1760725690, meta, 100000, 105903, 11, 0, 9208
1760725702, meta, 100000, 105903, 10, 0, 2040
1760725870, meta, 10, 28, 2, 0, 378
1760725872, meta, 10, 28, 2, 0, 415
1760725873, meta, 100, 28, 2, 0, 347
1760725875, meta, 100, 28, 2, 0, 343
1760725876, meta, 1000, 889, 2, 0, 477
1760725878, meta, 1000, 889, 2, 0, 399
1760725878, meta, 3000, 2714, 3, 0, 374
1760725881, meta, 3000, 2714, 3, 0, 352
1760725881, meta, 10000, 9975, 11, 0, 965
1760725884, meta, 10000, 9975, 11, 0, 673
1760725885, meta, 30000, 30796, 11, 0, 2352
1760725889, meta, 30000, 30796, 334, 0, 5020
1760725894, meta, 100000, 105902, 13, 0, 9300
1760725905, meta, 100000, 105902, 601, 0, 11949
1760726083, meta, 10, 28, 2, 0, 344
1760726086, meta, 10, 28, 2, 0, 359
1760726086, meta, 100, 28, 2, 0, 402
1760726088, meta, 100, 28, 2, 0, 364
1760726089, meta, 1000, 889, 3, 0, 354
1760726091, meta, 1000, 889, 3, 0, 348
1760726091, meta, 3000, 2714, 3, 0, 465
1760726094, meta, 3000, 2714, 3, 0, 422
1760726094, meta, 10000, 9975, 3, 0, 1010
1760726097, meta, 10000, 9975, 11, 0, 1089
1760726098, meta, 30000, 30796, 12, 0, 2348
1760726103, meta, 30000, 30796, 28, 0, 2595
1760726105, meta, 100000, 105903, 13, 0, 9284
1760726117, meta, 100000, 105903, 13, 0, 2318
1760726298, meta, 10, 28, 2, 0, 406
1760726300, meta, 10, 28, 2, 0, 280
1760726301, meta, 100, 28, 2, 0, 381
1760726303, meta, 100, 28, 2, 0, 383
1760726303, meta, 1000, 889, 3, 0, 379
1760726306, meta, 1000, 889, 3, 0, 382
1760726306, meta, 3000, 2714, 3, 0, 497
1760726309, meta, 3000, 2714, 3, 0, 490
1760726309, meta, 10000, 9976, 10, 0, 980
1760726312, meta, 10000, 9976, 11, 0, 532
1760726313, meta, 30000, 30796, 7, 0, 2211
1760726317, meta, 30000, 30796, 248, 0, 5511
1760726322, meta, 100000, 105903, 300, 0, 14319
1760726339, meta, 100000, 105903, 23, 0, 2422
1760726511, meta, 10, 28, 2, 0, 339
1760726514, meta, 10, 28, 2, 0, 347
1760726514, meta, 100, 28, 2, 0, 352
1760726516, meta, 100, 28, 2, 0, 296
1760726517, meta, 1000, 889, 3, 0, 298
1760726519, meta, 1000, 889, 3, 0, 468
1760726519, meta, 3000, 2715, 3, 0, 385
1760726522, meta, 3000, 2715, 2, 0, 435
1760726522, meta, 10000, 9975, 11, 0, 986
1760726525, meta, 10000, 9975, 11, 0, 623
1760726526, meta, 30000, 30796, 11, 0, 2332
1760726530, meta, 30000, 30796, 11, 0, 2174
1760726532, meta, 100000, 105902, 9, 0, 9120
1760726543, meta, 100000, 105902, 9, 0, 2319
1760726714, meta, 10, 28, 2, 0, 337
1760726716, meta, 10, 28, 2, 0, 416
1760726716, meta, 100, 28, 2, 0, 257
1760726719, meta, 100, 28, 2, 0, 425
1760726719, meta, 1000, 889, 3, 0, 283
1760726721, meta, 1000, 889, 3, 0, 286
1760726722, meta, 3000, 2714, 2, 0, 459
1760726724, meta, 3000, 2714, 3, 0, 402
1760726724, meta, 10000, 9975, 11, 0, 1002
1760726727, meta, 10000, 9975, 11, 0, 696
1760726728, meta, 30000, 30796, 9, 0, 2260
1760726732, meta, 30000, 30796, 289, 0, 6129
1760726739, meta, 100000, 105901, 9, 0, 9035
1760726750, meta, 100000, 105901, 10, 0, 9190
1760726930, meta, 10, 28, 2, 0, 353
1760726932, meta, 10, 28, 2, 0, 428
1760726933, meta, 100, 28, 2, 0, 355
1760726935, meta, 100, 28, 2, 0, 365
1760726935, meta, 1000, 889, 3, 0, 386
1760726938, meta, 1000, 889, 3, 0, 375
1760726938, meta, 3000, 2714, 3, 0, 452
1760726941, meta, 3000, 2714, 3, 0, 358
1760726941, meta, 10000, 9975, 3, 0, 790
1760726944, meta, 10000, 9975, 3, 0, 601
1760726944, meta, 30000, 30796, 12, 0, 2333
1760726949, meta, 30000, 30796, 11, 0, 1004
1760726950, meta, 100000, 105903, 31, 0, 9546
1760726961, meta, 100000, 105903, 11, 0, 9361
1760727143, meta, 10, 28, 2, 0, 389
1760727145, meta, 10, 28, 2, 0, 325
1760727145, meta, 100, 28, 2, 0, 354
1760727148, meta, 100, 28, 2, 0, 423
1760727148, meta, 1000, 889, 3, 0, 371
1760727150, meta, 1000, 889, 3, 0, 457
1760727151, meta, 3000, 2714, 3, 0, 436
1760727153, meta, 3000, 2714, 3, 0, 480
1760727154, meta, 10000, 9975, 11, 0, 991
1760727157, meta, 10000, 9975, 11, 0, 676
1760727158, meta, 30000, 30797, 11, 0, 2275
1760727162, meta, 30000, 30797, 11, 0, 2326
1760727164, meta, 100000, 105902, 49, 0, 9996
1760727176, meta, 100000, 105902, 53, 0, 9728
1760727353, meta, 10, 28, 2, 0, 341
1760727356, meta, 10, 28, 2, 0, 249
1760727356, meta, 100, 28, 2, 0, 351
1760727358, meta, 100, 28, 2, 0, 336
1760727359, meta, 1000, 890, 2, 0, 395
1760727361, meta, 1000, 890, 3, 0, 396
1760727361, meta, 3000, 2714, 3, 0, 381
1760727364, meta, 3000, 2714, 3, 0, 425
1760727364, meta, 10000, 9975, 11, 0, 993
1760727367, meta, 10000, 9975, 11, 0, 609
1760727368, meta, 30000, 30796, 11, 0, 2318
1760727372, meta, 30000, 30796, 11, 0, 969
1760727373, meta, 100000, 105903, 11, 0, 9282
1760727384, meta, 100000, 105903, 11, 0, 9180
1760727571, meta, 10, 28, 2, 0, 355
1760727573, meta, 10, 28, 2, 0, 267
1760727573, meta, 100, 28, 2, 0, 324
1760727576, meta, 100, 28, 2, 0, 377
1760727576, meta, 1000, 889, 3, 0, 456
1760727578, meta, 1000, 889, 2, 0, 399
1760727579, meta, 3000, 2714, 3, 0, 545
1760727581, meta, 3000, 2714, 3, 0, 479
1760727582, meta, 10000, 9975, 3, 0, 897
1760727585, meta, 10000, 9975, 11, 0, 1276
1760727586, meta, 30000, 30796, 12, 0, 2452
1760727591, meta, 30000, 30796, 196, 0, 5094
1760727596, meta, 100000, 105903, 405, 0, 15910
1760727614, meta, 100000, 105903, 11, 0, 2313
1760727791, meta, 10, 28, 2, 0, 460
1760727794, meta, 10, 28, 2, 0, 332
1760727794, meta, 100, 28, 2, 0, 348
1760727796, meta, 100, 28, 2, 0, 356
1760727797, meta, 1000, 889, 3, 0, 288
1760727799, meta, 1000, 889, 3, 0, 322
1760727799, meta, 3000, 2714, 3, 0, 530
1760727802, meta, 3000, 2714, 3, 0, 370
1760727802, meta, 10000, 9975, 11, 0, 994
1760727805, meta, 10000, 9975, 12, 0, 786
1760727806, meta, 30000, 30796, 11, 0, 2344
1760727810, meta, 30000, 30796, 15, 0, 2419
1760727813, meta, 100000, 105901, 9, 0, 9168
1760727824, meta, 100000, 105901, 55, 0, 2875
1760728006, meta, 10, 28, 2, 0, 405
1760728009, meta, 10, 28, 2, 0, 272
1760728009, meta, 100, 28, 2, 0, 348
1760728011, meta, 100, 28, 2, 0, 374
1760728012, meta, 1000, 890, 2, 0, 407
1760728014, meta, 1000, 890, 2, 0, 290
1760728014, meta, 3000, 2714, 3, 0, 405
1760728017, meta, 3000, 2714, 3, 0, 337
1760728017, meta, 10000, 9975, 11, 0, 934
1760728020, meta, 10000, 9975, 11, 0, 663
1760728021, meta, 30000, 30796, 12, 0, 2543
1760728025, meta, 30000, 30796, 12, 0, 1244
1760728027, meta, 100000, 105903, 430, 0, 16467
1760728045, meta, 100000, 105903, 12, 0, 9182
1760728224, meta, 10, 28, 2, 0, 272
1760728227, meta, 10, 28, 2, 0, 289
1760728227, meta, 100, 28, 2, 0, 383
1760728229, meta, 100, 28, 2, 0, 303
1760728230, meta, 1000, 889, 3, 0, 422
1760728232, meta, 1000, 889, 3, 0, 291
1760728232, meta, 3000, 2714, 3, 0, 419
1760728235, meta, 3000, 2714, 3, 0, 477
1760728235, meta, 10000, 9975, 11, 0, 931
1760728238, meta, 10000, 9975, 11, 0, 934
1760728239, meta, 30000, 30796, 13, 0, 2282
1760728243, meta, 30000, 30796, 11, 0, 924
1760728244, meta, 100000, 105903, 11, 0, 9318
1760728256, meta, 100000, 105903, 54, 0, 2694
1760728425, meta, 10, 28, 2, 0, 251
1760728427, meta, 10, 28, 2, 0, 288
1760728428, meta, 100, 28, 2, 0, 266
1760728430, meta, 100, 28, 2, 0, 416
1760728430, meta, 1000, 889, 3, 0, 349
1760728433, meta, 1000, 889, 3, 0, 292
1760728433, meta, 3000, 2714, 3, 0, 388
1760728435, meta, 3000, 2714, 3, 0, 366
1760728436, meta, 10000, 9975, 3, 0, 829
1760728439, meta, 10000, 9975, 11, 0, 601
1760728439, meta, 30000, 30796, 116, 0, 3951
1760728445, meta, 30000, 30796, 11, 0, 971
1760728446, meta, 100000, 105902, 9, 0, 9224
1760728457, meta, 100000, 105902, 9, 0, 2177
1760728624, meta, 10, 28, 2, 0, 253
1760728626, meta, 10, 28, 2, 0, 290
1760728626, meta, 100, 28, 2, 0, 277
1760728629, meta, 100, 28, 2, 0, 265
1760728629, meta, 1000, 889, 3, 0, 370
1760728631, meta, 1000, 889, 3, 0, 289
1760728632, meta, 3000, 2714, 2, 0, 391
1760728634, meta, 3000, 2714, 2, 0, 366
1760728634, meta, 10000, 9975, 3, 0, 946
1760728637, meta, 10000, 9975, 12, 0, 573
1760728638, meta, 30000, 30796, 10, 0, 2246
1760728642, meta, 30000, 30796, 12, 0, 908
1760728643, meta, 100000, 105902, 12, 0, 9244
1760728654, meta, 100000, 105902, 10, 0, 9220
1760728841, meta, 10, 28, 2, 0, 285
1760728843, meta, 10, 28, 2, 0, 356
1760728843, meta, 100, 28, 2, 0, 290
1760728846, meta, 100, 28, 2, 0, 269
1760728846, meta, 1000, 889, 3, 0, 267
1760728848, meta, 1000, 889, 3, 0, 285
1760728849, meta, 3000, 2714, 3, 0, 387
1760728851, meta, 3000, 2714, 3, 0, 434
1760728851, meta, 10000, 9975, 12, 0, 1077
1760728854, meta, 10000, 9975, 11, 0, 656
1760728855, meta, 30000, 30796, 11, 0, 2205
1760728859, meta, 30000, 30796, 10, 0, 2238
1760728862, meta, 100000, 105902, 11, 0, 9128
1760728873, meta, 100000, 105902, 13, 0, 2034
1760729045, meta, 10, 28, 2, 0, 357
1760729048, meta, 10, 28, 2, 0, 279
1760729048, meta, 100, 28, 2, 0, 327
1760729050, meta, 100, 28, 2, 0, 275
1760729051, meta, 1000, 889, 2, 0, 282
1760729053, meta, 1000, 889, 2, 0, 315
1760729053, meta, 3000, 2714, 3, 0, 388
1760729056, meta, 3000, 2714, 3, 0, 380
1760729056, meta, 10000, 9975, 11, 0, 1031
1760729059, meta, 10000, 9975, 11, 0, 906
1760729060, meta, 30000, 30796, 11, 0, 2233
1760729064, meta, 30000, 30796, 214, 0, 3890
1760729068, meta, 100000, 105903, 20, 0, 9307
1760729079, meta, 100000, 105903, 9, 0, 9097
1760729263, meta, 10, 28, 2, 0, 343
1760729265, meta, 10, 28, 2, 0, 279
1760729266, meta, 100, 28, 2, 0, 238
1760729268, meta, 100, 28, 2, 0, 260
1760729268, meta, 1000, 889, 3, 0, 287
1760729270, meta, 1000, 889, 2, 0, 430
1760729271, meta, 3000, 2714, 3, 0, 590
1760729273, meta, 3000, 2714, 2, 0, 359
1760729274, meta, 10000, 9975, 12, 0, 918
1760729277, meta, 10000, 9975, 11, 0, 555
1760729277, meta, 30000, 30796, 11, 0, 2182
1760729281, meta, 30000, 30796, 11, 0, 912
1760729282, meta, 100000, 105903, 11, 0, 9126
1760729294, meta, 100000, 105903, 17, 0, 2234
1760729465, meta, 10, 28, 2, 0, 274
1760729468, meta, 10, 28, 2, 0, 260
1760729468, meta, 100, 28, 2, 0, 263
1760729470, meta, 100, 28, 2, 0, 351
1760729470, meta, 1000, 889, 3, 0, 358
1760729473, meta, 1000, 889, 3, 0, 303
1760729473, meta, 3000, 2714, 3, 0, 412
1760729475, meta, 3000, 2714, 3, 0, 389
1760729476, meta, 10000, 9975, 11, 0, 906
1760729479, meta, 10000, 9975, 12, 0, 554
1760729479, meta, 30000, 30796, 34, 0, 2537
1760729484, meta, 30000, 30796, 116, 0, 2329
1760729486, meta, 100000, 105903, 9, 0, 9341
1760729498, meta, 100000, 105903, 371, 0, 14618
1760729679, meta, 10, 28, 2, 0, 258
1760729681, meta, 10, 28, 2, 0, 295
1760729682, meta, 100, 28, 2, 0, 374
1760729684, meta, 100, 28, 2, 0, 278
1760729684, meta, 1000, 889, 3, 0, 282
1760729687, meta, 1000, 889, 3, 0, 425
1760729687, meta, 3000, 2714, 3, 0, 375
1760729689, meta, 3000, 2714, 3, 0, 399
1760729690, meta, 10000, 9975, 11, 0, 944
1760729693, meta, 10000, 9975, 11, 0, 963
1760729694, meta, 30000, 30796, 14, 0, 2305
1760729698, meta, 30000, 30796, 11, 0, 2274
1760729700, meta, 100000, 105902, 9, 0, 9118
1760729711, meta, 100000, 105902, 9, 0, 2130
1760729895, meta, 10, 28, 2, 0, 261
1760729897, meta, 10, 28, 2, 0, 376
1760729898, meta, 100, 28, 2, 0, 280
1760729900, meta, 100, 28, 2, 0, 276
1760729900, meta, 1000, 889, 3, 0, 309
1760729903, meta, 1000, 889, 2, 0, 301
1760729903, meta, 3000, 2714, 3, 0, 380
1760729905, meta, 3000, 2714, 3, 0, 422
1760729906, meta, 10000, 9975, 11, 0, 963
1760729909, meta, 10000, 9975, 11, 0, 660
1760729909, meta, 30000, 30796, 12, 0, 2314
1760729914, meta, 30000, 30796, 10, 0, 902
1760729915, meta, 100000, 105902, 13, 0, 9308
1760729926, meta, 100000, 105902, 13, 0, 2336
1760730102, meta, 10, 28, 2, 0, 331
1760730104, meta, 10, 28, 2, 0, 274
1760730105, meta, 100, 28, 2, 0, 264
1760730107, meta, 100, 28, 2, 0, 429
1760730107, meta, 1000, 889, 3, 0, 305
1760730110, meta, 1000, 889, 3, 0, 415
1760730110, meta, 3000, 2714, 3, 0, 428
1760730113, meta, 3000, 2714, 3, 0, 477
1760730113, meta, 10000, 9975, 11, 0, 926
1760730116, meta, 10000, 9975, 11, 0, 1020
1760730117, meta, 30000, 30796, 11, 0, 2343
1760730121, meta, 30000, 30796, 203, 0, 3987
1760730125, meta, 100000, 105902, 9, 0, 9188
1760730136, meta, 100000, 105902, 10, 0, 9148
1760730379, meta, 10, 28, 2, 0, 386
1760730382, meta, 10, 28, 2, 0, 274
1760730382, meta, 100, 28, 2, 0, 270
1760730384, meta, 100, 28, 2, 0, 354
1760730384, meta, 1000, 889, 2, 0, 332
1760730387, meta, 1000, 889, 2, 0, 289
1760730387, meta, 3000, 2714, 3, 0, 473
1760730390, meta, 3000, 2714, 3, 0, 540
1760730390, meta, 10000, 9976, 12, 0, 964
1760730393, meta, 10000, 9976, 11, 0, 928
1760730394, meta, 30000, 30797, 10, 0, 2383
1760730398, meta, 30000, 30797, 11, 0, 2210
1760730401, meta, 100000, 105902, 11, 0, 9425
1760730412, meta, 100000, 105902, 504, 0, 10425
1760730588, meta, 10, 28, 2, 0, 374
1760730590, meta, 10, 28, 2, 0, 341
1760730590, meta, 100, 28, 2, 0, 337
1760730593, meta, 100, 28, 2, 0, 327
1760730593, meta, 1000, 890, 3, 0, 367
1760730596, meta, 1000, 890, 3, 0, 516
1760730596, meta, 3000, 2714, 3, 0, 405
1760730598, meta, 3000, 2714, 3, 0, 364
1760730599, meta, 10000, 9975, 11, 0, 900
1760730602, meta, 10000, 9975, 11, 0, 635
1760730602, meta, 30000, 30796, 118, 0, 3706
1760730608, meta, 30000, 30796, 11, 0, 959
1760730609, meta, 100000, 105901, 10, 0, 9273
1760730620, meta, 100000, 105901, 10, 0, 9346
1760730805, meta, 10, 28, 2, 0, 322
1760730807, meta, 10, 28, 2, 0, 299
1760730807, meta, 100, 28, 2, 0, 393
1760730810, meta, 100, 28, 2, 0, 328
1760730810, meta, 1000, 890, 2, 0, 281
1760730812, meta, 1000, 890, 2, 0, 490
1760730813, meta, 3000, 2714, 3, 0, 536
1760730815, meta, 3000, 2714, 3, 0, 514
1760730816, meta, 10000, 9975, 11, 0, 1020
1760730819, meta, 10000, 9975, 11, 0, 913
1760730820, meta, 30000, 30796, 61, 0, 3151
1760730825, meta, 30000, 30796, 70, 0, 3081
1760730828, meta, 100000, 105902, 9, 0, 9197
1760730839, meta, 100000, 0, 0, 0, 54945
1760731075, meta, 10, 28, 2, 0, 323
1760731078, meta, 10, 28, 2, 0, 345
1760731078, meta, 100, 28, 2, 0, 362
1760731080, meta, 100, 28, 2, 0, 270
1760731080, meta, 1000, 889, 3, 0, 285
1760731083, meta, 1000, 889, 3, 0, 289
1760731083, meta, 3000, 2714, 3, 0, 477
1760731086, meta, 3000, 2714, 3, 0, 463
1760731086, meta, 10000, 9975, 11, 0, 956
1760731089, meta, 10000, 9975, 11, 0, 1014
1760731090, meta, 30000, 30797, 11, 0, 2314
1760731094, meta, 30000, 30797, 11, 0, 1039
1760731095, meta, 100000, 105903, 322, 0, 14358
1760731112, meta, 100000, 105903, 9, 0, 9028
1760731285, meta, 10, 28, 2, 0, 371
1760731288, meta, 10, 28, 2, 0, 387
1760731288, meta, 100, 28, 2, 0, 244
1760731290, meta, 100, 28, 2, 0, 272
1760731291, meta, 1000, 889, 3, 0, 398
1760731293, meta, 1000, 889, 3, 0, 304
1760731293, meta, 3000, 2714, 2, 0, 400
1760731296, meta, 3000, 2714, 3, 0, 397
1760731296, meta, 10000, 9975, 11, 0, 991
1760731299, meta, 10000, 9975, 12, 0, 947
1760731300, meta, 30000, 30796, 12, 0, 2241
1760731304, meta, 30000, 30796, 12, 0, 898
1760731305, meta, 100000, 105903, 11, 0, 9253
1760731316, meta, 100000, 105903, 11, 0, 9295
1760731494, meta, 10, 28, 2, 0, 272
1760731496, meta, 10, 28, 2, 0, 353
1760731497, meta, 100, 28, 2, 0, 251
1760731499, meta, 100, 28, 2, 0, 265
1760731499, meta, 1000, 889, 2, 0, 362
1760731502, meta, 1000, 889, 2, 0, 313
1760731502, meta, 3000, 2714, 3, 0, 488
1760731504, meta, 3000, 2714, 3, 0, 359
1760731505, meta, 10000, 9975, 12, 0, 968
1760731508, meta, 10000, 9975, 11, 0, 625
1760731508, meta, 30000, 30796, 51, 0, 2957
1760731513, meta, 30000, 30796, 50, 0, 1446
1760731515, meta, 100000, 105904, 9, 0, 9148
1760731526, meta, 100000, 105904, 13, 0, 2136
1760731703, meta, 10, 28, 2, 0, 268
1760731705, meta, 10, 28, 2, 0, 297
1760731705, meta, 100, 28, 2, 0, 286
1760731708, meta, 100, 28, 2, 0, 293
1760731708, meta, 1000, 889, 3, 0, 334
1760731710, meta, 1000, 889, 3, 0, 371
1760731711, meta, 3000, 2714, 3, 0, 486
1760731713, meta, 3000, 2714, 3, 0, 370
1760731714, meta, 10000, 9975, 3, 0, 815
1760731716, meta, 10000, 9975, 11, 0, 546
1760731717, meta, 30000, 30796, 12, 0, 2220
1760731721, meta, 30000, 30796, 11, 0, 948
1760731722, meta, 100000, 105903, 11, 0, 9232
1760731733, meta, 100000, 105903, 8, 0, 2063
1760731901, meta, 10, 28, 2, 0, 357
1760731903, meta, 10, 28, 2, 0, 270
1760731904, meta, 100, 28, 2, 0, 284
1760731906, meta, 100, 28, 2, 0, 271
1760731906, meta, 1000, 889, 2, 0, 324
1760731908, meta, 1000, 889, 3, 0, 338
1760731909, meta, 3000, 2715, 3, 0, 409
1760731911, meta, 3000, 2715, 3, 0, 398
1760731912, meta, 10000, 9975, 11, 0, 1017
1760731915, meta, 10000, 9975, 11, 0, 557
1760731915, meta, 30000, 30796, 11, 0, 2259
1760731919, meta, 30000, 30796, 10, 0, 2186
1760731922, meta, 100000, 105902, 13, 0, 9427
1760731933, meta, 100000, 105902, 10, 0, 2394
1760732103, meta, 10, 28, 2, 0, 360
1760732105, meta, 10, 28, 2, 0, 291
1760732106, meta, 100, 28, 2, 0, 248
1760732108, meta, 100, 28, 2, 0, 354
1760732108, meta, 1000, 889, 3, 0, 291
1760732111, meta, 1000, 889, 3, 0, 403
1760732111, meta, 3000, 2714, 3, 0, 358
1760732113, meta, 3000, 2714, 3, 0, 321
1760732114, meta, 10000, 9975, 11, 0, 906
1760732117, meta, 10000, 9975, 11, 0, 964
1760732118, meta, 30000, 30796, 328, 0, 6692
1760732126, meta, 30000, 30796, 91, 0, 2142
1760732128, meta, 100000, 105901, 9, 0, 9107
1760732140, meta, 100000, 105901, 13, 0, 2217
1760732311, meta, 10, 28, 2, 0, 387
1760732313, meta, 10, 28, 2, 0, 303
1760732313, meta, 100, 28, 2, 0, 367
1760732316, meta, 100, 28, 2, 0, 368
1760732316, meta, 1000, 889, 3, 0, 332
1760732318, meta, 1000, 889, 3, 0, 353
1760732319, meta, 3000, 2714, 2, 0, 534
1760732321, meta, 3000, 2714, 3, 0, 374
1760732322, meta, 10000, 9975, 11, 0, 923
1760732324, meta, 10000, 9975, 11, 0, 950
1760732325, meta, 30000, 30796, 11, 0, 2295
1760732330, meta, 30000, 30796, 31, 0, 2707
1760732332, meta, 100000, 105903, 11, 0, 9153
1760732344, meta, 100000, 105903, 29, 0, 9349
1760732521, meta, 10, 28, 2, 0, 312
1760732523, meta, 10, 28, 2, 0, 354
1760732524, meta, 100, 28, 2, 0, 261
1760732526, meta, 100, 28, 2, 0, 270
1760732526, meta, 1000, 889, 2, 0, 336
1760732529, meta, 1000, 889, 3, 0, 274
1760732529, meta, 3000, 2714, 3, 0, 373
1760732531, meta, 3000, 2714, 3, 0, 499
1760732532, meta, 10000, 9975, 11, 0, 1079
1760732535, meta, 10000, 9975, 12, 0, 934
1760732536, meta, 30000, 30796, 11, 0, 2228
1760732540, meta, 30000, 30796, 11, 0, 929
1760732541, meta, 100000, 105903, 10, 0, 9233
1760732552, meta, 100000, 105903, 1383, 0, 30958
1760732758, meta, 10, 28, 2, 0, 328
1760732760, meta, 10, 28, 2, 0, 303
1760732760, meta, 100, 28, 2, 0, 350
1760732763, meta, 100, 28, 2, 0, 256
1760732763, meta, 1000, 889, 2, 0, 299
1760732765, meta, 1000, 889, 2, 0, 312
1760732766, meta, 3000, 2714, 3, 0, 363
1760732768, meta, 3000, 2714, 3, 0, 417
1760732768, meta, 10000, 9975, 11, 0, 969
1760732771, meta, 10000, 9975, 11, 0, 905
1760732772, meta, 30000, 30796, 72, 0, 3260
1760732778, meta, 30000, 30796, 96, 0, 3493
1760732781, meta, 100000, 105902, 13, 0, 9137
1760732792, meta, 100000, 105902, 24, 0, 2607
1760732964, meta, 10, 28, 2, 0, 268
1760732967, meta, 10, 28, 2, 0, 262
1760732967, meta, 100, 28, 2, 0, 251
1760732969, meta, 100, 28, 2, 0, 277
1760732969, meta, 1000, 889, 3, 0, 281
1760732972, meta, 1000, 889, 3, 0, 304
1760732972, meta, 3000, 2714, 3, 0, 382
1760732974, meta, 3000, 2714, 3, 0, 395
1760732975, meta, 10000, 9975, 11, 0, 1004
1760732978, meta, 10000, 9975, 10, 0, 867
1760732979, meta, 30000, 30796, 22, 0, 2463
1760732983, meta, 30000, 30796, 75, 0, 2949
1760732986, meta, 100000, 105902, 9, 0, 9040
1760732997, meta, 100000, 105902, 9, 0, 9116
1760733186, meta, 10, 28, 2, 0, 302
1760733188, meta, 10, 28, 2, 0, 242
1760733188, meta, 100, 28, 2, 0, 309
1760733191, meta, 100, 28, 2, 0, 290
1760733191, meta, 1000, 889, 2, 0, 312
1760733193, meta, 1000, 889, 3, 0, 291
1760733194, meta, 3000, 2714, 3, 0, 415
1760733196, meta, 3000, 2714, 3, 0, 370
1760733196, meta, 10000, 9975, 11, 0, 925
1760733199, meta, 10000, 9975, 3, 0, 832
1760733200, meta, 30000, 30797, 65, 0, 3176
1760733205, meta, 30000, 30797, 11, 0, 945
1760733206, meta, 100000, 105903, 10, 0, 9189
1760733217, meta, 100000, 105903, 9, 0, 9410
1760733393, meta, 10, 28, 2, 0, 267
1760733396, meta, 10, 28, 2, 0, 290
1760733396, meta, 100, 28, 2, 0, 309
1760733398, meta, 100, 28, 2, 0, 261
1760733398, meta, 1000, 889, 3, 0, 362
1760733401, meta, 1000, 889, 3, 0, 320
1760733401, meta, 3000, 2714, 3, 0, 426
1760733404, meta, 3000, 2714, 3, 0, 378
1760733404, meta, 10000, 9975, 11, 0, 986
1760733407, meta, 10000, 9975, 12, 0, 612
1760733408, meta, 30000, 30796, 11, 0, 2223
1760733412, meta, 30000, 30796, 12, 0, 978
1760733413, meta, 100000, 105903, 9, 0, 9243
1760733424, meta, 100000, 105903, 10, 0, 1991
1760733590, meta, 10, 28, 2, 0, 273
1760733593, meta, 10, 28, 2, 0, 323
1760733593, meta, 100, 28, 2, 0, 281
1760733595, meta, 100, 28, 2, 0, 307
1760733596, meta, 1000, 889, 3, 0, 266
1760733598, meta, 1000, 889, 3, 0, 436
1760733598, meta, 3000, 2715, 3, 0, 385
1760733601, meta, 3000, 2715, 3, 0, 372
1760733601, meta, 10000, 9975, 11, 0, 993
1760733604, meta, 10000, 9975, 11, 0, 969
1760733605, meta, 30000, 30796, 11, 0, 2252
1760733609, meta, 30000, 30796, 11, 0, 2256
1760733612, meta, 100000, 105904, 388, 0, 16156
1760733630, meta, 100000, 105904, 662, 0, 19924
1760733818, meta, 10, 28, 2, 0, 313
1760733820, meta, 10, 28, 2, 0, 347
1760733821, meta, 100, 28, 2, 0, 365
1760733823, meta, 100, 28, 2, 0, 314
1760733823, meta, 1000, 889, 3, 0, 405
1760733826, meta, 1000, 889, 3, 0, 349
1760733826, meta, 3000, 2714, 3, 0, 426
1760733829, meta, 3000, 2714, 3, 0, 445
1760733829, meta, 10000, 9975, 12, 0, 986
1760733832, meta, 10000, 9975, 8, 0, 563
1760733833, meta, 30000, 30796, 14, 0, 2315
1760733837, meta, 30000, 30796, 11, 0, 2261
1760733839, meta, 100000, 105903, 13, 0, 9330
1760733851, meta, 100000, 105903, 13, 0, 2345
1760734020, meta, 10, 28, 2, 0, 362
1760734023, meta, 10, 28, 2, 0, 338
1760734023, meta, 100, 28, 2, 0, 290
1760734025, meta, 100, 28, 2, 0, 352
1760734026, meta, 1000, 889, 3, 0, 331
1760734028, meta, 1000, 889, 3, 0, 429
1760734028, meta, 3000, 2714, 3, 0, 434
1760734031, meta, 3000, 2714, 3, 0, 520
1760734031, meta, 10000, 9975, 11, 0, 999
1760734034, meta, 10000, 9975, 8, 0, 620
1760734035, meta, 30000, 30796, 11, 0, 2275
1760734039, meta, 30000, 30796, 79, 0, 3310
1760734042, meta, 100000, 105902, 11, 0, 9154
1760734054, meta, 100000, 105902, 9, 0, 2178
1760734235, meta, 10, 28, 2, 0, 302
1760734238, meta, 10, 28, 2, 0, 298
1760734238, meta, 100, 28, 2, 0, 301
1760734240, meta, 100, 28, 2, 0, 314
1760734241, meta, 1000, 889, 3, 0, 332
1760734243, meta, 1000, 889, 3, 0, 389
1760734243, meta, 3000, 2714, 3, 0, 387
1760734246, meta, 3000, 2714, 3, 0, 365
1760734246, meta, 10000, 9975, 11, 0, 954
1760734249, meta, 10000, 9975, 11, 0, 559
1760734250, meta, 30000, 30796, 10, 0, 2213
1760734254, meta, 30000, 30796, 11, 0, 2170
1760734256, meta, 100000, 105903, 12, 0, 9121
1760734267, meta, 100000, 105903, 358, 0, 8231
1760734443, meta, 10, 28, 2, 0, 300
1760734445, meta, 10, 28, 2, 0, 275
1760734445, meta, 100, 28, 2, 0, 267
1760734448, meta, 100, 28, 2, 0, 360
1760734448, meta, 1000, 889, 2, 0, 352
1760734450, meta, 1000, 889, 2, 0, 384
1760734451, meta, 3000, 2714, 3, 0, 376
1760734453, meta, 3000, 2714, 3, 0, 407
1760734454, meta, 10000, 9975, 11, 0, 945
1760734457, meta, 10000, 9975, 11, 0, 917
1760734457, meta, 30000, 30796, 65, 0, 2965
1760734462, meta, 30000, 30796, 11, 0, 1244
1760734464, meta, 100000, 105902, 28, 0, 9340
1760734475, meta, 100000, 105902, 9, 0, 2248
1760734742, meta, 10, 28, 2, 0, 275
1760734744, meta, 10, 28, 2, 0, 311
1760734744, meta, 100, 28, 2, 0, 298
1760734747, meta, 100, 28, 2, 0, 266
1760734747, meta, 1000, 889, 3, 0, 327
1760734749, meta, 1000, 889, 3, 0, 342
1760734749, meta, 3000, 2714, 2, 0, 386
1760734752, meta, 3000, 2714, 3, 0, 407
1760734752, meta, 10000, 9975, 12, 0, 999
1760734755, meta, 10000, 9975, 12, 0, 938
1760734756, meta, 30000, 30796, 10, 0, 2243
1760734760, meta, 30000, 30796, 11, 0, 894
1760734761, meta, 100000, 105902, 11, 0, 9162
1760734772, meta, 100000, 105902, 406, 0, 8313
1760735489, meta, 10, 28, 2, 0, 309
1760735491, meta, 10, 28, 2, 0, 373
1760735492, meta, 100, 28, 2, 0, 258
1760735494, meta, 100, 28, 2, 0, 320
1760735494, meta, 1000, 889, 2, 0, 355
1760735497, meta, 1000, 889, 2, 0, 397
1760735497, meta, 3000, 2714, 2, 0, 426
1760735499, meta, 3000, 2714, 3, 0, 511
1760735500, meta, 10000, 9975, 11, 0, 902
1760735503, meta, 10000, 9975, 11, 0, 902
1760735504, meta, 30000, 30796, 13, 0, 2264
1760735508, meta, 30000, 30796, 71, 0, 3000
1760735511, meta, 100000, 105903, 9, 0, 9074
1760735522, meta, 100000, 105903, 11, 0, 2239
1760736229, meta, 10, 28, 2, 0, 258
1760736231, meta, 10, 28, 2, 0, 360
1760736231, meta, 100, 28, 2, 0, 309
1760736234, meta, 100, 28, 2, 0, 298
1760736234, meta, 1000, 889, 3, 0, 369
1760736236, meta, 1000, 889, 2, 0, 379
1760736237, meta, 3000, 2714, 2, 0, 423
1760736239, meta, 3000, 2714, 3, 0, 433
1760736240, meta, 10000, 9976, 12, 0, 926
1760736242, meta, 10000, 9976, 11, 0, 637
1760736243, meta, 30000, 30796, 14, 0, 2390
1760736247, meta, 30000, 30796, 12, 0, 2308
1760736250, meta, 100000, 105902, 13, 0, 9435
1760736261, meta, 100000, 105902, 456, 0, 9335
1760736997, meta, 10, 28, 2, 0, 370
1760737000, meta, 10, 28, 2, 0, 474
1760737000, meta, 100, 28, 2, 0, 419
1760737003, meta, 100, 28, 2, 0, 320
1760737003, meta, 1000, 889, 2, 0, 396
1760737005, meta, 1000, 889, 2, 0, 413
1760737006, meta, 3000, 2714, 3, 0, 467
1760737008, meta, 3000, 2714, 3, 0, 601
1760737009, meta, 10000, 9975, 11, 0, 953
1760737012, meta, 10000, 9975, 11, 0, 1068
1760737013, meta, 30000, 30796, 12, 0, 2645
1760737018, meta, 30000, 30796, 10, 0, 2316
1760737020, meta, 100000, 105902, 13, 0, 11139
1760737033, meta, 100000, 105902, 12, 0, 9307
1760737775, meta, 10, 28, 2, 0, 316
1760737778, meta, 10, 28, 2, 0, 292
1760737778, meta, 100, 28, 2, 0, 343
1760737780, meta, 100, 28, 2, 0, 393
1760737781, meta, 1000, 889, 3, 0, 352
1760737783, meta, 1000, 889, 3, 0, 409
1760737784, meta, 3000, 2714, 3, 0, 503
1760737786, meta, 3000, 2714, 3, 0, 395
1760737786, meta, 10000, 9975, 11, 0, 1087
1760737790, meta, 10000, 9975, 12, 0, 973
1760737790, meta, 30000, 30796, 11, 0, 2275
1760737795, meta, 30000, 30796, 13, 0, 1047
1760737796, meta, 100000, 105904, 9, 0, 9172
1760737807, meta, 100000, 105904, 10, 0, 2131
1760738514, meta, 10, 28, 2, 0, 388
1760738516, meta, 10, 28, 2, 0, 425
1760738517, meta, 100, 28, 2, 0, 334
1760738519, meta, 100, 28, 2, 0, 281
1760738519, meta, 1000, 889, 2, 0, 356
1760738522, meta, 1000, 889, 2, 0, 1647
1760738523, meta, 3000, 2714, 3, 0, 493
1760738526, meta, 3000, 2714, 3, 0, 342
1760738526, meta, 10000, 9975, 11, 0, 921
1760738529, meta, 10000, 9975, 11, 0, 902
1760738530, meta, 30000, 30796, 12, 0, 2236
1760738534, meta, 30000, 30796, 72, 0, 2188
1760738536, meta, 100000, 105902, 278, 0, 15023
1760738553, meta, 100000, 105902, 12, 0, 2096
1760739257, meta, 10, 28, 2, 0, 285
1760739259, meta, 10, 28, 2, 0, 408
1760739260, meta, 100, 28, 2, 0, 472
1760739262, meta, 100, 28, 2, 0, 382
1760739262, meta, 1000, 889, 3, 0, 355
1760739265, meta, 1000, 889, 3, 0, 355
1760739265, meta, 3000, 2714, 3, 0, 448
1760739268, meta, 3000, 2714, 3, 0, 408
1760739268, meta, 10000, 9975, 11, 0, 962
1760739271, meta, 10000, 9975, 11, 0, 940
1760739272, meta, 30000, 30796, 12, 0, 2232
1760739276, meta, 30000, 30796, 11, 0, 2252
1760739278, meta, 100000, 105902, 427, 0, 16895
1760739297, meta, 100000, 105902, 9, 0, 2425
1760740005, meta, 10, 28, 2, 0, 341
1760740007, meta, 10, 28, 2, 0, 359
1760740007, meta, 100, 28, 2, 0, 283
1760740010, meta, 100, 28, 2, 0, 304
1760740010, meta, 1000, 889, 3, 0, 295
1760740012, meta, 1000, 889, 3, 0, 292
1760740013, meta, 3000, 2715, 3, 0, 486
1760740015, meta, 3000, 2715, 3, 0, 421
1760740016, meta, 10000, 9975, 11, 0, 1013
1760740019, meta, 10000, 9975, 11, 0, 971
1760740019, meta, 30000, 30796, 12, 0, 2251
1760740024, meta, 30000, 30796, 12, 0, 1028
1760740025, meta, 100000, 105902, 374, 0, 15470
1760740042, meta, 100000, 105902, 9, 0, 9314
1760740179, meta, 10, 28, 2, 0, 274
1760740181, meta, 10, 28, 2, 0, 333
1760740181, meta, 100, 28, 2, 0, 345
1760740184, meta, 100, 28, 2, 0, 409
1760740184, meta, 1000, 889, 3, 0, 270
1760740186, meta, 1000, 889, 3, 0, 332
1760740187, meta, 3000, 2714, 3, 0, 474
1760740189, meta, 3000, 2714, 3, 0, 457
1760740190, meta, 10000, 9975, 11, 0, 967
1760740193, meta, 10000, 9975, 11, 0, 732
1760740193, meta, 30000, 30796, 211, 0, 4877
1760740200, meta, 30000, 30796, 11, 0, 2265
1760740203, meta, 100000, 105902, 11, 0, 9162
1760740214, meta, 100000, 105902, 13, 0, 9203
1760743944, meta, 10, 28, 2, 0, 349
1760743946, meta, 10, 28, 2, 0, 335
1760743946, meta, 100, 28, 2, 0, 355
1760743949, meta, 100, 28, 2, 0, 343
1760743949, meta, 1000, 889, 3, 0, 349
1760743951, meta, 1000, 889, 3, 0, 296
1760743952, meta, 3000, 2714, 3, 0, 396
1760743954, meta, 3000, 2714, 3, 0, 419
1760743954, meta, 10000, 9975, 11, 0, 959
1760743957, meta, 10000, 9975, 11, 0, 992
1760743958, meta, 30000, 30796, 70, 0, 3130
1760743964, meta, 30000, 30796, 125, 0, 3887
1760743967, meta, 100000, 105903, 10, 0, 9293
1760743979, meta, 100000, 105903, 9, 0, 9236
1760747702, meta, 10, 28, 2, 0, 348
1760747704, meta, 10, 28, 2, 0, 270
1760747704, meta, 100, 28, 2, 0, 365
1760747707, meta, 100, 28, 2, 0, 293
1760747707, meta, 1000, 889, 3, 0, 373
1760747709, meta, 1000, 889, 3, 0, 370
1760747710, meta, 3000, 2714, 3, 0, 464
1760747712, meta, 3000, 2714, 3, 0, 352
1760747713, meta, 10000, 9975, 11, 0, 1001
1760747716, meta, 10000, 9975, 11, 0, 582
1760747716, meta, 30000, 30796, 12, 0, 2375
1760747721, meta, 30000, 30796, 64, 0, 1751
1760747722, meta, 100000, 105902, 9, 0, 9271
1760747734, meta, 100000, 105902, 10, 0, 2030
1760751453, meta, 10, 28, 2, 0, 362
1760751456, meta, 10, 28, 2, 0, 327
1760751456, meta, 100, 28, 2, 0, 357
1760751459, meta, 100, 28, 2, 0, 324
1760751459, meta, 1000, 889, 3, 0, 317
1760751461, meta, 1000, 889, 3, 0, 308
1760751461, meta, 3000, 2714, 2, 0, 443
1760751464, meta, 3000, 2714, 2, 0, 423
1760751464, meta, 10000, 9975, 11, 0, 896
1760751467, meta, 10000, 9975, 11, 0, 958
1760751468, meta, 30000, 30796, 11, 0, 2301
1760751472, meta, 30000, 30796, 11, 0, 2348
1760751475, meta, 100000, 105902, 394, 0, 15445
1760751492, meta, 100000, 105902, 9, 0, 9101
1760755213, meta, 10, 28, 2, 0, 286
1760755215, meta, 10, 28, 2, 0, 293
1760755215, meta, 100, 28, 2, 0, 303
1760755218, meta, 100, 28, 2, 0, 297
1760755218, meta, 1000, 889, 3, 0, 342
1760755220, meta, 1000, 889, 3, 0, 408
1760755221, meta, 3000, 2714, 3, 0, 386
1760755223, meta, 3000, 2714, 2, 0, 478
1760755223, meta, 10000, 9975, 11, 0, 974
1760755226, meta, 10000, 9975, 11, 0, 984
1760755227, meta, 30000, 30796, 11, 0, 2278
1760755232, meta, 30000, 30796, 91, 0, 3317
1760755235, meta, 100000, 105903, 13, 0, 9194
1760755246, meta, 100000, 105903, 372, 0, 9533
1760758969, meta, 10, 28, 2, 0, 306
1760758971, meta, 10, 28, 2, 0, 314
1760758971, meta, 100, 28, 2, 0, 309
1760758974, meta, 100, 28, 2, 0, 398
1760758974, meta, 1000, 889, 3, 0, 354
1760758976, meta, 1000, 889, 3, 0, 306
1760758977, meta, 3000, 2714, 3, 0, 507
1760758979, meta, 3000, 2714, 3, 0, 442
1760758980, meta, 10000, 9975, 11, 0, 962
1760758983, meta, 10000, 9975, 11, 0, 1037
1760758984, meta, 30000, 30796, 11, 0, 2253
1760758988, meta, 30000, 30796, 13, 0, 2261
1760758990, meta, 100000, 105903, 166, 0, 12690
1760759005, meta, 100000, 105903, 385, 0, 16179
1760762732, meta, 10, 28, 2, 0, 324
1760762735, meta, 10, 28, 2, 0, 421
1760762735, meta, 100, 28, 2, 0, 280
1760762737, meta, 100, 28, 2, 0, 326
1760762738, meta, 1000, 889, 3, 0, 340
1760762740, meta, 1000, 889, 3, 0, 365
1760762740, meta, 3000, 2714, 3, 0, 433
1760762743, meta, 3000, 2714, 3, 0, 483
1760762743, meta, 10000, 9976, 12, 0, 969
1760762746, meta, 10000, 9976, 11, 0, 587
1760762747, meta, 30000, 30796, 11, 0, 2584
1760762751, meta, 30000, 30796, 12, 0, 2265
1760762754, meta, 100000, 105903, 13, 0, 9797
1760762765, meta, 100000, 105903, 370, 0, 15207
1760766490, meta, 10, 28, 2, 0, 387
1760766492, meta, 10, 28, 2, 0, 268
1760766493, meta, 100, 28, 2, 0, 415
1760766495, meta, 100, 28, 2, 0, 265
1760766495, meta, 1000, 889, 3, 0, 278
1760766498, meta, 1000, 889, 3, 0, 382
1760766498, meta, 3000, 2714, 2, 0, 488
1760766501, meta, 3000, 2714, 2, 0, 389
1760766501, meta, 10000, 9975, 2, 0, 851
1760766504, meta, 10000, 9975, 3, 0, 896
1760766505, meta, 30000, 30796, 10, 0, 2282
1760766509, meta, 30000, 30796, 11, 0, 894
1760766510, meta, 100000, 105902, 8, 0, 9129
1760766521, meta, 100000, 105902, 13, 0, 1993
1760770236, meta, 10, 28, 2, 0, 308
1760770239, meta, 10, 28, 2, 0, 331
1760770239, meta, 100, 28, 2, 0, 308
1760770241, meta, 100, 28, 2, 0, 261
1760770242, meta, 1000, 889, 3, 0, 271
1760770244, meta, 1000, 889, 3, 0, 416
1760770244, meta, 3000, 2714, 2, 0, 588
1760770247, meta, 3000, 2714, 2, 0, 396
1760770247, meta, 10000, 9975, 11, 0, 926
1760770250, meta, 10000, 9975, 11, 0, 960
1760770251, meta, 30000, 30796, 11, 0, 2253
1760770256, meta, 30000, 30796, 11, 0, 2311
1760770258, meta, 100000, 105902, 52, 0, 10058
1760770270, meta, 100000, 105902, 8, 0, 2215
1760773991, meta, 10, 28, 2, 0, 267
1760773994, meta, 10, 28, 2, 0, 343
1760773994, meta, 100, 28, 2, 0, 255
1760773996, meta, 100, 28, 2, 0, 344
1760773996, meta, 1000, 889, 2, 0, 297
1760773999, meta, 1000, 889, 2, 0, 397
1760773999, meta, 3000, 2714, 3, 0, 387
1760774002, meta, 3000, 2714, 3, 0, 447
1760774002, meta, 10000, 9975, 11, 0, 958
1760774005, meta, 10000, 9975, 10, 0, 669
1760774006, meta, 30000, 30797, 12, 0, 2284
1760774010, meta, 30000, 30797, 12, 0, 2311
1760774012, meta, 100000, 105904, 677, 0, 19847
1760774034, meta, 100000, 105904, 10, 0, 9242
1760777810, meta, 10, 28, 2, 0, 332
1760777813, meta, 10, 28, 2, 0, 292
1760777813, meta, 100, 28, 2, 0, 401
1760777815, meta, 100, 28, 2, 0, 285
1760777816, meta, 1000, 889, 3, 0, 358
1760777818, meta, 1000, 889, 3, 0, 367
1760777818, meta, 3000, 2714, 3, 0, 435
1760777821, meta, 3000, 2714, 3, 0, 432
1760777821, meta, 10000, 9975, 10, 0, 992
1760777824, meta, 10000, 9975, 11, 0, 636
1760777825, meta, 30000, 30796, 11, 0, 2387
1760777829, meta, 30000, 30796, 67, 0, 3127
1760777832, meta, 100000, 105903, 9, 0, 9381
1760777844, meta, 100000, 105903, 10, 0, 9321
1760781561, meta, 10, 28, 2, 0, 418
1760781564, meta, 10, 28, 2, 0, 413
1760781564, meta, 100, 28, 2, 0, 329
1760781566, meta, 100, 28, 2, 0, 334
1760781567, meta, 1000, 889, 2, 0, 369
1760781569, meta, 1000, 889, 3, 0, 371
1760781570, meta, 3000, 2714, 3, 0, 398
1760781572, meta, 3000, 2714, 3, 0, 420
1760781572, meta, 10000, 9975, 11, 0, 897
1760781575, meta, 10000, 9975, 12, 0, 612
1760781576, meta, 30000, 30796, 11, 0, 2342
1760781580, meta, 30000, 30796, 11, 0, 2269
1760781583, meta, 100000, 105902, 360, 0, 14694
1760781599, meta, 100000, 105902, 9, 0, 9295
1760785331, meta, 10, 28, 2, 0, 425
1760785333, meta, 10, 28, 2, 0, 379
1760785333, meta, 100, 28, 2, 0, 348
1760785336, meta, 100, 28, 2, 0, 375
1760785336, meta, 1000, 889, 2, 0, 404
1760785339, meta, 1000, 889, 3, 0, 423
1760785339, meta, 3000, 2714, 3, 0, 476
1760785341, meta, 3000, 2714, 3, 0, 425
1760785342, meta, 10000, 9975, 11, 0, 1000
1760785345, meta, 10000, 9975, 11, 0, 986
1760785346, meta, 30000, 30796, 11, 0, 2514
1760785350, meta, 30000, 30796, 10, 0, 985
1760785351, meta, 100000, 105903, 10, 0, 9083
1760785362, meta, 100000, 105903, 333, 0, 14499
1760789089, meta, 10, 28, 2, 0, 291
1760789091, meta, 10, 28, 2, 0, 323
1760789091, meta, 100, 28, 2, 0, 287
1760789094, meta, 100, 28, 2, 0, 417
1760789094, meta, 1000, 889, 3, 0, 313
1760789096, meta, 1000, 889, 3, 0, 312
1760789097, meta, 3000, 2714, 3, 0, 415
1760789099, meta, 3000, 2714, 3, 0, 432
1760789099, meta, 10000, 9975, 11, 0, 950
1760789102, meta, 10000, 9975, 11, 0, 601
1760789103, meta, 30000, 30796, 34, 0, 2749
1760789108, meta, 30000, 30796, 36, 0, 2711
1760789110, meta, 100000, 105902, 13, 0, 9493
1760789122, meta, 100000, 105902, 265, 0, 13644
1760792848, meta, 10, 28, 2, 0, 260
1760792850, meta, 10, 28, 2, 0, 290
1760792851, meta, 100, 28, 2, 0, 357
1760792853, meta, 100, 28, 2, 0, 348
1760792853, meta, 1000, 889, 3, 0, 323
1760792856, meta, 1000, 889, 3, 0, 297
1760792856, meta, 3000, 2714, 3, 0, 393
1760792858, meta, 3000, 2714, 3, 0, 371
1760792859, meta, 10000, 9975, 12, 0, 919
1760792862, meta, 10000, 9975, 11, 0, 1007
1760792863, meta, 30000, 30796, 12, 0, 2333
1760792867, meta, 30000, 30796, 12, 0, 1253
1760792868, meta, 100000, 105902, 537, 0, 17607
1760792888, meta, 100000, 105902, 12, 0, 2345
1760796613, meta, 10, 28, 2, 0, 801
1760796616, meta, 10, 28, 2, 0, 589
1760796617, meta, 100, 28, 2, 0, 393
1760796619, meta, 100, 28, 2, 0, 301
1760796619, meta, 1000, 889, 2, 0, 365
1760796622, meta, 1000, 889, 2, 0, 340
1760796622, meta, 3000, 2714, 3, 0, 403
1760796624, meta, 3000, 2714, 3, 0, 460
1760796625, meta, 10000, 9975, 11, 0, 1009
1760796628, meta, 10000, 9975, 11, 0, 943
1760796629, meta, 30000, 30796, 308, 0, 6766
1760796638, meta, 30000, 30796, 273, 0, 6197
1760796644, meta, 100000, 105902, 11, 0, 9454
1760796655, meta, 100000, 105902, 9, 0, 9113
1760800375, meta, 10, 28, 2, 0, 258
1760800377, meta, 10, 28, 2, 0, 290
1760800377, meta, 100, 28, 2, 0, 348
1760800380, meta, 100, 28, 2, 0, 400
1760800380, meta, 1000, 889, 3, 0, 456
1760800383, meta, 1000, 889, 3, 0, 314
1760800383, meta, 3000, 2714, 3, 0, 378
1760800385, meta, 3000, 2714, 3, 0, 337
1760800386, meta, 10000, 9975, 11, 0, 917
1760800389, meta, 10000, 9975, 11, 0, 848
1760800389, meta, 30000, 30797, 11, 0, 2291
1760800394, meta, 30000, 30797, 11, 0, 943
1760800395, meta, 100000, 105902, 57, 0, 10036
1760800407, meta, 100000, 105902, 9, 0, 9336
1760804197, meta, 10, 28, 2, 0, 298
1760804200, meta, 10, 28, 2, 0, 274
1760804200, meta, 100, 28, 2, 0, 273
1760804202, meta, 100, 28, 2, 0, 259
1760804202, meta, 1000, 889, 2, 0, 319
1760804205, meta, 1000, 889, 3, 0, 302
1760804205, meta, 3000, 2714, 3, 0, 436
1760804207, meta, 3000, 2714, 3, 0, 438
1760804208, meta, 10000, 9975, 11, 0, 1017
1760804211, meta, 10000, 9975, 12, 0, 1043
1760804212, meta, 30000, 30796, 347, 0, 6628
1760804221, meta, 30000, 30796, 13, 0, 969
1760804222, meta, 100000, 105901, 12, 0, 9100
1760804233, meta, 100000, 105901, 11, 0, 9088
1760807953, meta, 10, 28, 2, 0, 363
1760807956, meta, 10, 28, 2, 0, 369
1760807956, meta, 100, 28, 2, 0, 315
1760807959, meta, 100, 28, 2, 0, 326
1760807959, meta, 1000, 889, 3, 0, 367
1760807961, meta, 1000, 889, 3, 0, 378
1760807962, meta, 3000, 2714, 3, 0, 844
1760807964, meta, 3000, 2714, 3, 0, 468
1760807965, meta, 10000, 9975, 11, 0, 991
1760807968, meta, 10000, 9975, 11, 0, 1035
1760807969, meta, 30000, 30796, 12, 0, 2334
1760807973, meta, 30000, 30796, 229, 0, 5281
1760807979, meta, 100000, 105901, 12, 0, 9227
1760807990, meta, 100000, 0, 0, 0, -1000
1760811700, meta, 10, 28, 2, 0, 254
1760811702, meta, 10, 28, 2, 0, 399
1760811702, meta, 100, 28, 2, 0, 345
1760811705, meta, 100, 28, 2, 0, 397
1760811705, meta, 1000, 889, 3, 0, 358
1760811707, meta, 1000, 889, 3, 0, 310
1760811708, meta, 3000, 2714, 3, 0, 449
1760811710, meta, 3000, 2714, 3, 0, 472
1760811711, meta, 10000, 9975, 11, 0, 960
1760811713, meta, 10000, 9975, 11, 0, 660
1760811714, meta, 30000, 30796, 9, 0, 2321
1760811718, meta, 30000, 30796, 11, 0, 1099
1760811720, meta, 100000, 105902, 9, 0, 9473
1760811731, meta, 100000, 105902, 2798, 0, 51786
1760815500, meta, 10, 28, 2, 0, 378
1760815502, meta, 10, 28, 2, 0, 358
1760815503, meta, 100, 28, 2, 0, 390
1760815505, meta, 100, 28, 2, 0, 385
1760815506, meta, 1000, 889, 2, 0, 323
1760815508, meta, 1000, 889, 3, 0, 488
1760815508, meta, 3000, 2714, 3, 0, 454
1760815511, meta, 3000, 2714, 3, 0, 406
1760815511, meta, 10000, 9975, 11, 0, 1078
1760815514, meta, 10000, 9975, 11, 0, 586
1760815515, meta, 30000, 30796, 47, 0, 2818
1760815520, meta, 30000, 30796, 14, 0, 866
1760815521, meta, 100000, 0, 0, 0, -1000
1760815524, meta, 100000, 105902, 21, 0, 9317
1760819307, meta, 10, 28, 2, 0, 396
1760819309, meta, 10, 28, 2, 0, 366
1760819309, meta, 100, 28, 2, 0, 347
1760819312, meta, 100, 28, 2, 0, 319
1760819312, meta, 1000, 889, 3, 0, 325
1760819314, meta, 1000, 889, 3, 0, 372
1760819315, meta, 3000, 2714, 2, 0, 641
1760819317, meta, 3000, 2714, 2, 0, 409
1760819318, meta, 10000, 9975, 11, 0, 973
1760819321, meta, 10000, 9975, 11, 0, 864
1760819322, meta, 30000, 30796, 11, 0, 2314
1760819326, meta, 30000, 30796, 242, 0, 3718
1760819330, meta, 100000, 105903, 330, 0, 14787
1760819346, meta, 100000, 105903, 13, 0, 9009
1760823071, meta, 10, 28, 2, 0, 280
1760823073, meta, 10, 28, 2, 0, 296
1760823073, meta, 100, 28, 2, 0, 264
1760823075, meta, 100, 28, 2, 0, 283
1760823076, meta, 1000, 889, 2, 0, 274
1760823078, meta, 1000, 889, 3, 0, 290
1760823078, meta, 3000, 2714, 3, 0, 412
1760823081, meta, 3000, 2714, 3, 0, 402
1760823081, meta, 10000, 9975, 11, 0, 932
1760823084, meta, 10000, 9975, 11, 0, 1024
1760823085, meta, 30000, 30796, 66, 0, 3104
1760823090, meta, 30000, 30796, 12, 0, 915
1760823091, meta, 100000, 0, 0, 0, -1000
1760823094, meta, 100000, 0, 0, 0, -1000
1760826804, meta, 10, 28, 2, 0, 320
1760826806, meta, 10, 28, 2, 0, 299
1760826807, meta, 100, 28, 2, 0, 389
1760826809, meta, 100, 28, 2, 0, 319
1760826809, meta, 1000, 889, 3, 0, 401
1760826812, meta, 1000, 889, 3, 0, 394
1760826812, meta, 3000, 2714, 3, 0, 488
1760826815, meta, 3000, 2714, 3, 0, 357
1760826815, meta, 10000, 9976, 3, 0, 812
1760826818, meta, 10000, 9976, 12, 0, 995
1760826819, meta, 30000, 30796, 11, 0, 2180
1760826823, meta, 30000, 30796, 15, 0, 949
1760826824, meta, 100000, 105902, 9, 0, 10898
1760826837, meta, 100000, 0, 0, 0, -1000
1760830555, meta, 10, 28, 2, 0, 319
1760830557, meta, 10, 28, 2, 0, 355
1760830557, meta, 100, 28, 2, 0, 361
1760830560, meta, 100, 28, 2, 0, 598
1760830560, meta, 1000, 889, 3, 0, 607
1760830563, meta, 1000, 889, 3, 0, 397
1760830563, meta, 3000, 2715, 3, 0, 450
1760830566, meta, 3000, 2715, 3, 0, 454
1760830566, meta, 10000, 9975, 11, 0, 1032
1760830569, meta, 10000, 9975, 11, 0, 760
1760830570, meta, 30000, 30796, 11, 0, 2296
1760830574, meta, 30000, 30796, 187, 0, 4538
1760830579, meta, 100000, 105903, 437, 0, 16501
1760830597, meta, 100000, 105903, 472, 0, 9354
1760834321, meta, 10, 28, 2, 0, 358
1760834323, meta, 10, 28, 2, 0, 349
1760834323, meta, 100, 28, 2, 0, 259
1760834326, meta, 100, 28, 2, 0, 334
1760834326, meta, 1000, 889, 3, 0, 374
1760834328, meta, 1000, 889, 3, 0, 391
1760834329, meta, 3000, 2714, 3, 0, 374
1760834331, meta, 3000, 2714, 3, 0, 497
1760834332, meta, 10000, 9975, 11, 0, 921
1760834335, meta, 10000, 9975, 11, 0, 649
1760834335, meta, 30000, 30797, 10, 0, 2600
1760834340, meta, 30000, 30797, 11, 0, 2203
1760834342, meta, 100000, 105902, 9, 0, 10590
1760834355, meta, 100000, 105902, 11, 0, 2222
1760838066, meta, 10, 28, 2, 0, 356
1760838068, meta, 10, 28, 2, 0, 315
1760838069, meta, 100, 28, 2, 0, 344
1760838071, meta, 100, 28, 2, 0, 327
1760838071, meta, 1000, 889, 2, 0, 367
1760838074, meta, 1000, 889, 3, 0, 408
1760838074, meta, 3000, 2714, 3, 0, 498
1760838076, meta, 3000, 2714, 3, 0, 416
1760838077, meta, 10000, 9975, 11, 0, 1000
1760838080, meta, 10000, 9975, 11, 0, 673
1760838081, meta, 30000, 30797, 54, 0, 2923
1760838085, meta, 30000, 30797, 10, 0, 1124
1760838087, meta, 100000, 105902, 13, 0, 9278
1760838098, meta, 100000, 105902, 9, 0, 2205
1760841804, meta, 10, 28, 2, 0, 300
1760841806, meta, 10, 28, 2, 0, 374
1760841807, meta, 100, 28, 2, 0, 382
1760841809, meta, 100, 28, 2, 0, 384
1760841809, meta, 1000, 889, 3, 0, 402
1760841812, meta, 1000, 889, 3, 0, 373
1760841812, meta, 3000, 2714, 3, 0, 500
1760841815, meta, 3000, 2714, 3, 0, 466
1760841815, meta, 10000, 9975, 3, 0, 826
1760841818, meta, 10000, 9975, 12, 0, 1050
1760841819, meta, 30000, 30796, 71, 0, 3177
1760841824, meta, 30000, 30796, 203, 0, 5151
1760841829, meta, 100000, 105901, 9, 0, 9227
1760841841, meta, 100000, 105901, 500, 0, 10040
1760845567, meta, 10, 28, 2, 0, 336
1760845570, meta, 10, 28, 2, 0, 338
1760845570, meta, 100, 28, 2, 0, 352
1760845572, meta, 100, 28, 2, 0, 361
1760845573, meta, 1000, 889, 3, 0, 353
1760845575, meta, 1000, 889, 2, 0, 339
1760845576, meta, 3000, 2714, 3, 0, 517
1760845578, meta, 3000, 2714, 3, 0, 528
1760845579, meta, 10000, 9975, 11, 0, 1015
1760845582, meta, 10000, 9975, 11, 0, 973
1760845583, meta, 30000, 30796, 50, 0, 2832
1760845587, meta, 30000, 30796, 39, 0, 2854
1760845590, meta, 100000, 105902, 9, 0, 9039
1760845601, meta, 100000, 105902, 488, 0, 16768
1760849398, meta, 10, 28, 2, 0, 404
1760849401, meta, 10, 28, 2, 0, 402
1760849401, meta, 100, 28, 2, 0, 326
1760849403, meta, 100, 28, 2, 0, 349
1760849404, meta, 1000, 889, 3, 0, 334
1760849406, meta, 1000, 889, 3, 0, 343
1760849406, meta, 3000, 2714, 3, 0, 455
1760849409, meta, 3000, 2714, 3, 0, 478
1760849409, meta, 10000, 9975, 11, 0, 1025
1760849412, meta, 10000, 9975, 12, 0, 1056
1760849413, meta, 30000, 30796, 9, 0, 2298
1760849418, meta, 30000, 30796, 90, 0, 1980
1760849420, meta, 100000, 105902, 9, 0, 9362
1760849431, meta, 100000, 105902, 264, 0, 13452
1760853153, meta, 10, 28, 2, 0, 370
1760853155, meta, 10, 28, 2, 0, 403
1760853156, meta, 100, 28, 2, 0, 383
1760853158, meta, 100, 28, 2, 0, 327
1760853158, meta, 1000, 889, 3, 0, 361
1760853161, meta, 1000, 889, 3, 0, 350
1760853161, meta, 3000, 2714, 3, 0, 535
1760853164, meta, 3000, 2714, 3, 0, 460
1760853164, meta, 10000, 9975, 12, 0, 987
1760853167, meta, 10000, 9975, 3, 0, 687
1760853168, meta, 30000, 30796, 11, 0, 2299
1760853172, meta, 30000, 30796, 11, 0, 2732
1760853175, meta, 100000, 105903, 13, 0, 9252
1760853186, meta, 100000, 105903, 9, 0, 2128
1760856901, meta, 10, 28, 2, 0, 284
1760856903, meta, 10, 28, 2, 0, 336
1760856903, meta, 100, 28, 2, 0, 324
1760856906, meta, 100, 28, 2, 0, 323
1760856906, meta, 1000, 889, 3, 0, 386
1760856908, meta, 1000, 889, 3, 0, 271
1760856909, meta, 3000, 2714, 3, 0, 449
1760856911, meta, 3000, 2714, 3, 0, 432
1760856911, meta, 10000, 9975, 11, 0, 967
1760856914, meta, 10000, 9975, 8, 0, 595
1760856915, meta, 30000, 30796, 11, 0, 2362
1760856919, meta, 30000, 30796, 13, 0, 984
1760856920, meta, 100000, 105903, 9, 0, 9001
1760856931, meta, 100000, 105903, 519, 0, 17208
1760860663, meta, 10, 28, 2, 0, 361
1760860665, meta, 10, 28, 2, 0, 370
1760860665, meta, 100, 28, 2, 0, 338
1760860668, meta, 100, 28, 2, 0, 317
1760860668, meta, 1000, 889, 2, 0, 339
1760860670, meta, 1000, 889, 3, 0, 351
1760860671, meta, 3000, 2714, 3, 0, 459
1760860673, meta, 3000, 2714, 3, 0, 466
1760860674, meta, 10000, 9975, 12, 0, 1052
1760860677, meta, 10000, 9975, 3, 0, 887
1760860678, meta, 30000, 30796, 39, 0, 2744
1760860682, meta, 30000, 30796, 126, 0, 2706
1760860685, meta, 100000, 105902, 373, 0, 15310
1760860702, meta, 100000, 105902, 21, 0, 9311
1760864421, meta, 10, 28, 2, 0, 348
1760864423, meta, 10, 28, 2, 0, 320
1760864423, meta, 100, 28, 2, 0, 360
1760864426, meta, 100, 28, 2, 0, 344
1760864426, meta, 1000, 889, 3, 0, 393
1760864428, meta, 1000, 889, 3, 0, 354
1760864429, meta, 3000, 2714, 2, 0, 467
1760864431, meta, 3000, 2714, 2, 0, 446
1760864432, meta, 10000, 9975, 11, 0, 989
1760864435, meta, 10000, 9975, 11, 0, 968
1760864436, meta, 30000, 30796, 12, 0, 2327
1760864440, meta, 30000, 30796, 446, 0, 7598
1760864448, meta, 100000, 105903, 9, 0, 9320
1760864459, meta, 100000, 105903, 13, 0, 9201
1760868187, meta, 10, 28, 2, 0, 334
1760868189, meta, 10, 28, 2, 0, 346
1760868190, meta, 100, 28, 2, 0, 333
1760868192, meta, 100, 28, 2, 0, 337
1760868192, meta, 1000, 889, 3, 0, 360
1760868195, meta, 1000, 889, 3, 0, 418
1760868195, meta, 3000, 2714, 3, 0, 454
1760868198, meta, 3000, 2714, 3, 0, 453
1760868198, meta, 10000, 9975, 11, 0, 974
1760868201, meta, 10000, 9975, 11, 0, 586
1760868202, meta, 30000, 30796, 11, 0, 2296
1760868206, meta, 30000, 30796, 12, 0, 2364
1760868208, meta, 100000, 105903, 11, 0, 9213
1760868219, meta, 100000, 105903, 158, 0, 4981
1760871935, meta, 10, 28, 2, 0, 633
1760871938, meta, 10, 28, 2, 0, 328
1760871938, meta, 100, 28, 2, 0, 359
1760871940, meta, 100, 28, 2, 0, 426
1760871941, meta, 1000, 889, 3, 0, 306
1760871943, meta, 1000, 889, 3, 0, 352
1760871943, meta, 3000, 2714, 3, 0, 492
1760871946, meta, 3000, 2714, 3, 0, 513
1760871946, meta, 10000, 9975, 11, 0, 1052
1760871949, meta, 10000, 9975, 11, 0, 996
1760871950, meta, 30000, 30796, 11, 0, 2337
1760871955, meta, 30000, 30796, 11, 0, 2286
1760871957, meta, 100000, 105902, 455, 0, 16101
1760871975, meta, 100000, 105902, 12, 0, 9127
1760875691, meta, 10, 28, 2, 0, 351
1760875694, meta, 10, 28, 2, 0, 405
1760875694, meta, 100, 28, 2, 0, 402
1760875697, meta, 100, 28, 2, 0, 351
1760875697, meta, 1000, 889, 3, 0, 324
1760875699, meta, 1000, 889, 3, 0, 406
1760875700, meta, 3000, 2714, 3, 0, 479
1760875702, meta, 3000, 2714, 3, 0, 382
1760875703, meta, 10000, 9975, 3, 0, 900
1760875705, meta, 10000, 9975, 3, 0, 880
1760875706, meta, 30000, 30796, 12, 0, 2310
1760875711, meta, 30000, 30796, 105, 0, 3828
1760875714, meta, 100000, 105902, 11, 0, 9480
1760875726, meta, 100000, 105902, 222, 0, 6191
1760879454, meta, 10, 28, 2, 0, 345
1760879456, meta, 10, 28, 2, 0, 390
1760879457, meta, 100, 28, 2, 0, 367
1760879459, meta, 100, 28, 2, 0, 430
1760879460, meta, 1000, 889, 2, 0, 438
1760879462, meta, 1000, 889, 2, 0, 1007
1760879463, meta, 3000, 2714, 3, 0, 473
1760879465, meta, 3000, 2714, 3, 0, 535
1760879466, meta, 10000, 9975, 11, 0, 1003
1760879469, meta, 10000, 9975, 11, 0, 1028
1760879470, meta, 30000, 30796, 11, 0, 2321
1760879474, meta, 30000, 30796, 11, 0, 1264
1760879476, meta, 100000, 105903, 700, 0, 20061
1760879498, meta, 100000, 105903, 9, 0, 2172
1760883213, meta, 10, 28, 2, 0, 415
1760883215, meta, 10, 28, 2, 0, 422
1760883215, meta, 100, 28, 2, 0, 412
1760883218, meta, 100, 28, 2, 0, 368
1760883218, meta, 1000, 889, 3, 0, 376
1760883221, meta, 1000, 889, 2, 0, 433
1760883221, meta, 3000, 2714, 3, 0, 477
1760883223, meta, 3000, 2714, 3, 0, 471
1760883224, meta, 10000, 9975, 11, 0, 1062
1760883227, meta, 10000, 9975, 11, 0, 968
1760883228, meta, 30000, 30795, 11, 0, 2384
1760883232, meta, 30000, 30795, 63, 0, 1787
1760883234, meta, 100000, 0, 0, 0, 61593
1760883298, meta, 100000, 0, 0, 0, -1000
1760887014, meta, 10, 28, 2, 0, 352
1760887016, meta, 10, 28, 2, 0, 8438
1760887024, meta, 100, 28, 2, 0, 396
1760887027, meta, 100, 28, 2, 0, 409
1760887027, meta, 1000, 889, 3, 0, 280
1760887030, meta, 1000, 889, 3, 0, 417
1760887030, meta, 3000, 2714, 3, 0, 550
1760887033, meta, 3000, 2714, 3, 0, 446
1760887033, meta, 10000, 9975, 11, 0, 1075
1760887036, meta, 10000, 9975, 12, 0, 577
1760887037, meta, 30000, 30796, 10, 0, 2205
1760887041, meta, 30000, 30796, 9, 0, 2264
1760887043, meta, 100000, 105903, 17, 0, 10498
1760887056, meta, 100000, 105903, 1145, 0, 18691
1760890785, meta, 10, 28, 2, 0, 401
1760890787, meta, 10, 28, 2, 0, 315
1760890787, meta, 100, 28, 2, 0, 345
1760890790, meta, 100, 28, 2, 0, 349
1760890790, meta, 1000, 889, 3, 0, 385
1760890792, meta, 1000, 889, 3, 0, 379
1760890793, meta, 3000, 2714, 3, 0, 426
1760890795, meta, 3000, 2714, 3, 0, 473
1760890796, meta, 10000, 9976, 11, 0, 926
1760890799, meta, 10000, 9976, 11, 0, 1018
1760890800, meta, 30000, 30797, 9, 0, 2337
1760890804, meta, 30000, 30797, 11, 0, 2524
1760890807, meta, 100000, 105901, 10, 0, 9615
1760890818, meta, 100000, 105901, 11, 0, 9158
1760894536, meta, 10, 28, 2, 0, 386
1760894538, meta, 10, 28, 2, 0, 394
1760894539, meta, 100, 28, 2, 0, 284
1760894541, meta, 100, 28, 2, 0, 273
1760894541, meta, 1000, 889, 3, 0, 608
1760894544, meta, 1000, 889, 3, 0, 389
1760894544, meta, 3000, 2714, 3, 0, 494
1760894547, meta, 3000, 2714, 3, 0, 471
1760894547, meta, 10000, 9975, 11, 0, 1043
1760894550, meta, 10000, 9975, 3, 0, 922
1760894551, meta, 30000, 30796, 10, 0, 3371
1760894557, meta, 30000, 30796, 15, 0, 1123
1760894558, meta, 100000, 105905, 11, 0, 9043
1760894569, meta, 100000, 105905, 9, 0, 2145
1760898287, meta, 10, 28, 2, 0, 356
1760898289, meta, 10, 28, 2, 0, 356
1760898290, meta, 100, 28, 2, 0, 315
1760898292, meta, 100, 28, 2, 0, 311
1760898292, meta, 1000, 889, 3, 0, 361
1760898295, meta, 1000, 889, 3, 0, 395
1760898295, meta, 3000, 2714, 3, 0, 491
1760898298, meta, 3000, 2714, 3, 0, 427
1760898298, meta, 10000, 9975, 11, 0, 978
1760898301, meta, 10000, 9975, 11, 0, 981
1760898302, meta, 30000, 30796, 11, 0, 2322
1760898306, meta, 30000, 30796, 11, 0, 2237
1760898309, meta, 100000, 105903, 13, 0, 9305
1760898320, meta, 100000, 105903, 439, 0, 8898
1760902038, meta, 10, 28, 2, 0, 367
1760902040, meta, 10, 28, 2, 0, 503
1760902041, meta, 100, 28, 2, 0, 350
1760902043, meta, 100, 28, 2, 0, 497
1760902043, meta, 1000, 889, 3, 0, 359
1760902046, meta, 1000, 889, 3, 0, 323
1760902046, meta, 3000, 2714, 3, 0, 482
1760902049, meta, 3000, 2714, 3, 0, 474
1760902049, meta, 10000, 9975, 11, 0, 981
1760902052, meta, 10000, 9975, 11, 0, 664
1760902053, meta, 30000, 30796, 13, 0, 2568
1760902057, meta, 30000, 30796, 74, 0, 1986
1760902059, meta, 100000, 105901, 13, 0, 9366
1760902071, meta, 100000, 105901, 57, 0, 9913
1760905799, meta, 10, 28, 2, 0, 391
1760905802, meta, 10, 28, 2, 0, 340
1760905802, meta, 100, 28, 2, 0, 325
1760905804, meta, 100, 28, 2, 0, 376
1760905805, meta, 1000, 889, 3, 0, 294
1760905807, meta, 1000, 889, 3, 0, 426
1760905808, meta, 3000, 2714, 3, 0, 465
1760905810, meta, 3000, 2714, 3, 0, 426
1760905810, meta, 10000, 9975, 11, 0, 1022
1760905813, meta, 10000, 9975, 11, 0, 644
1760905814, meta, 30000, 30796, 75, 0, 3183
1760905819, meta, 30000, 30796, 50, 0, 2885
1760905822, meta, 100000, 105902, 11, 0, 9227
1760905833, meta, 100000, 105902, 12, 0, 9116
1760909549, meta, 10, 28, 2, 0, 343
1760909551, meta, 10, 28, 2, 0, 288
1760909551, meta, 100, 28, 2, 0, 365
1760909554, meta, 100, 28, 2, 0, 462
1760909554, meta, 1000, 889, 3, 0, 418
1760909557, meta, 1000, 889, 3, 0, 397
1760909557, meta, 3000, 2714, 2, 0, 526
1760909559, meta, 3000, 2714, 3, 0, 397
1760909560, meta, 10000, 9976, 12, 0, 922
1760909563, meta, 10000, 9976, 11, 0, 735
1760909564, meta, 30000, 30796, 180, 0, 4815
1760909570, meta, 30000, 30796, 11, 0, 1086
1760909571, meta, 100000, 105902, 467, 0, 16809
1760909590, meta, 100000, 105902, 153, 0, 11624
1760913309, meta, 10, 28, 2, 0, 627
1760913311, meta, 10, 28, 2, 0, 517
1760913312, meta, 100, 28, 2, 0, 400
1760913314, meta, 100, 28, 2, 0, 357
1760913315, meta, 1000, 889, 3, 0, 382
1760913317, meta, 1000, 889, 3, 0, 356
1760913318, meta, 3000, 2714, 3, 0, 470
1760913320, meta, 3000, 2714, 3, 0, 425
1760913320, meta, 10000, 9975, 11, 0, 993
1760913323, meta, 10000, 9975, 11, 0, 992
1760913324, meta, 30000, 30796, 10, 0, 2435
1760913329, meta, 30000, 30796, 11, 0, 2320
1760913331, meta, 100000, 105903, 13, 0, 9171
1760913342, meta, 100000, 105903, 450, 0, 16185
1760917070, meta, 10, 28, 2, 0, 400
1760917073, meta, 10, 28, 2, 0, 417
1760917073, meta, 100, 28, 2, 0, 374
1760917075, meta, 100, 28, 2, 0, 351
1760917076, meta, 1000, 889, 3, 0, 362
1760917078, meta, 1000, 889, 3, 0, 356
1760917079, meta, 3000, 2714, 3, 0, 436
1760917081, meta, 3000, 2714, 3, 0, 478
1760917081, meta, 10000, 9975, 11, 0, 997
1760917084, meta, 10000, 9975, 11, 0, 961
1760917085, meta, 30000, 30796, 11, 0, 2357
1760917090, meta, 30000, 30796, 225, 0, 3993
1760917094, meta, 100000, 105901, 417, 0, 15644
1760917111, meta, 100000, 105901, 13, 0, 9117
1760920833, meta, 10, 28, 2, 0, 357
1760920835, meta, 10, 28, 2, 0, 340
1760920836, meta, 100, 28, 2, 0, 358
1760920838, meta, 100, 28, 2, 0, 407
1760920838, meta, 1000, 889, 2, 0, 395
1760920841, meta, 1000, 889, 2, 0, 393
1760920841, meta, 3000, 2714, 3, 0, 472
1760920844, meta, 3000, 2714, 3, 0, 376
1760920844, meta, 10000, 9975, 11, 0, 1002
1760920847, meta, 10000, 9975, 11, 0, 963
1760920848, meta, 30000, 30796, 12, 0, 2341
1760920852, meta, 30000, 30796, 12, 0, 2376
1760920855, meta, 100000, 105902, 21, 0, 9445
1760920866, meta, 100000, 105902, 78, 0, 10167
1760924587, meta, 10, 28, 2, 0, 408
1760924589, meta, 10, 28, 2, 0, 389
1760924590, meta, 100, 28, 2, 0, 262
1760924592, meta, 100, 28, 2, 0, 278
1760924592, meta, 1000, 889, 3, 0, 356
1760924594, meta, 1000, 889, 3, 0, 318
1760924595, meta, 3000, 2714, 3, 0, 496
1760924597, meta, 3000, 2714, 3, 0, 527
1760924598, meta, 10000, 9975, 11, 0, 919
1760924601, meta, 10000, 9975, 11, 0, 628
1760924601, meta, 30000, 30796, 11, 0, 2393
1760924606, meta, 30000, 30796, 12, 0, 2302
1760924608, meta, 100000, 105903, 60, 0, 10172
1760924620, meta, 100000, 105903, 13, 0, 9140
1760928341, meta, 10, 28, 2, 0, 351
1760928343, meta, 10, 28, 2, 0, 327
1760928344, meta, 100, 28, 2, 0, 306
1760928346, meta, 100, 28, 2, 0, 335
1760928346, meta, 1000, 889, 3, 0, 372
1760928349, meta, 1000, 889, 3, 0, 516
1760928349, meta, 3000, 2714, 3, 0, 429
1760928352, meta, 3000, 2714, 3, 0, 459
1760928352, meta, 10000, 9975, 11, 0, 956
1760928355, meta, 10000, 9975, 11, 0, 1000
1760928356, meta, 30000, 30796, 60, 0, 2948
1760928361, meta, 30000, 30796, 10, 0, 1011
1760928362, meta, 100000, 105901, 11, 0, 9321
1760928373, meta, 100000, 105901, 319, 0, 7059
1760932092, meta, 10, 28, 2, 0, 394
1760932094, meta, 10, 28, 2, 0, 528
1760932095, meta, 100, 28, 2, 0, 333
1760932097, meta, 100, 28, 2, 0, 301
1760932097, meta, 1000, 889, 2, 0, 410
1760932100, meta, 1000, 889, 2, 0, 436
1760932100, meta, 3000, 2714, 3, 0, 375
1760932103, meta, 3000, 2714, 3, 0, 433
1760932103, meta, 10000, 9975, 3, 0, 1010
1760932106, meta, 10000, 9975, 12, 0, 908
1760932107, meta, 30000, 30796, 43, 0, 2761
1760932112, meta, 30000, 30796, 116, 0, 3912
1760932116, meta, 100000, 105901, 11, 0, 9219
1760932127, meta, 100000, 105901, 340, 0, 14667
1760935916, meta, 10, 28, 2, 0, 470
1760935919, meta, 10, 28, 2, 0, 344
1760935919, meta, 100, 28, 2, 0, 460
1760935922, meta, 100, 28, 2, 0, 377
1760935922, meta, 1000, 889, 3, 0, 441
1760935925, meta, 1000, 889, 3, 0, 354
1760935925, meta, 3000, 2714, 3, 0, 523
1760935927, meta, 3000, 2714, 3, 0, 441
1760935928, meta, 10000, 9975, 11, 0, 998
1760935931, meta, 10000, 9975, 11, 0, 642
1760935931, meta, 30000, 30796, 11, 0, 2364
1760935936, meta, 30000, 30796, 34, 0, 1356
1760935937, meta, 100000, 105901, 13, 0, 9133
1760935948, meta, 100000, 105901, 12, 0, 9258
1760939660, meta, 10, 28, 2, 0, 272
1760939663, meta, 10, 28, 2, 0, 265
1760939663, meta, 100, 28, 2, 0, 310
1760939665, meta, 100, 28, 2, 0, 268
1760939665, meta, 1000, 889, 3, 0, 324
1760939668, meta, 1000, 889, 3, 0, 400
1760939668, meta, 3000, 2714, 3, 0, 379
1760939671, meta, 3000, 2714, 3, 0, 355
1760939671, meta, 10000, 9975, 11, 0, 903
1760939674, meta, 10000, 9975, 11, 0, 971
1760939675, meta, 30000, 30796, 59, 0, 3463
1760939680, meta, 30000, 30796, 12, 0, 1172
1760939681, meta, 100000, 0, 0, 0, -1000
1760939703, meta, 100000, 105903, 17, 0, 13752
1760943425, meta, 10, 28, 2, 0, 378
1760943427, meta, 10, 28, 2, 0, 364
1760943428, meta, 100, 28, 2, 0, 333
1760943430, meta, 100, 28, 2, 0, 327
1760943430, meta, 1000, 889, 3, 0, 370
1760943433, meta, 1000, 889, 3, 0, 376
1760943433, meta, 3000, 2714, 3, 0, 473
1760943436, meta, 3000, 2714, 3, 0, 443
1760943436, meta, 10000, 9976, 11, 0, 1184
1760943439, meta, 10000, 9976, 11, 0, 716
1760943440, meta, 30000, 30796, 11, 0, 2758
1760943445, meta, 30000, 30796, 11, 0, 2624
1760943447, meta, 100000, 105903, 13, 0, 10421
1760943460, meta, 100000, 105903, 9, 0, 11030
1760947188, meta, 10, 28, 2, 0, 357
1760947191, meta, 10, 28, 2, 0, 348
1760947191, meta, 100, 28, 2, 0, 340
1760947193, meta, 100, 28, 2, 0, 378
1760947194, meta, 1000, 889, 3, 0, 372
1760947196, meta, 1000, 889, 3, 0, 284
1760947196, meta, 3000, 2714, 3, 0, 537
1760947199, meta, 3000, 2714, 3, 0, 468
1760947199, meta, 10000, 9975, 11, 0, 1006
1760947202, meta, 10000, 9975, 11, 0, 791
1760947203, meta, 30000, 30796, 140, 0, 4263
1760947210, meta, 30000, 30796, 43, 0, 1394
1760947211, meta, 100000, 105901, 268, 0, 13196
1760947226, meta, 100000, 105901, 12, 0, 2388
1760950936, meta, 10, 28, 2, 0, 457
1760950939, meta, 10, 28, 2, 0, 348
1760950939, meta, 100, 28, 2, 0, 432
1760950942, meta, 100, 28, 2, 0, 317
1760950942, meta, 1000, 889, 3, 0, 382
1760950944, meta, 1000, 889, 3, 0, 346
1760950945, meta, 3000, 2714, 3, 0, 433
1760950947, meta, 3000, 2714, 3, 0, 404
1760950948, meta, 10000, 9975, 11, 0, 1019
1760950951, meta, 10000, 9975, 11, 0, 1040
1760950952, meta, 30000, 30796, 12, 0, 2284
1760950956, meta, 30000, 30796, 14, 0, 2328
1760950958, meta, 100000, 105904, 13, 0, 9277
1760950970, meta, 100000, 105904, 9, 0, 2277
1760954695, meta, 10, 28, 2, 0, 388
1760954697, meta, 10, 28, 2, 0, 358
1760954698, meta, 100, 28, 2, 0, 315
1760954700, meta, 100, 28, 2, 0, 430
1760954700, meta, 1000, 889, 3, 0, 338
1760954703, meta, 1000, 889, 3, 0, 423
1760954703, meta, 3000, 2714, 3, 0, 463
1760954706, meta, 3000, 2714, 3, 0, 488
1760954706, meta, 10000, 9975, 11, 0, 954
1760954709, meta, 10000, 9975, 11, 0, 666
1760954710, meta, 30000, 30796, 56, 0, 2855
1760954715, meta, 30000, 30796, 12, 0, 1047
1760954716, meta, 100000, 105902, 374, 0, 15044
1760954733, meta, 100000, 0, 0, 0, 56672
1760958503, meta, 10, 28, 2, 0, 440
1760958506, meta, 10, 28, 2, 0, 349
1760958506, meta, 100, 28, 2, 0, 437
1760958509, meta, 100, 28, 2, 0, 407
1760958509, meta, 1000, 889, 3, 0, 352
1760958511, meta, 1000, 889, 3, 0, 382
1760958512, meta, 3000, 2714, 3, 0, 397
1760958514, meta, 3000, 2714, 2, 0, 422
1760958515, meta, 10000, 9975, 12, 0, 922
1760958518, meta, 10000, 9975, 12, 0, 1072
1760958519, meta, 30000, 30796, 11, 0, 2361
1760958523, meta, 30000, 30796, 10, 0, 2315
1760958525, meta, 100000, 105902, 337, 0, 14776
1760958542, meta, 100000, 105902, 9, 0, 9161
1760962261, meta, 10, 28, 2, 0, 388
1760962264, meta, 10, 28, 2, 0, 440
1760962264, meta, 100, 28, 2, 0, 372
1760962267, meta, 100, 28, 2, 0, 412
1760962267, meta, 1000, 889, 3, 0, 469
1760962269, meta, 1000, 889, 3, 0, 286
1760962270, meta, 3000, 2714, 3, 0, 447
1760962272, meta, 3000, 2714, 3, 0, 471
1760962273, meta, 10000, 9975, 11, 0, 1011
1760962276, meta, 10000, 9975, 11, 0, 1153
1760962277, meta, 30000, 30796, 11, 0, 2289
1760962281, meta, 30000, 30796, 10, 0, 1055
1760962282, meta, 100000, 105901, 12, 0, 9155
1760962293, meta, 100000, 105901, 10, 0, 9325
1760966011, meta, 10, 28, 2, 0, 370
1760966014, meta, 10, 28, 2, 0, 311
1760966014, meta, 100, 28, 2, 0, 344
1760966016, meta, 100, 28, 2, 0, 462
1760966017, meta, 1000, 890, 3, 0, 406
1760966019, meta, 1000, 890, 3, 0, 399
1760966020, meta, 3000, 2714, 2, 0, 528
1760966022, meta, 3000, 2714, 2, 0, 540
1760966023, meta, 10000, 9975, 11, 0, 1364
1760966026, meta, 10000, 9975, 3, 0, 948
1760966027, meta, 30000, 30796, 12, 0, 2450
1760966031, meta, 30000, 30796, 186, 0, 4797
1760966036, meta, 100000, 105902, 13, 0, 9297
1760966048, meta, 100000, 105902, 9, 0, 9268
1760969831, meta, 10, 28, 2, 0, 353
1760969833, meta, 10, 28, 2, 0, 377
1760969834, meta, 100, 28, 2, 0, 313
1760969836, meta, 100, 28, 2, 0, 295
1760969836, meta, 1000, 890, 2, 0, 375
1760969839, meta, 1000, 890, 2, 0, 422
1760969839, meta, 3000, 2714, 3, 0, 345
1760969842, meta, 3000, 2714, 3, 0, 354
1760969842, meta, 10000, 9975, 11, 0, 989
1760969845, meta, 10000, 9975, 11, 0, 1010
1760969846, meta, 30000, 30796, 12, 0, 2361
1760969850, meta, 30000, 30796, 114, 0, 2317
1760969853, meta, 100000, 105902, 15, 0, 9309
1760969864, meta, 100000, 105902, 412, 0, 8760
1760973583, meta, 10, 28, 2, 0, 415
1760973586, meta, 10, 28, 2, 0, 383
1760973586, meta, 100, 28, 2, 0, 382
1760973589, meta, 100, 28, 2, 0, 329
1760973589, meta, 1000, 889, 3, 0, 439
1760973591, meta, 1000, 889, 3, 0, 278
1760973592, meta, 3000, 2714, 2, 0, 515
1760973594, meta, 3000, 2714, 3, 0, 467
1760973595, meta, 10000, 9975, 11, 0, 1058
1760973598, meta, 10000, 9975, 11, 0, 995
1760973599, meta, 30000, 30797, 10, 0, 2410
1760973603, meta, 30000, 30797, 11, 0, 1012
1760973604, meta, 100000, 105901, 9, 0, 9204
1760973615, meta, 100000, 105901, 9, 0, 9292
1760977331, meta, 10, 28, 2, 0, 460
1760977333, meta, 10, 28, 2, 0, 386
1760977334, meta, 100, 28, 2, 0, 376
1760977336, meta, 100, 28, 2, 0, 379
1760977337, meta, 1000, 889, 3, 0, 430
1760977339, meta, 1000, 889, 3, 0, 437
1760977339, meta, 3000, 2714, 3, 0, 517
1760977342, meta, 3000, 2714, 3, 0, 475
1760977342, meta, 10000, 9975, 11, 0, 1064
1760977346, meta, 10000, 9975, 11, 0, 1031
1760977347, meta, 30000, 30796, 12, 0, 2336
1760977351, meta, 30000, 30796, 11, 0, 1095
1760977352, meta, 100000, 105903, 13, 0, 9442
1760977363, meta, 100000, 105903, 13, 0, 9119
1760981121, meta, 10, 28, 2, 0, 349
1760981123, meta, 10, 28, 2, 0, 292
1760981123, meta, 100, 28, 2, 0, 347
1760981126, meta, 100, 28, 2, 0, 388
1760981126, meta, 1000, 890, 3, 0, 362
1760981128, meta, 1000, 890, 3, 0, 456
1760981129, meta, 3000, 2715, 3, 0, 434
1760981131, meta, 3000, 2715, 3, 0, 499
1760981132, meta, 10000, 9975, 11, 0, 906
1760981135, meta, 10000, 9975, 11, 0, 973
1760981136, meta, 30000, 30796, 11, 0, 2269
1760981140, meta, 30000, 30796, 78, 0, 2104
1760981142, meta, 100000, 105903, 716, 0, 20372
1760981164, meta, 100000, 105903, 54, 0, 2953
1760984937, meta, 10, 28, 2, 0, 336
1760984940, meta, 10, 28, 2, 0, 339
1760984940, meta, 100, 28, 2, 0, 274
1760984942, meta, 100, 28, 2, 0, 272
1760984943, meta, 1000, 889, 3, 0, 365
1760984945, meta, 1000, 889, 3, 0, 296
1760984945, meta, 3000, 2715, 3, 0, 467
1760984948, meta, 3000, 2715, 3, 0, 368
1760984948, meta, 10000, 9975, 11, 0, 988
1760984951, meta, 10000, 9975, 11, 0, 601
1760984952, meta, 30000, 30796, 11, 0, 2347
1760984956, meta, 30000, 30796, 11, 0, 2262
1760984958, meta, 100000, 105903, 58, 0, 10152
1760984970, meta, 100000, 105903, 11, 0, 2164
1760988741, meta, 10, 28, 2, 0, 340
1760988744, meta, 10, 28, 2, 0, 338
1760988744, meta, 100, 28, 2, 0, 340
1760988746, meta, 100, 28, 2, 0, 355
1760988747, meta, 1000, 889, 3, 0, 419
1760988749, meta, 1000, 889, 3, 0, 355
1760988750, meta, 3000, 2714, 3, 0, 410
1760988752, meta, 3000, 2714, 3, 0, 374
1760988752, meta, 10000, 9975, 11, 0, 928
1760988755, meta, 10000, 9975, 11, 0, 1164
1760988756, meta, 30000, 30796, 271, 0, 5814
1760988764, meta, 30000, 30796, 12, 0, 1162
1760988765, meta, 100000, 105901, 9, 0, 10637
1760988778, meta, 100000, 105901, 11, 0, 9236
1760992501, meta, 10, 28, 2, 0, 332
1760992503, meta, 10, 28, 2, 0, 317
1760992503, meta, 100, 28, 2, 0, 260
1760992506, meta, 100, 28, 2, 0, 287
1760992506, meta, 1000, 889, 2, 0, 308
1760992508, meta, 1000, 889, 2, 0, 388
1760992508, meta, 3000, 2714, 3, 0, 429
1760992511, meta, 3000, 2714, 3, 0, 401
1760992511, meta, 10000, 9975, 11, 0, 905
1760992514, meta, 10000, 9975, 11, 0, 652
1760992515, meta, 30000, 30796, 10, 0, 2219
1760992519, meta, 30000, 30796, 42, 0, 2632
1760992522, meta, 100000, 105902, 13, 0, 10892
1760992535, meta, 100000, 105902, 9, 0, 9392
1760996248, meta, 10, 28, 2, 0, 296
1760996250, meta, 10, 28, 2, 0, 321
1760996251, meta, 100, 28, 2, 0, 328
1760996253, meta, 100, 28, 2, 0, 287
1760996253, meta, 1000, 889, 3, 0, 355
1760996256, meta, 1000, 889, 3, 0, 297
1760996256, meta, 3000, 2714, 3, 0, 369
1760996258, meta, 3000, 2714, 3, 0, 327
1760996259, meta, 10000, 9975, 3, 0, 830
1760996261, meta, 10000, 9975, 12, 0, 636
1760996262, meta, 30000, 30796, 297, 0, 6221
1760996270, meta, 30000, 30796, 12, 0, 2293
1760996273, meta, 100000, 105903, 11, 0, 9186
1760996284, meta, 100000, 105903, 12, 0, 9419
1761000007, meta, 10, 28, 2, 0, 359
1761000009, meta, 10, 28, 2, 0, 252
1761000010, meta, 100, 28, 2, 0, 376
1761000012, meta, 100, 28, 2, 0, 263
1761000012, meta, 1000, 889, 3, 0, 344
1761000015, meta, 1000, 889, 3, 0, 305
1761000015, meta, 3000, 2714, 3, 0, 446
1761000017, meta, 3000, 2714, 3, 0, 390
1761000018, meta, 10000, 9975, 11, 0, 977
1761000021, meta, 10000, 9975, 11, 0, 956
1761000022, meta, 30000, 30796, 38, 0, 2900
1761000027, meta, 30000, 30796, 19, 0, 1341
1761000028, meta, 100000, 105903, 10, 0, 10408
1761000040, meta, 100000, 105903, 13, 0, 9083
1761003766, meta, 10, 28, 2, 0, 378
1761003769, meta, 10, 28, 2, 0, 273
1761003769, meta, 100, 28, 2, 0, 341
1761003771, meta, 100, 28, 2, 0, 269
1761003772, meta, 1000, 890, 3, 0, 355
1761003774, meta, 1000, 890, 3, 0, 299
1761003774, meta, 3000, 2714, 3, 0, 461
1761003777, meta, 3000, 2714, 3, 0, 383
1761003777, meta, 10000, 9975, 11, 0, 1027
1761003780, meta, 10000, 9975, 11, 0, 585
1761003781, meta, 30000, 30796, 11, 0, 2319
1761003785, meta, 30000, 30796, 10, 0, 958
1761003786, meta, 100000, 105902, 11, 0, 10477
1761003799, meta, 100000, 105902, 229, 0, 12652
1761007518, meta, 10, 28, 2, 0, 362
1761007521, meta, 10, 28, 2, 0, 390
1761007521, meta, 100, 28, 2, 0, 428
1761007523, meta, 100, 28, 2, 0, 341
1761007524, meta, 1000, 889, 3, 0, 355
1761007526, meta, 1000, 889, 3, 0, 393
1761007527, meta, 3000, 2714, 3, 0, 465
1761007529, meta, 3000, 2714, 3, 0, 420
1761007529, meta, 10000, 9975, 11, 0, 952
1761007532, meta, 10000, 9975, 11, 0, 637
1761007533, meta, 30000, 30796, 37, 0, 2684
1761007538, meta, 30000, 30796, 12, 0, 2278
1761007540, meta, 100000, 105901, 366, 0, 14749
1761007557, meta, 100000, 105901, 11, 0, 9093
1761011335, meta, 10, 28, 2, 0, 354
1761011338, meta, 10, 28, 2, 0, 333
1761011338, meta, 100, 28, 2, 0, 409
1761011341, meta, 100, 28, 2, 0, 369
1761011341, meta, 1000, 889, 3, 0, 322
1761011343, meta, 1000, 889, 3, 0, 354
1761011344, meta, 3000, 2714, 3, 0, 416
1761011346, meta, 3000, 2714, 3, 0, 405
1761011346, meta, 10000, 9975, 12, 0, 969
1761011349, meta, 10000, 9975, 11, 0, 662
1761011350, meta, 30000, 30796, 11, 0, 2232
1761011354, meta, 30000, 30796, 12, 0, 1092
1761011355, meta, 100000, 105902, 390, 0, 15566
1761011373, meta, 100000, 105902, 9, 0, 9111
1761015086, meta, 10, 28, 2, 0, 334
1761015089, meta, 10, 28, 2, 0, 387
1761015089, meta, 100, 28, 2, 0, 276
1761015091, meta, 100, 28, 2, 0, 409
1761015092, meta, 1000, 889, 3, 0, 340
1761015094, meta, 1000, 889, 3, 0, 355
1761015095, meta, 3000, 2715, 3, 0, 369
1761015097, meta, 3000, 2715, 3, 0, 373
1761015097, meta, 10000, 9975, 11, 0, 1044
1761015100, meta, 10000, 9975, 11, 0, 660
1761015101, meta, 30000, 30796, 11, 0, 2349
1761015105, meta, 30000, 30796, 64, 0, 3017
1761015108, meta, 100000, 0, 0, 0, 82306
1761015193, meta, 100000, 105902, 569, 0, 18059
1761018983, meta, 10, 28, 2, 0, 289
1761018985, meta, 10, 28, 2, 0, 252
1761018985, meta, 100, 28, 2, 0, 261
1761018988, meta, 100, 28, 2, 0, 256
1761018988, meta, 1000, 889, 3, 0, 386
1761018990, meta, 1000, 889, 2, 0, 278
1761018990, meta, 3000, 2714, 3, 0, 447
1761018993, meta, 3000, 2714, 3, 0, 462
1761018993, meta, 10000, 9975, 11, 0, 976
1761018996, meta, 10000, 9975, 11, 0, 563
1761018997, meta, 30000, 30796, 12, 0, 2274
1761019001, meta, 30000, 30796, 18, 0, 1005
1761019002, meta, 100000, 105903, 10, 0, 9292
1761019013, meta, 100000, 105903, 10, 0, 2325
1761022782, meta, 10, 28, 2, 0, 319
1761022784, meta, 10, 28, 2, 0, 325
1761022784, meta, 100, 28, 2, 0, 254
1761022787, meta, 100, 28, 2, 0, 389
1761022787, meta, 1000, 889, 3, 0, 388
1761022789, meta, 1000, 889, 3, 0, 320
1761022790, meta, 3000, 2714, 3, 0, 451
1761022792, meta, 3000, 2714, 3, 0, 401
1761022793, meta, 10000, 9975, 3, 0, 888
1761022796, meta, 10000, 9975, 3, 0, 858
1761022796, meta, 30000, 30796, 10, 0, 2298
1761022801, meta, 30000, 30796, 12, 0, 2303
1761022803, meta, 100000, 105901, 10, 0, 9312
1761022814, meta, 100000, 105901, 11, 0, 9215
1761026539, meta, 10, 28, 2, 0, 365
1761026541, meta, 10, 28, 2, 0, 298
1761026542, meta, 100, 28, 2, 0, 338
1761026544, meta, 100, 28, 2, 0, 382
1761026544, meta, 1000, 889, 3, 0, 304
1761026547, meta, 1000, 889, 3, 0, 352
1761026547, meta, 3000, 2714, 3, 0, 405
1761026549, meta, 3000, 2714, 3, 0, 409
1761026550, meta, 10000, 9975, 11, 0, 996
1761026553, meta, 10000, 9975, 11, 0, 946
1761026554, meta, 30000, 30796, 11, 0, 2219
1761026558, meta, 30000, 30796, 115, 0, 2603
1761026561, meta, 100000, 105902, 9, 0, 9031
1761026572, meta, 100000, 105902, 221, 0, 6146
1761030292, meta, 10, 28, 2, 0, 263
1761030294, meta, 10, 28, 2, 0, 431
1761030294, meta, 100, 28, 2, 0, 308
1761030297, meta, 100, 28, 2, 0, 302
1761030297, meta, 1000, 889, 3, 0, 325
1761030299, meta, 1000, 889, 3, 0, 300
1761030300, meta, 3000, 2714, 3, 0, 402
1761030302, meta, 3000, 2714, 3, 0, 486
1761030302, meta, 10000, 9975, 11, 0, 1140
1761030306, meta, 10000, 9975, 11, 0, 920
1761030307, meta, 30000, 30797, 11, 0, 2228
1761030311, meta, 30000, 30797, 11, 0, 2344
1761030313, meta, 100000, 105904, 445, 0, 16597
1761030332, meta, 100000, 105904, 12, 0, 2064
1761034045, meta, 10, 28, 2, 0, 273
1761034047, meta, 10, 28, 2, 0, 340
1761034048, meta, 100, 28, 2, 0, 287
1761034050, meta, 100, 28, 2, 0, 331
1761034050, meta, 1000, 889, 2, 0, 280
1761034053, meta, 1000, 889, 2, 0, 335
1761034053, meta, 3000, 2714, 3, 0, 354
1761034055, meta, 3000, 2714, 3, 0, 538
1761034056, meta, 10000, 9975, 11, 0, 894
1761034059, meta, 10000, 9975, 11, 0, 561
1761034059, meta, 30000, 30796, 11, 0, 2295
1761034064, meta, 30000, 30796, 476, 0, 7986
1761034072, meta, 100000, 0, 0, 0, -1000
1761034075, meta, 100000, 0, 0, 0, -1000
1761037788, meta, 10, 28, 2, 0, 326
1761037790, meta, 10, 28, 2, 0, 286
1761037791, meta, 100, 28, 2, 0, 271
1761037793, meta, 100, 28, 2, 0, 265
1761037793, meta, 1000, 889, 2, 0, 352
1761037795, meta, 1000, 889, 2, 0, 310
1761037796, meta, 3000, 2714, 3, 0, 402
1761037798, meta, 3000, 2714, 3, 0, 431
1761037799, meta, 10000, 9975, 11, 0, 883
1761037801, meta, 10000, 9975, 11, 0, 566
1761037802, meta, 30000, 30796, 339, 0, 6273
1761037810, meta, 30000, 30796, 12, 0, 2164
1761037812, meta, 100000, 0, 0, 0, -1000
1761037816, meta, 100000, 0, 0, 0, -1000
1761041527, meta, 10, 28, 2, 0, 267
1761041529, meta, 10, 28, 2, 0, 350
1761041529, meta, 100, 28, 2, 0, 343
1761041532, meta, 100, 28, 2, 0, 329
1761041532, meta, 1000, 889, 3, 0, 381
1761041534, meta, 1000, 889, 3, 0, 384
1761041535, meta, 3000, 2714, 3, 0, 455
1761041537, meta, 3000, 2714, 3, 0, 315
1761041538, meta, 10000, 9976, 11, 0, 959
1761041540, meta, 10000, 9976, 11, 0, 640
1761041541, meta, 30000, 30796, 11, 0, 2365
1761041546, meta, 30000, 30796, 13, 0, 982
1761041546, meta, 100000, 0, 0, 0, -1000
1761041550, meta, 100000, 105901, 357, 0, 14843
1761045279, meta, 10, 28, 2, 0, 280
1761045281, meta, 10, 28, 2, 0, 348
1761045282, meta, 100, 28, 2, 0, 334
1761045284, meta, 100, 28, 2, 0, 333
1761045284, meta, 1000, 889, 3, 0, 368
1761045287, meta, 1000, 889, 3, 0, 340
1761045287, meta, 3000, 2714, 3, 0, 468
1761045289, meta, 3000, 2714, 3, 0, 429
1761045290, meta, 10000, 0, 0, 0, -1000
1761045292, meta, 10000, 0, 0, 0, -1000
1761045293, meta, 30000, 30796, 11, 0, 2251
1761045297, meta, 30000, 0, 0, 0, -1000
1761045298, meta, 100000, 105902, 746, 0, 21163
1761045321, meta, 100000, 105902, 13, 0, 2196
1761049041, meta, 10, 28, 2, 0, 266
1761049044, meta, 10, 28, 2, 0, 362
1761049044, meta, 100, 28, 2, 0, 387
1761049046, meta, 100, 28, 2, 0, 374
1761049047, meta, 1000, 0, 0, 0, -1000
1761049049, meta, 1000, 889, 3, 0, 408
1761049050, meta, 3000, 2714, 3, 0, 381
1761049052, meta, 3000, 2714, 3, 0, 476
1761049052, meta, 10000, 0, 0, 0, -1000
1761049055, meta, 10000, 0, 0, 0, -1000
1761049055, meta, 30000, 30797, 72, 0, 3145
1761049061, meta, 30000, 30797, 64, 0, 1738
1761049062, meta, 100000, 105902, 9, 0, 9250
1761049073, meta, 100000, 105902, 89, 0, 11056
1761052860, meta, 10, 28, 2, 0, 276
1761052862, meta, 10, 28, 2, 0, 290
1761052863, meta, 100, 28, 2, 0, 387
1761052865, meta, 100, 28, 2, 0, 342
1761052865, meta, 1000, 0, 0, 0, -1000
1761052868, meta, 1000, 890, 3, 0, 283
1761052868, meta, 3000, 2714, 3, 0, 452
1761052870, meta, 3000, 0, 0, 0, -1000
1761052871, meta, 10000, 9976, 12, 0, 994
1761052874, meta, 10000, 0, 0, 0, -1000
1761052874, meta, 30000, 0, 0, 0, -1000
1761052877, meta, 30000, 30796, 12, 0, 1340
1761052878, meta, 100000, 0, 0, 0, -1000
1761052881, meta, 100000, 0, 0, 0, -1000
1761056590, meta, 10, 28, 2, 0, 393
1761056593, meta, 10, 28, 2, 0, 383
1761056593, meta, 100, 28, 2, 0, 396
1761056595, meta, 100, 28, 2, 0, 331
1761056596, meta, 1000, 0, 0, 0, -1000
1761056598, meta, 1000, 889, 2, 0, 439
1761056598, meta, 3000, 2714, 3, 0, 421
1761056601, meta, 3000, 2714, 3, 0, 442
1761056601, meta, 10000, 9975, 11, 0, 951
1761056604, meta, 10000, 0, 0, 0, -1000
1761056605, meta, 30000, 30796, 356, 0, 6668
1761056613, meta, 30000, 0, 0, 0, -1000
1761056614, meta, 100000, 105903, 149, 0, 11652
1761056628, meta, 100000, 105903, 11, 0, 9354
1761060336, meta, 10, 28, 2, 0, 475
1761060339, meta, 10, 28, 2, 0, 349
1761060339, meta, 100, 28, 2, 0, 259
1761060342, meta, 100, 28, 2, 0, 321
1761060342, meta, 1000, 889, 3, 0, 331
1761060344, meta, 1000, 889, 3, 0, 368
1761060345, meta, 3000, 0, 0, 0, -1000
1761060347, meta, 3000, 2714, 3, 0, 479
1761060347, meta, 10000, 9975, 12, 0, 950
1761060350, meta, 10000, 0, 0, 0, -1000
1761060351, meta, 30000, 0, 0, 0, -1000
1761060353, meta, 30000, 0, 0, 0, -1000
1761060354, meta, 100000, 105903, 397, 0, 15202
1761060371, meta, 100000, 0, 0, 0, -1000
1761064080, meta, 10, 28, 2, 0, 350
1761064083, meta, 10, 28, 2, 0, 346
1761064083, meta, 100, 28, 2, 0, 331
1761064085, meta, 100, 28, 2, 0, 317
1761064086, meta, 1000, 890, 2, 0, 445
1761064088, meta, 1000, 0, 0, 0, -1000
1761064089, meta, 3000, 0, 0, 0, -1000
1761064091, meta, 3000, 2714, 3, 0, 446
1761064091, meta, 10000, 9975, 11, 0, 979
1761064094, meta, 10000, 0, 0, 0, -1000
1761064095, meta, 30000, 0, 0, 0, -1000
1761064097, meta, 30000, 30796, 65, 0, 2428
1761064100, meta, 100000, 105904, 15, 0, 9171
1761064111, meta, 100000, 0, 0, 0, -1000
1761067832, meta, 10, 28, 2, 0, 346
1761067835, meta, 10, 28, 2, 0, 310
1761067835, meta, 100, 28, 2, 0, 392
1761067837, meta, 100, 28, 2, 0, 332
1761067838, meta, 1000, 889, 2, 0, 321
1761067840, meta, 1000, 0, 0, 0, -1000
1761067840, meta, 3000, 2714, 3, 0, 479
1761067843, meta, 3000, 2714, 3, 0, 334
1761067843, meta, 10000, 9975, 11, 0, 1142
1761067846, meta, 10000, 9975, 11, 0, 976
1761067847, meta, 30000, 0, 0, 0, -1000
1761067850, meta, 30000, 0, 0, 0, -1000
1761067850, meta, 100000, 0, 0, 0, -1000
1761067853, meta, 100000, 0, 0, 0, -1000
1761071570, meta, 10, 28, 2, 0, 365
1761071573, meta, 10, 28, 2, 0, 369
1761071573, meta, 100, 28, 2, 0, 327
1761071575, meta, 100, 28, 2, 0, 415
1761071576, meta, 1000, 0, 0, 0, -1000
1761071578, meta, 1000, 0, 0, 0, -1000
1761071578, meta, 3000, 0, 0, 0, -1000
1761071581, meta, 3000, 0, 0, 0, -1000
1761071581, meta, 10000, 0, 0, 0, -1000
1761071584, meta, 10000, 9975, 11, 0, 626
1761071584, meta, 30000, 30796, 12, 0, 3292
1761071590, meta, 30000, 30796, 13, 0, 2166
1761071592, meta, 100000, 0, 0, 0, -1000
1761071595, meta, 100000, 0, 0, 0, -1000
1761075350, meta, 10, 28, 2, 0, 330
1761075353, meta, 10, 28, 2, 0, 375
1761075353, meta, 100, 28, 2, 0, 391
1761075355, meta, 100, 28, 2, 0, 381
1761075356, meta, 1000, 0, 0, 0, -1000
1761075358, meta, 1000, 889, 3, 0, 705
1761075359, meta, 3000, 0, 0, 0, -1000
1761075361, meta, 3000, 0, 0, 0, -1000
1761075362, meta, 10000, 9976, 11, 0, 973
1761075365, meta, 10000, 9976, 12, 0, 585
1761075365, meta, 30000, 0, 0, 0, -1000
1761075368, meta, 30000, 0, 0, 0, -1000
1761075368, meta, 100000, 0, 0, 0, -1000
1761075371, meta, 100000, 0, 0, 0, -1000
1761079128, meta, 10, 28, 2, 0, 312
1761079130, meta, 10, 28, 2, 0, 293
1761079131, meta, 100, 28, 2, 0, 259
1761079133, meta, 100, 28, 2, 0, 296
1761079133, meta, 1000, 889, 3, 0, 399
1761079136, meta, 1000, 889, 3, 0, 274
1761079136, meta, 3000, 2714, 3, 0, 382
1761079138, meta, 3000, 2714, 3, 0, 413
1761079139, meta, 10000, 9975, 11, 0, 917
1761079142, meta, 10000, 9975, 11, 0, 534
1761079142, meta, 30000, 30796, 12, 0, 2235
1761079146, meta, 30000, 30796, 11, 0, 2199
1761079149, meta, 100000, 105902, 9, 0, 10365
1761079161, meta, 100000, 105902, 415, 0, 17694
1761082900, meta, 10, 28, 2, 0, 273
1761082902, meta, 10, 28, 2, 0, 268
1761082902, meta, 100, 28, 2, 0, 260
1761082905, meta, 100, 28, 2, 0, 309
1761082905, meta, 1000, 889, 3, 0, 276
1761082907, meta, 1000, 889, 3, 0, 331
1761082908, meta, 3000, 2714, 3, 0, 530
1761082910, meta, 3000, 2714, 3, 0, 503
1761082911, meta, 10000, 9975, 12, 0, 939
1761082914, meta, 10000, 9975, 12, 0, 632
1761082914, meta, 30000, 30796, 11, 0, 2297
1761082919, meta, 30000, 30796, 180, 0, 3139
1761082922, meta, 100000, 105903, 204, 0, 12642
1761082936, meta, 100000, 105903, 13, 0, 2289
1761086647, meta, 10, 28, 2, 0, 287
1761086649, meta, 10, 28, 2, 0, 338
1761086650, meta, 100, 28, 2, 0, 323
1761086652, meta, 100, 28, 2, 0, 339
1761086652, meta, 1000, 889, 3, 0, 359
1761086655, meta, 1000, 889, 2, 0, 375
1761086655, meta, 3000, 2714, 3, 0, 464
1761086658, meta, 3000, 2714, 2, 0, 398
1761086658, meta, 10000, 9975, 11, 0, 936
1761086661, meta, 10000, 9975, 11, 0, 686
1761086662, meta, 30000, 30796, 39, 0, 2607
1761086666, meta, 30000, 30796, 242, 0, 5498
1761086672, meta, 100000, 105902, 44, 0, 9546
1761086683, meta, 100000, 105902, 9, 0, 2143
1761090396, meta, 10, 28, 2, 0, 344
1761090399, meta, 10, 28, 2, 0, 274
1761090399, meta, 100, 28, 2, 0, 334
1761090401, meta, 100, 28, 2, 0, 344
1761090402, meta, 1000, 889, 2, 0, 297
1761090404, meta, 1000, 889, 3, 0, 384
1761090404, meta, 3000, 2714, 3, 0, 477
1761090407, meta, 3000, 2714, 3, 0, 466
1761090407, meta, 10000, 9975, 11, 0, 976
1761090410, meta, 10000, 9975, 11, 0, 661
1761090411, meta, 30000, 30796, 12, 0, 2196
1761090415, meta, 30000, 30796, 13, 0, 1002
1761090416, meta, 100000, 105902, 12, 0, 9018
1761090427, meta, 100000, 105902, 11, 0, 2058
1761094129, meta, 10, 28, 2, 0, 325
1761094132, meta, 10, 28, 2, 0, 269
1761094132, meta, 100, 28, 2, 0, 321
1761094134, meta, 100, 28, 2, 0, 302
1761094135, meta, 1000, 889, 2, 0, 434
1761094137, meta, 1000, 889, 3, 0, 384
1761094137, meta, 3000, 2714, 3, 0, 490
1761094140, meta, 3000, 2714, 3, 0, 478
1761094140, meta, 10000, 9975, 11, 0, 977
1761094143, meta, 10000, 9975, 11, 0, 889
1761094144, meta, 30000, 30796, 12, 0, 2334
1761094149, meta, 30000, 30796, 53, 0, 2714
1761094151, meta, 100000, 105902, 276, 0, 14004
1761094167, meta, 100000, 105902, 11, 0, 9128
1761097882, meta, 10, 28, 2, 0, 373
1761097885, meta, 10, 28, 2, 0, 333
1761097885, meta, 100, 28, 2, 0, 339
1761097887, meta, 100, 28, 2, 0, 263
1761097888, meta, 1000, 890, 3, 0, 400
1761097890, meta, 1000, 890, 3, 0, 392
1761097890, meta, 3000, 2714, 3, 0, 558
1761097893, meta, 3000, 2714, 3, 0, 315
1761097893, meta, 10000, 9975, 11, 0, 952
1761097896, meta, 10000, 9975, 11, 0, 652
1761097897, meta, 30000, 30796, 270, 0, 6426
1761097905, meta, 30000, 30796, 12, 0, 1028
1761097906, meta, 100000, 105901, 8, 0, 9061
1761097917, meta, 100000, 105901, 9, 0, 1991
1761101620, meta, 10, 28, 2, 0, 390
1761101623, meta, 10, 28, 2, 0, 328
1761101623, meta, 100, 28, 2, 0, 261
1761101625, meta, 100, 28, 2, 0, 393
1761101626, meta, 1000, 889, 2, 0, 416
1761101628, meta, 1000, 889, 3, 0, 345
1761101629, meta, 3000, 2714, 3, 0, 380
1761101631, meta, 3000, 2714, 3, 0, 435
1761101631, meta, 10000, 9975, 11, 0, 958
1761101634, meta, 10000, 9975, 11, 0, 963
1761101635, meta, 30000, 30796, 12, 0, 2317
1761101640, meta, 30000, 30796, 11, 0, 2212
1761101642, meta, 100000, 105903, 242, 0, 13160
1761101657, meta, 100000, 105903, 443, 0, 16173
1761105377, meta, 10, 28, 2, 0, 279
1761105380, meta, 10, 28, 2, 0, 342
1761105380, meta, 100, 28, 2, 0, 325
1761105382, meta, 100, 28, 2, 0, 337
1761105383, meta, 1000, 889, 3, 0, 402
1761105385, meta, 1000, 889, 3, 0, 290
1761105385, meta, 3000, 2714, 3, 0, 443
1761105388, meta, 3000, 2714, 3, 0, 460
1761105388, meta, 10000, 9976, 3, 0, 903
1761105391, meta, 10000, 9976, 11, 0, 548
1761105392, meta, 30000, 30796, 265, 0, 5568
1761105399, meta, 30000, 30796, 11, 0, 891
1761105400, meta, 100000, 105901, 12, 0, 9157
1761105411, meta, 100000, 105901, 396, 0, 9109
1761109122, meta, 10, 28, 2, 0, 338
1761109125, meta, 10, 28, 2, 0, 334
1761109125, meta, 100, 28, 2, 0, 330
1761109127, meta, 100, 28, 2, 0, 252
1761109127, meta, 1000, 889, 3, 0, 337
1761109130, meta, 1000, 889, 3, 0, 406
1761109130, meta, 3000, 2714, 3, 0, 378
1761109133, meta, 3000, 2714, 3, 0, 333
1761109133, meta, 10000, 9975, 11, 0, 953
1761109136, meta, 10000, 9975, 11, 0, 966
1761109137, meta, 30000, 30796, 11, 0, 2194
1761109141, meta, 30000, 30796, 14, 0, 2502
1761109144, meta, 100000, 105902, 14, 0, 9263
1761109155, meta, 100000, 105902, 13, 0, 9048
1761112882, meta, 10, 28, 2, 0, 345
1761112884, meta, 10, 28, 2, 0, 345
1761112884, meta, 100, 28, 2, 0, 330
1761112887, meta, 100, 28, 2, 0, 333
1761112887, meta, 1000, 889, 2, 0, 359
1761112889, meta, 1000, 889, 2, 0, 291
1761112890, meta, 3000, 2714, 3, 0, 473
1761112892, meta, 3000, 2714, 3, 0, 406
1761112893, meta, 10000, 9975, 12, 0, 980
1761112896, meta, 10000, 9975, 12, 0, 608
1761112896, meta, 30000, 30796, 11, 0, 2230
1761112900, meta, 30000, 30796, 11, 0, 2174
1761112903, meta, 100000, 105903, 9, 0, 9287
1761112914, meta, 100000, 105903, 12, 0, 2346
1761116623, meta, 10, 28, 2, 0, 336
1761116625, meta, 10, 28, 2, 0, 343
1761116626, meta, 100, 28, 2, 0, 322
1761116628, meta, 100, 28, 2, 0, 311
1761116628, meta, 1000, 889, 3, 0, 369
1761116631, meta, 1000, 889, 3, 0, 342
1761116631, meta, 3000, 2714, 3, 0, 486
1761116634, meta, 3000, 2714, 3, 0, 421
1761116634, meta, 10000, 9976, 11, 0, 958
1761116637, meta, 10000, 9976, 11, 0, 972
1761116638, meta, 30000, 30796, 134, 0, 3990
1761116644, meta, 30000, 30796, 10, 0, 2294
1761116646, meta, 100000, 105901, 316, 0, 14104
1761116662, meta, 100000, 105901, 9, 0, 2588
1761120376, meta, 10, 28, 2, 0, 343
1761120378, meta, 10, 28, 2, 0, 325
1761120379, meta, 100, 28, 2, 0, 325
1761120381, meta, 100, 28, 2, 0, 329
1761120381, meta, 1000, 889, 3, 0, 352
1761120384, meta, 1000, 889, 3, 0, 301
1761120384, meta, 3000, 2715, 3, 0, 431
1761120386, meta, 3000, 2715, 3, 0, 375
1761120387, meta, 10000, 9975, 11, 0, 1011
1761120390, meta, 10000, 9975, 11, 0, 652
1761120390, meta, 30000, 30796, 72, 0, 3073
1761120395, meta, 30000, 30796, 11, 0, 2194
1761120398, meta, 100000, 105902, 10, 0, 9194
1761120409, meta, 100000, 105902, 11, 0, 9218
1761124134, meta, 10, 28, 2, 0, 421
1761124136, meta, 10, 28, 2, 0, 261
1761124137, meta, 100, 28, 2, 0, 317
1761124139, meta, 100, 28, 2, 0, 291
1761124139, meta, 1000, 889, 3, 0, 447
1761124142, meta, 1000, 889, 3, 0, 444
1761124142, meta, 3000, 2715, 3, 0, 454
1761124145, meta, 3000, 2715, 3, 0, 1001
1761124146, meta, 10000, 9975, 11, 0, 947
1761124149, meta, 10000, 9975, 11, 0, 614
1761124149, meta, 30000, 30796, 11, 0, 2191
1761124153, meta, 30000, 30796, 98, 0, 3307
1761124157, meta, 100000, 105902, 10, 0, 9315
1761124168, meta, 100000, 105902, 12, 0, 2314
1761127875, meta, 10, 28, 2, 0, 265
1761127877, meta, 10, 28, 2, 0, 323
1761127877, meta, 100, 28, 2, 0, 310
1761127880, meta, 100, 28, 2, 0, 335
1761127880, meta, 1000, 889, 3, 0, 356
1761127882, meta, 1000, 889, 2, 0, 330
1761127883, meta, 3000, 2714, 3, 0, 374
1761127885, meta, 3000, 2714, 3, 0, 499
1761127885, meta, 10000, 9975, 11, 0, 977
1761127888, meta, 10000, 9975, 12, 0, 948
1761127889, meta, 30000, 30796, 11, 0, 2324
1761127894, meta, 30000, 30796, 130, 0, 4007
1761127898, meta, 100000, 105902, 10, 0, 9128
1761127909, meta, 100000, 105902, 288, 0, 7308
1761131622, meta, 10, 28, 2, 0, 330
1761131624, meta, 10, 28, 2, 0, 399
1761131624, meta, 100, 28, 2, 0, 402
1761131627, meta, 100, 28, 2, 0, 304
1761131627, meta, 1000, 889, 3, 0, 391
1761131629, meta, 1000, 889, 3, 0, 407
1761131630, meta, 3000, 2714, 3, 0, 481
1761131632, meta, 3000, 2714, 3, 0, 665
1761131633, meta, 10000, 9975, 11, 0, 956
1761131636, meta, 10000, 9975, 3, 0, 893
1761131637, meta, 30000, 30796, 11, 0, 2337
1761131641, meta, 30000, 30796, 11, 0, 2245
1761131643, meta, 100000, 105903, 689, 0, 22055
1761131667, meta, 100000, 105903, 1231, 0, 21412
1761135392, meta, 10, 28, 2, 0, 283
1761135395, meta, 10, 28, 2, 0, 365
1761135395, meta, 100, 28, 2, 0, 374
1761135398, meta, 100, 28, 2, 0, 419
1761135398, meta, 1000, 889, 3, 0, 334
1761135400, meta, 1000, 889, 3, 0, 363
1761135401, meta, 3000, 2714, 3, 0, 409
1761135403, meta, 3000, 2714, 3, 0, 468
1761135404, meta, 10000, 9975, 11, 0, 903
1761135406, meta, 10000, 9975, 11, 0, 904
1761135407, meta, 30000, 30796, 11, 0, 2275
1761135412, meta, 30000, 30796, 57, 0, 1573
1761135413, meta, 100000, 105902, 11, 0, 9185
1761135424, meta, 100000, 105902, 8, 0, 9189
1761139159, meta, 10, 28, 2, 0, 433
1761139161, meta, 10, 28, 2, 0, 400
1761139161, meta, 100, 28, 2, 0, 394
1761139164, meta, 100, 28, 2, 0, 374
1761139164, meta, 1000, 889, 3, 0, 342
1761139167, meta, 1000, 889, 3, 0, 309
1761139167, meta, 3000, 2714, 3, 0, 493
1761139169, meta, 3000, 2714, 3, 0, 385
1761139170, meta, 10000, 9975, 11, 0, 949
1761139173, meta, 10000, 9975, 11, 0, 886
1761139174, meta, 30000, 30796, 11, 0, 2307
1761139178, meta, 30000, 30796, 241, 0, 5277
1761139183, meta, 100000, 105903, 59, 0, 9891
1761139195, meta, 100000, 105903, 496, 0, 16618
1761142908, meta, 10, 28, 2, 0, 356
1761142910, meta, 10, 28, 2, 0, 337
1761142910, meta, 100, 28, 2, 0, 396
1761142913, meta, 100, 28, 2, 0, 398
1761142913, meta, 1000, 889, 2, 0, 420
1761142916, meta, 1000, 889, 3, 0, 337
1761142916, meta, 3000, 2714, 2, 0, 514
1761142918, meta, 3000, 2714, 2, 0, 467
1761142919, meta, 10000, 9975, 11, 0, 975
1761142922, meta, 10000, 9975, 11, 0, 637
1761142923, meta, 30000, 30796, 10, 0, 2269
1761142927, meta, 30000, 30796, 229, 0, 5178
1761142932, meta, 100000, 105902, 9, 0, 9135
1761142943, meta, 100000, 105902, 13, 0, 2195
1761146690, meta, 10, 28, 2, 0, 319
1761146693, meta, 10, 28, 2, 0, 420
1761146693, meta, 100, 28, 2, 0, 391
1761146696, meta, 100, 28, 2, 0, 383
1761146696, meta, 1000, 889, 3, 0, 286
1761146698, meta, 1000, 889, 2, 0, 453
1761146699, meta, 3000, 2714, 3, 0, 438
1761146701, meta, 3000, 2714, 3, 0, 370
1761146701, meta, 10000, 9975, 26, 0, 1168
1761146705, meta, 10000, 9975, 11, 0, 914
1761146706, meta, 30000, 30796, 8, 0, 2193
1761146710, meta, 30000, 30796, 8, 0, 871
1761146711, meta, 100000, 105902, 9, 0, 9032
1761146722, meta, 100000, 105902, 342, 0, 14282
1761150441, meta, 10, 28, 2, 0, 338
1761150444, meta, 10, 28, 2, 0, 445
1761150444, meta, 100, 28, 2, 0, 299
1761150446, meta, 100, 28, 2, 0, 331
1761150447, meta, 1000, 890, 3, 0, 330
1761150449, meta, 1000, 890, 3, 0, 410
1761150449, meta, 3000, 2714, 3, 0, 520
1761150452, meta, 3000, 2714, 3, 0, 427
1761150452, meta, 10000, 9975, 11, 0, 995
1761150455, meta, 10000, 9975, 12, 0, 704
1761150456, meta, 30000, 30796, 61, 0, 2939
1761150461, meta, 30000, 30796, 11, 0, 2417
1761150463, meta, 100000, 105901, 300, 0, 14006
1761150479, meta, 100000, 105901, 438, 0, 15937
1761154215, meta, 10, 28, 2, 0, 341
1761154217, meta, 10, 28, 2, 0, 395
1761154218, meta, 100, 28, 2, 0, 329
1761154220, meta, 100, 28, 2, 0, 333
1761154220, meta, 1000, 889, 2, 0, 331
1761154223, meta, 1000, 889, 2, 0, 390
1761154223, meta, 3000, 2714, 3, 0, 499
1761154225, meta, 3000, 2714, 3, 0, 526
1761154226, meta, 10000, 9975, 11, 0, 974
1761154229, meta, 10000, 9975, 11, 0, 1024
1761154230, meta, 30000, 30796, 11, 0, 2334
1761154234, meta, 30000, 30796, 58, 0, 1704
1761154236, meta, 100000, 105901, 11, 0, 9276
1761154247, meta, 100000, 105901, 11, 0, 9119
1761157965, meta, 10, 28, 2, 0, 390
1761157968, meta, 10, 28, 2, 0, 525
1761157968, meta, 100, 28, 2, 0, 374
1761157971, meta, 100, 28, 2, 0, 418
1761157971, meta, 1000, 889, 2, 0, 429
1761157974, meta, 1000, 889, 3, 0, 286
1761157974, meta, 3000, 2714, 3, 0, 481
1761157976, meta, 3000, 2714, 3, 0, 478
1761157977, meta, 10000, 9975, 11, 0, 981
1761157980, meta, 10000, 9975, 11, 0, 979
1761157981, meta, 30000, 30796, 11, 0, 2409
1761157985, meta, 30000, 30796, 11, 0, 2268
1761157987, meta, 100000, 105903, 368, 0, 14477
1761158004, meta, 100000, 105903, 12, 0, 2187
1761161713, meta, 10, 28, 2, 0, 416
1761161715, meta, 10, 28, 2, 0, 314
1761161716, meta, 100, 28, 2, 0, 346
1761161718, meta, 100, 28, 2, 0, 398
1761161718, meta, 1000, 889, 2, 0, 268
1761161721, meta, 1000, 889, 3, 0, 382
1761161721, meta, 3000, 2714, 3, 0, 507
1761161724, meta, 3000, 2714, 3, 0, 502
1761161724, meta, 10000, 9975, 11, 0, 1026
1761161727, meta, 10000, 9975, 11, 0, 937
1761161728, meta, 30000, 30796, 56, 0, 2839
1761161733, meta, 30000, 30796, 12, 0, 2299
1761161735, meta, 100000, 105902, 13, 0, 9361
1761161747, meta, 100000, 105902, 9, 0, 2122
1761165455, meta, 10, 28, 2, 0, 284
1761165457, meta, 10, 28, 2, 0, 419
1761165457, meta, 100, 28, 2, 0, 555
1761165460, meta, 100, 28, 2, 0, 359
1761165460, meta, 1000, 889, 2, 0, 282
1761165463, meta, 1000, 889, 3, 0, 478
1761165463, meta, 3000, 2714, 3, 0, 413
1761165465, meta, 3000, 2714, 3, 0, 469
1761165466, meta, 10000, 9975, 12, 0, 954
1761165469, meta, 10000, 9975, 12, 0, 697
1761165470, meta, 30000, 30796, 12, 0, 2416
1761165474, meta, 30000, 30796, 12, 0, 885
1761165475, meta, 100000, 105903, 9, 0, 9422
1761165486, meta, 100000, 105903, 11, 0, 9197
1761169200, meta, 10, 28, 2, 0, 408
1761169203, meta, 10, 28, 2, 0, 449
1761169203, meta, 100, 28, 2, 0, 477
1761169206, meta, 100, 28, 2, 0, 445
1761169206, meta, 1000, 889, 3, 0, 345
1761169209, meta, 1000, 889, 2, 0, 384
1761169209, meta, 3000, 2714, 3, 0, 556
1761169212, meta, 3000, 2714, 3, 0, 432
1761169212, meta, 10000, 9975, 11, 0, 982
1761169215, meta, 10000, 9975, 11, 0, 951
1761169216, meta, 30000, 30796, 12, 0, 2225
1761169220, meta, 30000, 30796, 11, 0, 2379
1761169223, meta, 100000, 105902, 744, 0, 20446
1761169245, meta, 100000, 105902, 9, 0, 2238
1761172957, meta, 10, 28, 2, 0, 274
1761172960, meta, 10, 28, 2, 0, 421
1761172960, meta, 100, 28, 2, 0, 349
1761172962, meta, 100, 28, 2, 0, 281
1761172963, meta, 1000, 890, 2, 0, 470
1761172965, meta, 1000, 890, 2, 0, 348
1761172966, meta, 3000, 2714, 3, 0, 512
1761172968, meta, 3000, 2714, 3, 0, 456
1761172969, meta, 10000, 9975, 11, 0, 977
1761172971, meta, 10000, 9975, 11, 0, 650
1761172972, meta, 30000, 30796, 14, 0, 2371
1761172977, meta, 30000, 30796, 13, 0, 2292
1761172979, meta, 100000, 105902, 9, 0, 9281
1761172990, meta, 100000, 105902, 13, 0, 2264
1761176713, meta, 10, 28, 2, 0, 302
1761176716, meta, 10, 28, 2, 0, 407
1761176716, meta, 100, 28, 2, 0, 348
1761176718, meta, 100, 28, 2, 0, 278
1761176719, meta, 1000, 889, 3, 0, 286
1761176721, meta, 1000, 889, 3, 0, 361
1761176721, meta, 3000, 2714, 3, 0, 394
1761176724, meta, 3000, 2714, 2, 0, 385
1761176724, meta, 10000, 9975, 12, 0, 906
1761176727, meta, 10000, 9975, 12, 0, 585
1761176728, meta, 30000, 30796, 50, 0, 2947
1761176733, meta, 30000, 30796, 51, 0, 1650
1761176734, meta, 100000, 105902, 589, 0, 18485
1761176755, meta, 100000, 105902, 9, 0, 9124
1761182883, meta, 10, 28, 2, 0, 290
1761182885, meta, 10, 28, 2, 0, 282
1761182885, meta, 100, 28, 2, 0, 404
1761182888, meta, 100, 28, 2, 0, 331
1761182888, meta, 1000, 889, 3, 0, 283
1761182890, meta, 1000, 889, 3, 0, 357
1761182891, meta, 3000, 2714, 3, 0, 380
1761182893, meta, 3000, 2714, 3, 0, 422
1761182893, meta, 10000, 9975, 11, 0, 944
1761182896, meta, 10000, 9975, 3, 0, 934
1761182897, meta, 30000, 30796, 11, 0, 2246
1761182902, meta, 30000, 30796, 10, 0, 2135
1761182904, meta, 100000, 105902, 13, 0, 9128
1761182915, meta, 100000, 105902, 473, 0, 16770
1761186659, meta, 10, 28, 2, 0, 400
1761186662, meta, 10, 28, 2, 0, 304
1761186662, meta, 100, 28, 2, 0, 313
1761186664, meta, 100, 28, 2, 0, 309
1761186665, meta, 1000, 889, 2, 0, 407
1761186667, meta, 1000, 889, 2, 0, 319
1761186668, meta, 3000, 2714, 3, 0, 419
1761186670, meta, 3000, 2714, 3, 0, 356
1761186670, meta, 10000, 9975, 3, 0, 866
1761186673, meta, 10000, 9975, 11, 0, 906
1761186674, meta, 30000, 30796, 14, 0, 2216
1761186678, meta, 30000, 30796, 12, 0, 997
1761186679, meta, 100000, 105901, 12, 0, 9056
1761186690, meta, 100000, 105901, 13, 0, 2192
1761190395, meta, 10, 28, 2, 0, 359
1761190398, meta, 10, 28, 2, 0, 350
1761190398, meta, 100, 28, 2, 0, 321
1761190401, meta, 100, 28, 2, 0, 377
1761190401, meta, 1000, 889, 3, 0, 388
1761190403, meta, 1000, 889, 3, 0, 364
1761190404, meta, 3000, 2714, 3, 0, 457
1761190406, meta, 3000, 2714, 3, 0, 419
1761190407, meta, 10000, 9975, 11, 0, 984
1761190410, meta, 10000, 9975, 11, 0, 766
1761190410, meta, 30000, 30796, 11, 0, 2314
1761190415, meta, 30000, 30796, 11, 0, 2342
1761190417, meta, 100000, 105902, 13, 0, 9139
1761190428, meta, 100000, 105902, 13, 0, 2289
1761194146, meta, 10, 28, 2, 0, 642
1761194148, meta, 10, 28, 2, 0, 404
1761194149, meta, 100, 28, 2, 0, 330
1761194151, meta, 100, 28, 2, 0, 396
1761194151, meta, 1000, 889, 3, 0, 356
1761194154, meta, 1000, 889, 3, 0, 547
1761194154, meta, 3000, 2714, 3, 0, 527
1761194157, meta, 3000, 2714, 2, 0, 491
1761194157, meta, 10000, 9975, 11, 0, 1018
1761194160, meta, 10000, 9975, 11, 0, 945
1761194161, meta, 30000, 30796, 11, 0, 2347
1761194166, meta, 30000, 30796, 10, 0, 2311
1761194168, meta, 100000, 105903, 10, 0, 9291
1761194179, meta, 100000, 105903, 12, 0, 2334
1761197894, meta, 10, 28, 2, 0, 290
1761197896, meta, 10, 28, 2, 0, 384
1761197897, meta, 100, 28, 2, 0, 293
1761197899, meta, 100, 28, 2, 0, 299
1761197899, meta, 1000, 889, 3, 0, 307
1761197902, meta, 1000, 889, 3, 0, 314
1761197902, meta, 3000, 2714, 3, 0, 392
1761197904, meta, 3000, 2714, 3, 0, 357
1761197905, meta, 10000, 9975, 11, 0, 901
1761197908, meta, 10000, 9975, 11, 0, 661
1761197908, meta, 30000, 30796, 11, 0, 2246
1761197913, meta, 30000, 30796, 11, 0, 2190
1761197915, meta, 100000, 105901, 492, 0, 17090
1761197934, meta, 100000, 105901, 338, 0, 7582
1761201649, meta, 10, 28, 2, 0, 386
1761201652, meta, 10, 28, 2, 0, 343
1761201652, meta, 100, 28, 2, 0, 516
1761201654, meta, 100, 28, 2, 0, 409
1761201655, meta, 1000, 890, 3, 0, 382
1761201657, meta, 1000, 890, 3, 0, 392
1761201658, meta, 3000, 2714, 3, 0, 680
1761201660, meta, 3000, 2714, 2, 0, 584
1761201661, meta, 10000, 9975, 11, 0, 895
1761201664, meta, 10000, 9975, 11, 0, 920
1761201665, meta, 30000, 30796, 45, 0, 2679
1761201669, meta, 30000, 30796, 12, 0, 873
1761201670, meta, 100000, 105902, 368, 0, 14565
1761201687, meta, 100000, 105902, 9, 0, 9041
1761205398, meta, 10, 28, 2, 0, 429
1761205400, meta, 10, 28, 2, 0, 348
1761205401, meta, 100, 28, 2, 0, 291
1761205403, meta, 100, 28, 2, 0, 412
1761205403, meta, 1000, 889, 3, 0, 406
1761205406, meta, 1000, 889, 3, 0, 368
1761205406, meta, 3000, 2714, 3, 0, 445
1761205409, meta, 3000, 2714, 3, 0, 440
1761205409, meta, 10000, 9975, 11, 0, 897
1761205412, meta, 10000, 9975, 11, 0, 615
1761205413, meta, 30000, 30796, 73, 0, 2930
1761205417, meta, 30000, 30796, 37, 0, 2575
1761205420, meta, 100000, 105901, 65, 0, 10182
1761205432, meta, 100000, 105901, 9, 0, 2087
1761209137, meta, 10, 28, 2, 0, 410
1761209139, meta, 10, 28, 2, 0, 411
1761209140, meta, 100, 28, 2, 0, 367
1761209142, meta, 100, 28, 2, 0, 351
1761209142, meta, 1000, 889, 3, 0, 337
1761209145, meta, 1000, 889, 3, 0, 410
1761209145, meta, 3000, 2714, 3, 0, 396
1761209148, meta, 3000, 2714, 3, 0, 468
1761209148, meta, 10000, 9975, 11, 0, 988
1761209151, meta, 10000, 9975, 11, 0, 618
1761209152, meta, 30000, 30796, 11, 0, 2327
1761209156, meta, 30000, 30796, 27, 0, 2474
1761209158, meta, 100000, 105903, 11, 0, 9248
1761209170, meta, 100000, 105903, 9, 0, 9178
1761212886, meta, 10, 28, 2, 0, 378
1761212888, meta, 10, 28, 2, 0, 262
1761212888, meta, 100, 28, 2, 0, 341
1761212891, meta, 100, 28, 2, 0, 327
1761212891, meta, 1000, 889, 3, 0, 295
1761212893, meta, 1000, 889, 3, 0, 383
1761212894, meta, 3000, 2714, 3, 0, 596
1761212896, meta, 3000, 2714, 2, 0, 371
1761212897, meta, 10000, 9975, 11, 0, 980
1761212900, meta, 10000, 9975, 11, 0, 955
1761212901, meta, 30000, 30796, 11, 0, 2245
1761212905, meta, 30000, 30796, 10, 0, 2159
1761212907, meta, 100000, 105902, 517, 0, 17124
1761212926, meta, 100000, 105902, 11, 0, 2073
1761216631, meta, 10, 28, 2, 0, 390
1761216634, meta, 10, 28, 2, 0, 336
1761216634, meta, 100, 28, 2, 0, 317
1761216636, meta, 100, 28, 2, 0, 404
1761216637, meta, 1000, 890, 3, 0, 357
1761216639, meta, 1000, 890, 3, 0, 414
1761216639, meta, 3000, 2714, 3, 0, 521
1761216642, meta, 3000, 2714, 3, 0, 463
1761216642, meta, 10000, 9975, 11, 0, 997
1761216645, meta, 10000, 9975, 11, 0, 973
1761216646, meta, 30000, 30796, 13, 0, 2359
1761216651, meta, 30000, 0, 0, 0, 60965
1761216712, meta, 100000, 105901, 444, 0, 16610
1761216730, meta, 100000, 105901, 380, 0, 15490
1761220453, meta, 10, 28, 2, 0, 324
1761220456, meta, 10, 28, 2, 0, 334
1761220456, meta, 100, 28, 2, 0, 361
1761220458, meta, 100, 28, 2, 0, 286
1761220459, meta, 1000, 889, 3, 0, 306
1761220461, meta, 1000, 889, 3, 0, 351
1761220461, meta, 3000, 2714, 3, 0, 431
1761220464, meta, 3000, 2714, 3, 0, 330
1761220464, meta, 10000, 9975, 11, 0, 902
1761220467, meta, 10000, 9975, 11, 0, 539
1761220468, meta, 30000, 30796, 11, 0, 2223
1761220472, meta, 30000, 30796, 333, 0, 5112
1761220477, meta, 100000, 105901, 495, 0, 16674
1761220496, meta, 100000, 105901, 9, 0, 9162
1761224208, meta, 10, 28, 2, 0, 370
1761224210, meta, 10, 28, 2, 0, 358
1761224211, meta, 100, 28, 2, 0, 321
1761224213, meta, 100, 28, 2, 0, 349
1761224213, meta, 1000, 889, 3, 0, 406
1761224216, meta, 1000, 889, 3, 0, 360
1761224216, meta, 3000, 2714, 3, 0, 488
1761224219, meta, 3000, 2714, 3, 0, 461
1761224219, meta, 10000, 9975, 11, 0, 969
1761224222, meta, 10000, 9975, 11, 0, 690
1761224223, meta, 30000, 30796, 94, 0, 3368
1761224228, meta, 30000, 30796, 94, 0, 2245
1761224230, meta, 100000, 105902, 276, 0, 13280
1761224246, meta, 100000, 105902, 13, 0, 2424
1761227955, meta, 10, 28, 2, 0, 304
1761227957, meta, 10, 28, 2, 0, 305
1761227957, meta, 100, 28, 2, 0, 269
1761227960, meta, 100, 28, 2, 0, 348
1761227960, meta, 1000, 889, 3, 0, 314
1761227962, meta, 1000, 889, 3, 0, 322
1761227963, meta, 3000, 2714, 3, 0, 394
1761227965, meta, 3000, 2714, 3, 0, 377
1761227965, meta, 10000, 9975, 12, 0, 900
1761227968, meta, 10000, 9975, 12, 0, 613
1761227969, meta, 30000, 30796, 11, 0, 2296
1761227973, meta, 30000, 30796, 70, 0, 1753
1761227975, meta, 100000, 105903, 12, 0, 9187
1761227986, meta, 100000, 105903, 11, 0, 8973
1761231711, meta, 10, 28, 2, 0, 338
1761231713, meta, 10, 28, 2, 0, 329
1761231714, meta, 100, 28, 2, 0, 384
1761231716, meta, 100, 28, 2, 0, 380
1761231717, meta, 1000, 889, 3, 0, 305
1761231719, meta, 1000, 889, 3, 0, 358
1761231719, meta, 3000, 2714, 3, 0, 452
1761231722, meta, 3000, 2714, 3, 0, 412
1761231722, meta, 10000, 9975, 11, 0, 976
1761231725, meta, 10000, 9975, 3, 0, 810
1761231726, meta, 30000, 30796, 75, 0, 3169
1761231731, meta, 30000, 30796, 66, 0, 3111
1761231734, meta, 100000, 105903, 9, 0, 9042
1761231745, meta, 100000, 105903, 12, 0, 9025
1761235509, meta, 10, 28, 2, 0, 378
1761235512, meta, 10, 28, 2, 0, 391
1761235512, meta, 100, 28, 2, 0, 337
1761235515, meta, 100, 28, 2, 0, 489
1761235515, meta, 1000, 889, 3, 0, 469
1761235517, meta, 1000, 889, 3, 0, 445
1761235518, meta, 3000, 2714, 3, 0, 507
1761235520, meta, 3000, 2714, 3, 0, 521
1761235521, meta, 10000, 9976, 11, 0, 997
1761235524, meta, 10000, 9976, 11, 0, 1003
1761235525, meta, 30000, 30796, 11, 0, 2308
1761235529, meta, 30000, 30796, 49, 0, 1744
1761235531, meta, 100000, 105902, 11, 0, 9340
1761235542, meta, 100000, 105902, 9, 0, 2314
1761239262, meta, 10, 28, 2, 0, 797
1761239265, meta, 10, 28, 2, 0, 391
1761239265, meta, 100, 28, 2, 0, 271
1761239268, meta, 100, 28, 2, 0, 353
1761239268, meta, 1000, 889, 3, 0, 370
1761239270, meta, 1000, 889, 3, 0, 360
1761239271, meta, 3000, 2715, 3, 0, 469
1761239273, meta, 3000, 2715, 3, 0, 490
1761239274, meta, 10000, 9975, 12, 0, 1074
1761239277, meta, 10000, 9975, 12, 0, 650
1761239277, meta, 30000, 30796, 11, 0, 2477
1761239282, meta, 30000, 30796, 19, 0, 1078
1761239283, meta, 100000, 105902, 9, 0, 9393
1761239294, meta, 100000, 105902, 9, 0, 2127
1761243006, meta, 10, 28, 2, 0, 364
1761243008, meta, 10, 28, 2, 0, 453
1761243008, meta, 100, 28, 2, 0, 334
1761243011, meta, 100, 28, 2, 0, 366
1761243011, meta, 1000, 889, 3, 0, 311
1761243013, meta, 1000, 889, 2, 0, 429
1761243014, meta, 3000, 2714, 3, 0, 447
1761243016, meta, 3000, 2714, 3, 0, 464
1761243017, meta, 10000, 9975, 12, 0, 986
1761243020, meta, 10000, 9975, 3, 0, 681
1761243020, meta, 30000, 30796, 10, 0, 2145
1761243025, meta, 30000, 30796, 190, 0, 3365
1761243028, meta, 100000, 105901, 12, 0, 9225
1761243039, meta, 100000, 105901, 366, 0, 15316
1761246759, meta, 10, 28, 2, 0, 295
1761246761, meta, 10, 28, 2, 0, 274
1761246762, meta, 100, 28, 2, 0, 411
1761246764, meta, 100, 28, 2, 0, 389
1761246765, meta, 1000, 889, 3, 0, 356
1761246767, meta, 1000, 889, 3, 0, 397
1761246767, meta, 3000, 2714, 3, 0, 420
1761246770, meta, 3000, 2714, 3, 0, 513
1761246770, meta, 10000, 9975, 11, 0, 961
1761246773, meta, 10000, 9975, 12, 0, 556
1761246774, meta, 30000, 30796, 11, 0, 2237
1761246778, meta, 30000, 30796, 11, 0, 955
1761246779, meta, 100000, 105902, 9, 0, 9027
1761246790, meta, 100000, 105902, 11, 0, 2100
1761250518, meta, 10, 28, 2, 0, 421
1761250520, meta, 10, 28, 2, 0, 282
1761250521, meta, 100, 28, 2, 0, 339
1761250523, meta, 100, 28, 2, 0, 275
1761250523, meta, 1000, 889, 3, 0, 351
1761250526, meta, 1000, 889, 3, 0, 430
1761250526, meta, 3000, 2714, 3, 0, 450
1761250528, meta, 3000, 2714, 2, 0, 495
1761250529, meta, 10000, 9975, 11, 0, 878
1761250532, meta, 10000, 9975, 11, 0, 952
1761250533, meta, 30000, 30796, 12, 0, 2386
1761250537, meta, 30000, 30796, 11, 0, 2316
1761250540, meta, 100000, 0, 0, 0, -1000
1761250542, meta, 100000, 0, 0, 0, -1000
1761254250, meta, 10, 28, 2, 0, 333
1761254253, meta, 10, 28, 2, 0, 322
1761254253, meta, 100, 28, 2, 0, 329
1761254255, meta, 100, 28, 2, 0, 356
1761254256, meta, 1000, 889, 3, 0, 390
1761254258, meta, 1000, 889, 3, 0, 343
1761254258, meta, 3000, 2714, 3, 0, 383
1761254261, meta, 3000, 2714, 3, 0, 452
1761254261, meta, 10000, 9975, 11, 0, 975
1761254264, meta, 10000, 9975, 11, 0, 1085
1761254265, meta, 30000, 30796, 11, 0, 2290
1761254270, meta, 30000, 30796, 61, 0, 1585
1761254271, meta, 100000, 0, 0, 0, -1000
1761254275, meta, 100000, 0, 0, 0, -1000
1761257997, meta, 10, 28, 2, 0, 338
1761257999, meta, 10, 28, 2, 0, 388
1761258000, meta, 100, 28, 2, 0, 368
1761258002, meta, 100, 28, 2, 0, 386
1761258002, meta, 1000, 889, 3, 0, 416
1761258005, meta, 1000, 889, 3, 0, 395
1761258005, meta, 3000, 2714, 3, 0, 483
1761258008, meta, 3000, 2714, 3, 0, 536
1761258008, meta, 10000, 9975, 11, 0, 965
1761258011, meta, 10000, 9975, 11, 0, 646
1761258012, meta, 30000, 30796, 12, 0, 2601
1761258016, meta, 30000, 30796, 74, 0, 1722
1761258018, meta, 100000, 105903, 336, 0, 16034
1761258036, meta, 100000, 105903, 13, 0, 3030
1761261747, meta, 10, 28, 2, 0, 269
1761261750, meta, 10, 28, 2, 0, 396
1761261750, meta, 100, 28, 2, 0, 314
1761261752, meta, 100, 28, 2, 0, 304
1761261753, meta, 1000, 889, 3, 0, 362
1761261755, meta, 1000, 889, 3, 0, 312
1761261755, meta, 3000, 2714, 3, 0, 398
1761261758, meta, 3000, 2714, 2, 0, 465
1761261758, meta, 10000, 9975, 11, 0, 944
1761261761, meta, 10000, 9975, 11, 0, 617
1761261762, meta, 30000, 30796, 12, 0, 2522
1761261766, meta, 30000, 30796, 95, 0, 3534
1761261770, meta, 100000, 105902, 11, 0, 9407
1761261781, meta, 100000, 105902, 506, 0, 17087
1761265499, meta, 10, 28, 2, 0, 319
1761265501, meta, 10, 28, 2, 0, 418
1761265501, meta, 100, 28, 2, 0, 388
1761265504, meta, 100, 28, 2, 0, 340
1761265504, meta, 1000, 889, 3, 0, 306
1761265506, meta, 1000, 889, 3, 0, 288
1761265507, meta, 3000, 2715, 3, 0, 375
1761265509, meta, 3000, 2715, 3, 0, 474
1761265509, meta, 10000, 9975, 11, 0, 910
1761265512, meta, 10000, 9975, 11, 0, 888
1761265513, meta, 30000, 30797, 578, 0, 9617
1761265525, meta, 30000, 30797, 38, 0, 1432
1761265526, meta, 100000, 105903, 411, 0, 15941
1761265544, meta, 100000, 105903, 496, 0, 9674
1761269259, meta, 10, 28, 2, 0, 379
1761269261, meta, 10, 28, 2, 0, 333
1761269261, meta, 100, 28, 2, 0, 279
1761269264, meta, 100, 28, 2, 0, 264
1761269264, meta, 1000, 889, 3, 0, 286
1761269266, meta, 1000, 889, 2, 0, 307
1761269266, meta, 3000, 2714, 3, 0, 383
1761269269, meta, 3000, 2714, 3, 0, 506
1761269269, meta, 10000, 9975, 11, 0, 925
1761269272, meta, 10000, 9975, 11, 0, 910
1761269273, meta, 30000, 30796, 22, 0, 2442
1761269278, meta, 30000, 30796, 12, 0, 2241
1761269280, meta, 100000, 105903, 13, 0, 9231
1761269291, meta, 100000, 105903, 56, 0, 2984
1761273000, meta, 10, 0, 0, 0, -1000
1761273002, meta, 10, 0, 0, 0, -1000
1761273002, meta, 100, 0, 0, 0, -1000
1761273004, meta, 100, 0, 0, 0, -1000
1761273004, meta, 1000, 0, 0, 0, -1000
1761273007, meta, 1000, 0, 0, 0, -1000
1761273007, meta, 3000, 0, 0, 0, -1000
1761273009, meta, 3000, 0, 0, 0, -1000
1761273009, meta, 10000, 0, 0, 0, -1000
1761273011, meta, 10000, 0, 0, 0, -1000
1761273012, meta, 30000, 0, 0, 0, -1000
1761273014, meta, 30000, 0, 0, 0, -1000
1761273014, meta, 100000, 0, 0, 0, -1000
1761273017, meta, 100000, 0, 0, 0, -1000
1761276726, meta, 10, 28, 2, 0, 406
1761276729, meta, 10, 28, 2, 0, 276
1761276729, meta, 100, 28, 2, 0, 399
1761276731, meta, 100, 28, 2, 0, 343
1761276732, meta, 1000, 890, 3, 0, 412
1761276734, meta, 1000, 890, 3, 0, 303
1761276734, meta, 3000, 2714, 3, 0, 583
1761276737, meta, 3000, 2714, 3, 0, 417
1761276737, meta, 10000, 9975, 3, 0, 961
1761276740, meta, 10000, 9975, 11, 0, 613
1761276741, meta, 30000, 0, 0, 0, -1000
1761276744, meta, 30000, 30796, 243, 0, 4774
1761276748, meta, 100000, 0, 0, 0, -1000
1761276751, meta, 100000, 0, 0, 0, -1000
1761280463, meta, 10, 28, 2, 0, 333
1761280466, meta, 10, 28, 2, 0, 371
1761280466, meta, 100, 28, 2, 0, 345
1761280469, meta, 100, 28, 2, 0, 355
1761280469, meta, 1000, 889, 3, 0, 307
1761280471, meta, 1000, 889, 3, 0, 342
1761280472, meta, 3000, 2714, 3, 0, 367
1761280474, meta, 3000, 2714, 3, 0, 460
1761280474, meta, 10000, 9975, 11, 0, 1067
1761280477, meta, 10000, 9975, 11, 0, 960
1761280478, meta, 30000, 30796, 12, 0, 2359
1761280483, meta, 30000, 30796, 11, 0, 2309
1761280485, meta, 100000, 105902, 11, 0, 10698
1761280498, meta, 100000, 105902, 11, 0, 9385
1761284212, meta, 10, 28, 2, 0, 258
1761284214, meta, 10, 28, 2, 0, 371
1761284215, meta, 100, 28, 2, 0, 393
1761284217, meta, 100, 28, 2, 0, 258
1761284217, meta, 1000, 889, 2, 0, 371
1761284220, meta, 1000, 889, 3, 0, 309
1761284220, meta, 3000, 2714, 3, 0, 449
1761284223, meta, 3000, 2714, 3, 0, 425
1761284223, meta, 10000, 9975, 11, 0, 901
1761284226, meta, 10000, 9975, 11, 0, 941
1761284227, meta, 30000, 30797, 426, 0, 8120
1761284237, meta, 30000, 30797, 279, 0, 5921
1761284243, meta, 100000, 105902, 378, 0, 15336
1761284260, meta, 100000, 105902, 509, 0, 11698
1761287989, meta, 10, 28, 2, 0, 533
1761287991, meta, 10, 28, 2, 0, 399
1761287992, meta, 100, 28, 2, 0, 269
1761287994, meta, 100, 28, 2, 0, 287
1761287994, meta, 1000, 889, 3, 0, 420
1761287997, meta, 1000, 889, 3, 0, 358
1761287997, meta, 3000, 2714, 3, 0, 390
1761287999, meta, 3000, 2714, 3, 0, 372
1761288000, meta, 10000, 9975, 12, 0, 949
1761288003, meta, 10000, 9975, 12, 0, 979
1761288004, meta, 30000, 30796, 11, 0, 2283
1761288008, meta, 30000, 30796, 10, 0, 2141
1761288010, meta, 100000, 105901, 12, 0, 9351
1761288021, meta, 100000, 105901, 3, 0, 9412
1761291735, meta, 10, 28, 2, 0, 333
1761291737, meta, 10, 28, 2, 0, 344
1761291737, meta, 100, 28, 2, 0, 327
1761291740, meta, 100, 28, 2, 0, 390
1761291740, meta, 1000, 889, 3, 0, 350
1761291742, meta, 1000, 889, 3, 0, 404
1761291743, meta, 3000, 2714, 3, 0, 457
1761291745, meta, 3000, 2714, 3, 0, 419
1761291746, meta, 10000, 9975, 3, 0, 884
1761291749, meta, 10000, 9975, 11, 0, 997
1761291750, meta, 30000, 30796, 81, 0, 3348
1761291755, meta, 30000, 30796, 12, 0, 1013
1761291756, meta, 100000, 105902, 701, 0, 19185
1761291777, meta, 100000, 105902, 13, 0, 2083
1761295490, meta, 10, 28, 2, 0, 330
1761295492, meta, 10, 28, 2, 0, 337
1761295493, meta, 100, 28, 2, 0, 326
1761295495, meta, 100, 28, 2, 0, 386
1761295495, meta, 1000, 889, 2, 0, 390
1761295498, meta, 1000, 889, 2, 0, 285
1761295498, meta, 3000, 2714, 3, 0, 418
1761295500, meta, 3000, 2714, 3, 0, 455
1761295501, meta, 10000, 9975, 11, 0, 1030
1761295504, meta, 10000, 9975, 12, 0, 1033
1761295505, meta, 30000, 30796, 12, 0, 2304
1761295509, meta, 30000, 30796, 12, 0, 2303
1761295512, meta, 100000, 105902, 12, 0, 9005
1761295523, meta, 100000, 105902, 12, 0, 2324
1761299285, meta, 10, 28, 2, 0, 262
1761299287, meta, 10, 28, 2, 0, 325
1761299287, meta, 100, 28, 2, 0, 356
1761299290, meta, 100, 28, 2, 0, 274
1761299290, meta, 1000, 889, 3, 0, 348
1761299292, meta, 1000, 889, 3, 0, 279
1761299293, meta, 3000, 2714, 3, 0, 400
1761299295, meta, 3000, 2714, 3, 0, 363
1761299295, meta, 10000, 9975, 11, 0, 985
1761299298, meta, 10000, 9975, 11, 0, 620
1761299299, meta, 30000, 30796, 67, 0, 2998
1761299304, meta, 30000, 30796, 18, 0, 1039
1761299305, meta, 100000, 105902, 12, 0, 9336
1761299316, meta, 100000, 105902, 8, 0, 2185
1761303025, meta, 10, 28, 2, 0, 415
1761303027, meta, 10, 28, 2, 0, 361
1761303028, meta, 100, 28, 2, 0, 394
1761303030, meta, 100, 28, 2, 0, 293
1761303030, meta, 1000, 889, 3, 0, 383
1761303033, meta, 1000, 889, 3, 0, 417
1761303033, meta, 3000, 2714, 3, 0, 463
1761303036, meta, 3000, 2714, 3, 0, 455
1761303036, meta, 10000, 9975, 11, 0, 1010
1761303039, meta, 10000, 9975, 11, 0, 585
1761303040, meta, 30000, 30796, 266, 0, 5758
1761303047, meta, 30000, 30796, 11, 0, 936
1761303048, meta, 100000, 105902, 11, 0, 9095
1761303059, meta, 100000, 105902, 14, 0, 2175
1761306775, meta, 10, 28, 2, 0, 370
1761306777, meta, 10, 28, 2, 0, 295
1761306777, meta, 100, 28, 2, 0, 321
1761306779, meta, 100, 28, 2, 0, 362
1761306780, meta, 1000, 889, 3, 0, 368
1761306782, meta, 1000, 889, 3, 0, 354
1761306783, meta, 3000, 2714, 2, 0, 528
1761306785, meta, 3000, 2714, 3, 0, 452
1761306786, meta, 10000, 9976, 3, 0, 859
1761306788, meta, 10000, 9976, 3, 0, 867
1761306789, meta, 30000, 30796, 11, 0, 2252
1761306794, meta, 30000, 30796, 12, 0, 879
1761306794, meta, 100000, 105902, 333, 0, 14934
1761306811, meta, 100000, 105902, 97, 0, 3707
1761310554, meta, 10, 28, 2, 0, 402
1761310556, meta, 10, 28, 2, 0, 275
1761310557, meta, 100, 28, 2, 0, 278
1761310559, meta, 100, 28, 2, 0, 352
1761310559, meta, 1000, 889, 2, 0, 360
1761310562, meta, 1000, 889, 2, 0, 383
1761310562, meta, 3000, 2714, 3, 0, 491
1761310564, meta, 3000, 2714, 3, 0, 540
1761310565, meta, 10000, 9976, 11, 0, 974
1761310568, meta, 10000, 9976, 3, 0, 477
1761310568, meta, 30000, 30796, 11, 0, 2632
1761310573, meta, 30000, 30796, 12, 0, 997
1761310574, meta, 100000, 105902, 11, 0, 10506
1761310587, meta, 100000, 0, 0, 0, -1000
1761314309, meta, 10, 28, 2, 0, 381
1761314312, meta, 10, 28, 2, 0, 419
1761314312, meta, 100, 28, 2, 0, 341
1761314315, meta, 100, 28, 2, 0, 337
1761314315, meta, 1000, 889, 3, 0, 365
1761314317, meta, 1000, 889, 3, 0, 439
1761314318, meta, 3000, 2715, 3, 0, 468
1761314320, meta, 3000, 2715, 3, 0, 485
1761314321, meta, 10000, 9975, 11, 0, 979
1761314324, meta, 10000, 9975, 11, 0, 962
1761314325, meta, 30000, 30796, 13, 0, 2264
1761314329, meta, 30000, 30796, 11, 0, 933
1761314330, meta, 100000, 105903, 331, 0, 14717
1761314347, meta, 100000, 105903, 9, 0, 2085
1761318065, meta, 10, 28, 2, 0, 262
1761318067, meta, 10, 28, 2, 0, 285
1761318067, meta, 100, 28, 2, 0, 337
1761318069, meta, 100, 28, 2, 0, 285
1761318070, meta, 1000, 889, 3, 0, 352
1761318072, meta, 1000, 889, 3, 0, 413
1761318073, meta, 3000, 2714, 3, 0, 483
1761318075, meta, 3000, 2714, 3, 0, 482
1761318076, meta, 10000, 9975, 11, 0, 1009
1761318079, meta, 10000, 9975, 11, 0, 690
1761318079, meta, 30000, 30796, 10, 0, 2265
1761318083, meta, 30000, 30796, 38, 0, 2632
1761318086, meta, 100000, 105904, 11, 0, 9412
1761318098, meta, 100000, 105904, 398, 0, 16345
1761321826, meta, 10, 28, 2, 0, 368
1761321828, meta, 10, 28, 2, 0, 308
1761321828, meta, 100, 28, 2, 0, 512
1761321831, meta, 100, 28, 2, 0, 265
1761321831, meta, 1000, 889, 3, 0, 551
1761321834, meta, 1000, 889, 3, 0, 384
1761321834, meta, 3000, 2714, 3, 0, 540
1761321836, meta, 3000, 2714, 3, 0, 373
1761321837, meta, 10000, 9975, 11, 0, 1042
1761321840, meta, 10000, 9975, 11, 0, 619
1761321840, meta, 30000, 30796, 11, 0, 2285
1761321845, meta, 30000, 30796, 11, 0, 2356
1761321847, meta, 100000, 105901, 12, 0, 9180
1761321858, meta, 100000, 105901, 13, 0, 2427
1761325566, meta, 10, 28, 2, 0, 432
1761325569, meta, 10, 28, 2, 0, 348
1761325569, meta, 100, 28, 2, 0, 276
1761325571, meta, 100, 28, 2, 0, 329
1761325572, meta, 1000, 889, 3, 0, 361
1761325574, meta, 1000, 889, 3, 0, 354
1761325574, meta, 3000, 2714, 3, 0, 630
1761325577, meta, 3000, 2714, 3, 0, 429
1761325577, meta, 10000, 9975, 11, 0, 989
1761325580, meta, 10000, 9975, 11, 0, 628
1761325581, meta, 30000, 30796, 14, 0, 2249
1761325585, meta, 30000, 30796, 60, 0, 1545
1761325587, meta, 100000, 105902, 208, 0, 12720
1761325602, meta, 100000, 105902, 13, 0, 2127
1761329317, meta, 10, 28, 2, 0, 352
1761329320, meta, 10, 28, 2, 0, 337
1761329320, meta, 100, 28, 2, 0, 416
1761329322, meta, 100, 28, 2, 0, 317
1761329323, meta, 1000, 890, 3, 0, 367
1761329325, meta, 1000, 890, 3, 0, 379
1761329325, meta, 3000, 2714, 3, 0, 494
1761329328, meta, 3000, 2714, 3, 0, 478
1761329328, meta, 10000, 9975, 11, 0, 916
1761329331, meta, 10000, 9975, 11, 0, 557
1761329332, meta, 30000, 30796, 12, 0, 2290
1761329336, meta, 30000, 30796, 11, 0, 933
1761329337, meta, 100000, 105902, 9, 0, 9417
1761329348, meta, 100000, 105902, 12, 0, 9014
1761333080, meta, 10, 28, 2, 0, 339
1761333082, meta, 10, 28, 2, 0, 273
1761333082, meta, 100, 28, 2, 0, 488
1761333085, meta, 100, 28, 2, 0, 323
1761333085, meta, 1000, 889, 3, 0, 351
1761333088, meta, 1000, 889, 3, 0, 382
1761333088, meta, 3000, 2714, 3, 0, 513
1761333090, meta, 3000, 2714, 3, 0, 398
1761333091, meta, 10000, 9975, 12, 0, 995
1761333094, meta, 10000, 9975, 11, 0, 903
1761333095, meta, 30000, 30796, 12, 0, 2265
1761333099, meta, 30000, 30796, 61, 0, 1728
1761333101, meta, 100000, 105903, 9, 0, 9411
1761333112, meta, 100000, 105903, 23, 0, 2323
1761336821, meta, 10, 28, 2, 0, 351
1761336824, meta, 10, 28, 2, 0, 334
1761336824, meta, 100, 28, 2, 0, 411
1761336827, meta, 100, 28, 2, 0, 361
1761336827, meta, 1000, 889, 2, 0, 390
1761336829, meta, 1000, 889, 2, 0, 347
1761336830, meta, 3000, 2714, 3, 0, 477
1761336832, meta, 3000, 2714, 3, 0, 432
1761336833, meta, 10000, 9975, 11, 0, 976
1761336836, meta, 10000, 9975, 11, 0, 950
1761336837, meta, 30000, 30796, 11, 0, 2261
1761336841, meta, 30000, 30796, 11, 0, 977
1761336842, meta, 100000, 105902, 10, 0, 9185
1761336853, meta, 100000, 105902, 9, 0, 9096
1761340615, meta, 10, 28, 2, 0, 325
1761340617, meta, 10, 28, 2, 0, 347
1761340617, meta, 100, 28, 2, 0, 329
1761340620, meta, 100, 28, 2, 0, 267
1761340620, meta, 1000, 889, 3, 0, 527
1761340623, meta, 1000, 889, 3, 0, 357
1761340623, meta, 3000, 2714, 3, 0, 439
1761340625, meta, 3000, 2714, 3, 0, 476
1761340626, meta, 10000, 9975, 11, 0, 966
1761340629, meta, 10000, 9975, 11, 0, 972
1761340630, meta, 30000, 30796, 25, 0, 2517
1761340634, meta, 30000, 30796, 13, 0, 910
1761340635, meta, 100000, 105902, 12, 0, 9383
1761340647, meta, 100000, 105902, 452, 0, 9371
1761344374, meta, 10, 28, 2, 0, 332
1761344376, meta, 10, 28, 2, 0, 313
1761344377, meta, 100, 28, 2, 0, 376
1761344379, meta, 100, 28, 2, 0, 384
1761344379, meta, 1000, 889, 3, 0, 391
1761344382, meta, 1000, 889, 3, 0, 351
1761344382, meta, 3000, 2714, 2, 0, 429
1761344385, meta, 3000, 2714, 3, 0, 432
1761344385, meta, 10000, 9975, 11, 0, 965
1761344388, meta, 10000, 9975, 12, 0, 977
1761344389, meta, 30000, 30796, 11, 0, 2269
1761344393, meta, 30000, 30796, 11, 0, 2236
1761344396, meta, 100000, 105902, 52, 0, 9951
1761344407, meta, 100000, 105902, 280, 0, 13774
1761348135, meta, 10, 28, 2, 0, 347
1761348137, meta, 10, 28, 2, 0, 349
1761348137, meta, 100, 28, 2, 0, 337
1761348140, meta, 100, 28, 2, 0, 350
1761348140, meta, 1000, 889, 3, 0, 346
1761348142, meta, 1000, 889, 3, 0, 350
1761348143, meta, 3000, 2714, 3, 0, 442
1761348145, meta, 3000, 2714, 3, 0, 463
1761348146, meta, 10000, 9976, 12, 0, 953
1761348149, meta, 10000, 9976, 11, 0, 964
1761348150, meta, 30000, 30796, 12, 0, 2336
1761348154, meta, 30000, 30796, 11, 0, 2205
1761348156, meta, 100000, 105902, 11, 0, 9266
1761348167, meta, 100000, 105902, 12, 0, 1974
1761351925, meta, 10, 28, 2, 0, 341
1761351928, meta, 10, 28, 2, 0, 315
1761351928, meta, 100, 28, 2, 0, 391
1761351930, meta, 100, 28, 2, 0, 351
1761351931, meta, 1000, 889, 3, 0, 400
1761351933, meta, 1000, 889, 3, 0, 301
1761351933, meta, 3000, 2714, 3, 0, 429
1761351936, meta, 3000, 2714, 3, 0, 446
1761351936, meta, 10000, 9976, 11, 0, 998
1761351939, meta, 10000, 9976, 3, 0, 565
1761351940, meta, 30000, 30797, 11, 0, 2335
1761351944, meta, 30000, 30797, 12, 0, 1032
1761351945, meta, 100000, 105902, 375, 0, 15290
1761351962, meta, 100000, 105902, 332, 0, 14775
1761355685, meta, 10, 28, 2, 0, 462
1761355687, meta, 10, 28, 2, 0, 366
1761355688, meta, 100, 28, 2, 0, 330
1761355690, meta, 100, 28, 2, 0, 355
1761355690, meta, 1000, 889, 3, 0, 364
1761355693, meta, 1000, 889, 2, 0, 361
1761355693, meta, 3000, 2715, 3, 0, 448
1761355696, meta, 3000, 2715, 3, 0, 446
1761355696, meta, 10000, 9975, 11, 0, 1019
1761355699, meta, 10000, 9975, 11, 0, 629
1761355700, meta, 30000, 30796, 11, 0, 2303
1761355704, meta, 30000, 30796, 11, 0, 2501
1761355707, meta, 100000, 105903, 322, 0, 14475
1761355723, meta, 100000, 105903, 9, 0, 2262
1761359497, meta, 10, 28, 2, 0, 355
1761359499, meta, 10, 28, 2, 0, 643
1761359500, meta, 100, 28, 2, 0, 702
1761359502, meta, 100, 28, 2, 0, 389
1761359503, meta, 1000, 889, 3, 0, 365
1761359505, meta, 1000, 889, 3, 0, 368
1761359506, meta, 3000, 2715, 3, 0, 451
1761359508, meta, 3000, 2715, 3, 0, 388
1761359508, meta, 10000, 9975, 11, 0, 1035
1761359511, meta, 10000, 9975, 12, 0, 1066
1761359512, meta, 30000, 30796, 11, 0, 2396
1761359517, meta, 30000, 30796, 25, 0, 2503
1761359519, meta, 100000, 105902, 13, 0, 9481
1761359531, meta, 100000, 105902, 9, 0, 2220
1761363237, meta, 10, 28, 2, 0, 396
1761363239, meta, 10, 28, 2, 0, 346
1761363240, meta, 100, 28, 2, 0, 340
1761363242, meta, 100, 28, 2, 0, 374
1761363242, meta, 1000, 889, 2, 0, 308
1761363245, meta, 1000, 889, 3, 0, 376
1761363245, meta, 3000, 2714, 3, 0, 433
1761363247, meta, 3000, 2714, 3, 0, 412
1761363248, meta, 10000, 9975, 11, 0, 969
1761363251, meta, 10000, 9975, 11, 0, 967
1761363252, meta, 30000, 30796, 68, 0, 3131
1761363257, meta, 30000, 30796, 80, 0, 3165
1761363260, meta, 100000, 105903, 379, 0, 16102
1761363278, meta, 100000, 0, 0, 0, -1000
1761367086, meta, 10, 28, 2, 0, 318
1761367088, meta, 10, 28, 2, 0, 325
1761367089, meta, 100, 28, 2, 0, 324
1761367091, meta, 100, 28, 2, 0, 371
1761367091, meta, 1000, 889, 3, 0, 371
1761367094, meta, 1000, 889, 3, 0, 353
1761367094, meta, 3000, 2714, 3, 0, 455
1761367097, meta, 3000, 2714, 3, 0, 384
1761367097, meta, 10000, 9975, 11, 0, 1043
1761367100, meta, 10000, 9975, 11, 0, 524
1761367101, meta, 30000, 30798, 11, 0, 2391
1761367105, meta, 30000, 30798, 42, 0, 2849
1761367108, meta, 100000, 105903, 342, 0, 16008
1761367126, meta, 100000, 105903, 12, 0, 9162
1761370843, meta, 10, 28, 2, 0, 385
1761370845, meta, 10, 28, 2, 0, 339
1761370845, meta, 100, 28, 2, 0, 389
1761370848, meta, 100, 28, 2, 0, 363
1761370848, meta, 1000, 889, 3, 0, 354
1761370851, meta, 1000, 889, 3, 0, 382
1761370851, meta, 3000, 2714, 3, 0, 464
1761370853, meta, 3000, 2714, 3, 0, 366
1761370854, meta, 10000, 9975, 11, 0, 962
1761370857, meta, 10000, 9975, 11, 0, 533
1761370857, meta, 30000, 30796, 11, 0, 2189
1761370861, meta, 30000, 30796, 12, 0, 1288
1761370863, meta, 100000, 105902, 12, 0, 9314
1761370874, meta, 100000, 105902, 491, 0, 10117
1761374590, meta, 10, 28, 2, 0, 268
1761374592, meta, 10, 28, 2, 0, 373
1761374593, meta, 100, 28, 2, 0, 269
1761374595, meta, 100, 28, 2, 0, 310
1761374595, meta, 1000, 889, 3, 0, 309
1761374597, meta, 1000, 889, 3, 0, 390
1761374598, meta, 3000, 2714, 2, 0, 518
1761374600, meta, 3000, 2714, 3, 0, 504
1761374601, meta, 10000, 9975, 3, 0, 963
1761374604, meta, 10000, 9975, 11, 0, 575
1761374604, meta, 30000, 30796, 12, 0, 2279
1761374609, meta, 30000, 30796, 11, 0, 1026
1761374610, meta, 100000, 105903, 11, 0, 9024
1761374621, meta, 100000, 105903, 11, 0, 2092
1761378346, meta, 10, 28, 2, 0, 5659
1761378354, meta, 10, 28, 2, 0, 391
1761378354, meta, 100, 28, 2, 0, 479
1761378357, meta, 100, 28, 2, 0, 368
1761378357, meta, 1000, 889, 3, 0, 376
1761378359, meta, 1000, 889, 3, 0, 511
1761378360, meta, 3000, 2714, 3, 0, 659
1761378363, meta, 3000, 2714, 3, 0, 558
1761378363, meta, 10000, 9975, 11, 0, 1112
1761378366, meta, 10000, 9975, 11, 0, 767
1761378367, meta, 30000, 30796, 13, 0, 2688
1761378372, meta, 30000, 30796, 10, 0, 2452
1761378374, meta, 100000, 105902, 10, 0, 10626
1761378387, meta, 100000, 105902, 10, 0, 9201
1761382095, meta, 10, 28, 2, 0, 301
1761382097, meta, 10, 28, 2, 0, 408
1761382097, meta, 100, 28, 2, 0, 336
1761382100, meta, 100, 28, 2, 0, 308
1761382100, meta, 1000, 889, 3, 0, 1032
1761382103, meta, 1000, 889, 3, 0, 295
1761382103, meta, 3000, 2714, 3, 0, 473
1761382106, meta, 3000, 2714, 3, 0, 401
1761382106, meta, 10000, 9975, 11, 0, 907
1761382109, meta, 10000, 9975, 11, 0, 613
1761382110, meta, 30000, 30796, 11, 0, 2343
1761382114, meta, 30000, 30796, 11, 0, 1045
1761382115, meta, 100000, 105902, 11, 0, 9118
1761382126, meta, 100000, 105902, 13, 0, 3377
1761385903, meta, 10, 28, 2, 0, 335
1761385906, meta, 10, 28, 2, 0, 467
1761385906, meta, 100, 28, 2, 0, 329
1761385908, meta, 100, 28, 2, 0, 331
1761385909, meta, 1000, 891, 3, 0, 315
1761385911, meta, 1000, 891, 3, 0, 446
1761385911, meta, 3000, 2714, 2, 0, 480
1761385914, meta, 3000, 2714, 3, 0, 439
1761385914, meta, 10000, 9975, 11, 0, 969
1761385917, meta, 10000, 9975, 11, 0, 978
1761385918, meta, 30000, 30796, 61, 0, 2900
1761385923, meta, 30000, 30796, 64, 0, 2931
1761385926, meta, 100000, 105902, 312, 0, 14096
1761385942, meta, 100000, 105902, 23, 0, 9320
1761389651, meta, 10, 28, 2, 0, 397
1761389653, meta, 10, 28, 2, 0, 277
1761389653, meta, 100, 28, 2, 0, 323
1761389656, meta, 100, 28, 2, 0, 341
1761389656, meta, 1000, 889, 2, 0, 418
1761389659, meta, 1000, 889, 2, 0, 360
1761389659, meta, 3000, 2714, 3, 0, 473
1761389661, meta, 3000, 2714, 3, 0, 344
1761389662, meta, 10000, 9975, 12, 0, 982
1761389665, meta, 10000, 9975, 11, 0, 914
1761389666, meta, 30000, 30796, 113, 0, 3659
1761389671, meta, 30000, 30796, 68, 0, 3084
1761389674, meta, 100000, 105903, 13, 0, 9156
1761389685, meta, 100000, 105903, 9, 0, 9083
1761393406, meta, 10, 28, 2, 0, 267
1761393409, meta, 10, 28, 2, 0, 388
1761393409, meta, 100, 28, 2, 0, 280
1761393411, meta, 100, 28, 2, 0, 358
1761393412, meta, 1000, 890, 3, 0, 338
1761393414, meta, 1000, 890, 3, 0, 345
1761393414, meta, 3000, 2714, 3, 0, 437
1761393417, meta, 3000, 2714, 3, 0, 454
1761393417, meta, 10000, 9975, 11, 0, 901
1761393420, meta, 10000, 9975, 11, 0, 645
1761393421, meta, 30000, 30796, 11, 0, 2349
1761393425, meta, 30000, 30796, 347, 0, 5401
1761393431, meta, 100000, 105902, 11, 0, 8972
1761393442, meta, 100000, 105902, 9, 0, 9068
1761397159, meta, 10, 28, 2, 0, 296
1761397161, meta, 10, 28, 2, 0, 312
1761397162, meta, 100, 28, 2, 0, 284
1761397164, meta, 100, 28, 2, 0, 359
1761397164, meta, 1000, 889, 3, 0, 344
1761397167, meta, 1000, 889, 3, 0, 332
1761397167, meta, 3000, 2714, 3, 0, 467
1761397170, meta, 3000, 2714, 3, 0, 401
1761397170, meta, 10000, 9975, 12, 0, 965
1761397173, meta, 10000, 9975, 11, 0, 541
1761397173, meta, 30000, 30796, 10, 0, 2300
1761397178, meta, 30000, 30796, 66, 0, 1784
1761397180, meta, 100000, 105902, 12, 0, 9067
1761397191, meta, 100000, 105902, 9, 0, 2386
1761400897, meta, 10, 28, 2, 0, 365
1761400899, meta, 10, 28, 2, 0, 342
1761400899, meta, 100, 28, 2, 0, 375
1761400902, meta, 100, 28, 2, 0, 331
1761400902, meta, 1000, 889, 2, 0, 306
1761400904, meta, 1000, 889, 3, 0, 367
1761400905, meta, 3000, 2714, 3, 0, 490
1761400907, meta, 3000, 2714, 3, 0, 432
1761400908, meta, 10000, 9975, 11, 0, 963
1761400911, meta, 10000, 9975, 11, 0, 945
1761400911, meta, 30000, 30796, 11, 0, 2280
1761400916, meta, 30000, 30796, 11, 0, 2205
1761400918, meta, 100000, 105903, 462, 0, 16417
1761400936, meta, 100000, 105903, 310, 0, 14199
1761404653, meta, 10, 28, 2, 0, 415
1761404655, meta, 10, 28, 2, 0, 338
1761404655, meta, 100, 28, 2, 0, 345
1761404658, meta, 100, 28, 2, 0, 344
1761404658, meta, 1000, 889, 3, 0, 299
1761404660, meta, 1000, 889, 3, 0, 508
1761404661, meta, 3000, 2714, 3, 0, 455
1761404663, meta, 3000, 2714, 3, 0, 417
1761404664, meta, 10000, 9976, 11, 0, 974
1761404667, meta, 10000, 9976, 11, 0, 917
1761404668, meta, 30000, 30796, 11, 0, 2316
1761404672, meta, 30000, 30796, 11, 0, 2526
1761404674, meta, 100000, 105902, 9, 0, 9052
1761404686, meta, 100000, 105902, 344, 0, 14578
1761408421, meta, 10, 28, 2, 0, 358
1761408423, meta, 10, 28, 2, 0, 383
1761408424, meta, 100, 28, 2, 0, 329
1761408426, meta, 100, 28, 2, 0, 397
1761408427, meta, 1000, 889, 3, 0, 367
1761408429, meta, 1000, 889, 3, 0, 354
1761408429, meta, 3000, 2714, 3, 0, 453
1761408432, meta, 3000, 2714, 3, 0, 462
1761408432, meta, 10000, 9975, 3, 0, 881
1761408435, meta, 10000, 9975, 11, 0, 671
1761408436, meta, 30000, 30796, 25, 0, 2514
1761408440, meta, 30000, 30796, 40, 0, 1517
1761408442, meta, 100000, 105902, 383, 0, 14712
1761408458, meta, 100000, 105902, 11, 0, 2202
1761412178, meta, 10, 28, 2, 0, 327
1761412180, meta, 10, 28, 2, 0, 360
1761412181, meta, 100, 28, 2, 0, 347
1761412183, meta, 100, 28, 2, 0, 356
1761412184, meta, 1000, 889, 3, 0, 382
1761412186, meta, 1000, 889, 2, 0, 444
1761412186, meta, 3000, 2716, 3, 0, 430
1761412189, meta, 3000, 2716, 3, 0, 471
1761412189, meta, 10000, 9975, 11, 0, 967
1761412192, meta, 10000, 9975, 11, 0, 1018
1761412193, meta, 30000, 30796, 49, 0, 2792
1761412198, meta, 30000, 30796, 11, 0, 1216
1761412199, meta, 100000, 105902, 11, 0, 9196
1761412210, meta, 100000, 105902, 510, 0, 17126
1761415934, meta, 10, 28, 2, 0, 335
1761415936, meta, 10, 28, 2, 0, 265
1761415937, meta, 100, 28, 2, 0, 330
1761415939, meta, 100, 28, 2, 0, 328
1761415939, meta, 1000, 889, 3, 0, 376
1761415942, meta, 1000, 889, 3, 0, 288
1761415942, meta, 3000, 2714, 3, 0, 446
1761415944, meta, 3000, 2714, 3, 0, 449
1761415945, meta, 10000, 9975, 12, 0, 986
1761415948, meta, 10000, 9975, 11, 0, 814
1761415949, meta, 30000, 30796, 11, 0, 2304
1761415953, meta, 30000, 30796, 11, 0, 1119
1761415954, meta, 100000, 105903, 13, 0, 9192
1761415965, meta, 100000, 105903, 379, 0, 7712
1761419678, meta, 10, 28, 2, 0, 271
1761419680, meta, 10, 28, 2, 0, 335
1761419680, meta, 100, 28, 2, 0, 315
1761419683, meta, 100, 28, 2, 0, 389
1761419683, meta, 1000, 889, 3, 0, 402
1761419685, meta, 1000, 889, 3, 0, 289
1761419686, meta, 3000, 2714, 3, 0, 490
1761419688, meta, 3000, 2714, 3, 0, 394
1761419689, meta, 10000, 9975, 11, 0, 891
1761419691, meta, 10000, 9975, 11, 0, 546
1761419692, meta, 30000, 30796, 93, 0, 3484
1761419697, meta, 30000, 30796, 51, 0, 1517
1761419699, meta, 100000, 105902, 13, 0, 9035
1761419710, meta, 100000, 105902, 11, 0, 9147
1761423480, meta, 10, 28, 2, 0, 353
1761423482, meta, 10, 28, 2, 0, 383
1761423483, meta, 100, 28, 2, 0, 408
1761423485, meta, 100, 28, 2, 0, 367
1761423486, meta, 1000, 889, 3, 0, 351
1761423488, meta, 1000, 889, 3, 0, 341
1761423488, meta, 3000, 2714, 3, 0, 394
1761423491, meta, 3000, 2714, 3, 0, 348
1761423491, meta, 10000, 9975, 12, 0, 984
1761423494, meta, 10000, 9975, 11, 0, 612
1761423495, meta, 30000, 30797, 567, 0, 9463
1761423506, meta, 30000, 30797, 9, 0, 916
1761423507, meta, 100000, 105901, 13, 0, 9170
1761423518, meta, 100000, 105901, 423, 0, 8913
1761427233, meta, 10, 28, 2, 0, 399
1761427235, meta, 10, 28, 2, 0, 364
1761427236, meta, 100, 28, 2, 0, 451
1761427238, meta, 100, 28, 2, 0, 382
1761427238, meta, 1000, 889, 3, 0, 476
1761427241, meta, 1000, 889, 3, 0, 375
1761427241, meta, 3000, 2714, 3, 0, 454
1761427244, meta, 3000, 2714, 3, 0, 453
1761427244, meta, 10000, 9975, 11, 0, 989
1761427247, meta, 10000, 9975, 11, 0, 969
1761427248, meta, 30000, 30796, 12, 0, 2185
1761427252, meta, 30000, 30796, 10, 0, 876
1761427253, meta, 100000, 105902, 506, 0, 16780
1761427272, meta, 100000, 105902, 11, 0, 8872
1761430987, meta, 10, 28, 2, 0, 397
1761430989, meta, 10, 28, 2, 0, 372
1761430989, meta, 100, 28, 2, 0, 331
1761430992, meta, 100, 28, 2, 0, 431
1761430992, meta, 1000, 889, 3, 0, 345
1761430995, meta, 1000, 889, 3, 0, 392
1761430995, meta, 3000, 2714, 3, 0, 457
1761430997, meta, 3000, 2714, 3, 0, 500
1761430998, meta, 10000, 9975, 11, 0, 997
1761431001, meta, 10000, 9975, 12, 0, 601
1761431001, meta, 30000, 30796, 12, 0, 2249
1761431006, meta, 30000, 30796, 12, 0, 2399
1761431008, meta, 100000, 105901, 350, 0, 14429
1761431025, meta, 100000, 105901, 8, 0, 2175
1761434742, meta, 10, 28, 2, 0, 550
1761434744, meta, 10, 28, 2, 0, 337
1761434745, meta, 100, 28, 2, 0, 338
1761434747, meta, 100, 28, 2, 0, 338
1761434748, meta, 1000, 889, 3, 0, 351
1761434750, meta, 1000, 889, 3, 0, 352
1761434750, meta, 3000, 2714, 3, 0, 440
1761434753, meta, 3000, 2714, 3, 0, 431
1761434753, meta, 10000, 9976, 11, 0, 1004
1761434756, meta, 10000, 9976, 12, 0, 962
1761434757, meta, 30000, 30796, 11, 0, 2295
1761434761, meta, 30000, 30796, 11, 0, 2250
1761434764, meta, 100000, 105901, 13, 0, 9187
1761434775, meta, 100000, 105901, 9, 0, 9111
1761438497, meta, 10, 28, 2, 0, 353
1761438499, meta, 10, 28, 2, 0, 427
1761438500, meta, 100, 28, 2, 0, 423
1761438502, meta, 100, 28, 2, 0, 332
1761438503, meta, 1000, 889, 3, 0, 393
1761438505, meta, 1000, 889, 3, 0, 367
1761438505, meta, 3000, 2714, 3, 0, 954
1761438508, meta, 3000, 2714, 2, 0, 509
1761438509, meta, 10000, 9975, 11, 0, 966
1761438512, meta, 10000, 9975, 11, 0, 1032
1761438513, meta, 30000, 30796, 11, 0, 2598
1761438517, meta, 30000, 30796, 11, 0, 2636
1761438520, meta, 100000, 105903, 427, 0, 17588
1761438540, meta, 100000, 105903, 1063, 0, 25577
1761442397, meta, 10, 28, 2, 0, 465
1761442399, meta, 10, 28, 2, 0, 326
1761442400, meta, 100, 28, 2, 0, 417
1761442402, meta, 100, 28, 2, 0, 354
1761442402, meta, 1000, 889, 2, 0, 485
1761442405, meta, 1000, 889, 3, 0, 408
1761442405, meta, 3000, 2714, 3, 0, 455
1761442408, meta, 3000, 2714, 3, 0, 817
1761442409, meta, 10000, 9975, 8, 0, 976
1761442412, meta, 10000, 9975, 12, 0, 1012
1761442413, meta, 30000, 30796, 12, 0, 2416
1761442417, meta, 30000, 30796, 12, 0, 2265
1761442419, meta, 100000, 105902, 16, 0, 11246
1761442433, meta, 100000, 105902, 19, 0, 2613
1761446141, meta, 10, 28, 2, 0, 353
1761446143, meta, 10, 28, 2, 0, 452
1761446144, meta, 100, 28, 2, 0, 401
1761446146, meta, 100, 28, 2, 0, 397
1761446146, meta, 1000, 889, 3, 0, 350
1761446149, meta, 1000, 889, 3, 0, 489
1761446149, meta, 3000, 2715, 3, 0, 503
1761446152, meta, 3000, 2715, 3, 0, 419
1761446152, meta, 10000, 9975, 11, 0, 962
1761446155, meta, 10000, 9975, 11, 0, 881
1761446156, meta, 30000, 30796, 28, 0, 2792
1761446161, meta, 30000, 30796, 160, 0, 3079
1761446164, meta, 100000, 105903, 9, 0, 10519
1761446176, meta, 100000, 105903, 13, 0, 2176
1761449925, meta, 10, 28, 2, 0, 297
1761449928, meta, 10, 28, 2, 0, 330
1761449928, meta, 100, 28, 2, 0, 333
1761449930, meta, 100, 28, 2, 0, 326
1761449931, meta, 1000, 889, 3, 0, 285
1761449933, meta, 1000, 889, 3, 0, 402
1761449933, meta, 3000, 2714, 3, 0, 491
1761449936, meta, 3000, 2714, 3, 0, 472
1761449936, meta, 10000, 9975, 11, 0, 917
1761449939, meta, 10000, 9975, 11, 0, 941
1761449940, meta, 30000, 30796, 22, 0, 2459
1761449945, meta, 30000, 30796, 12, 0, 949
1761449946, meta, 100000, 105903, 9, 0, 9183
1761449957, meta, 100000, 105903, 11, 0, 9089
1761453667, meta, 10, 28, 2, 0, 263
1761453669, meta, 10, 28, 2, 0, 281
1761453669, meta, 100, 28, 2, 0, 267
1761453672, meta, 100, 28, 2, 0, 311
1761453672, meta, 1000, 889, 2, 0, 396
1761453674, meta, 1000, 889, 3, 0, 312
1761453675, meta, 3000, 2714, 3, 0, 457
1761453677, meta, 3000, 2714, 3, 0, 464
1761453678, meta, 10000, 9975, 11, 0, 1018
1761453681, meta, 10000, 9975, 11, 0, 884
1761453681, meta, 30000, 30796, 124, 0, 3716
1761453687, meta, 30000, 30796, 10, 0, 2204
1761453689, meta, 100000, 105902, 292, 0, 13877
1761453705, meta, 100000, 105902, 13, 0, 9179
1761457418, meta, 10, 28, 2, 0, 416
1761457420, meta, 10, 28, 2, 0, 345
1761457421, meta, 100, 28, 2, 0, 367
1761457423, meta, 100, 28, 2, 0, 328
1761457424, meta, 1000, 889, 2, 0, 417
1761457426, meta, 1000, 889, 3, 0, 417
1761457426, meta, 3000, 2714, 3, 0, 447
1761457429, meta, 3000, 2714, 3, 0, 417
1761457429, meta, 10000, 9975, 12, 0, 964
1761457432, meta, 10000, 9975, 12, 0, 598
1761457433, meta, 30000, 30796, 11, 0, 2275
1761457437, meta, 30000, 30796, 38, 0, 1293
1761457438, meta, 100000, 105901, 9, 0, 9721
1761457450, meta, 100000, 105901, 13, 0, 9181
1761461173, meta, 10, 28, 2, 0, 422
1761461175, meta, 10, 28, 2, 0, 383
1761461175, meta, 100, 28, 2, 0, 380
1761461178, meta, 100, 28, 2, 0, 307
1761461178, meta, 1000, 889, 3, 0, 313
1761461180, meta, 1000, 889, 3, 0, 353
1761461181, meta, 3000, 2714, 2, 0, 426
1761461183, meta, 3000, 2714, 3, 0, 456
1761461184, meta, 10000, 9975, 11, 0, 991
1761461187, meta, 10000, 9975, 11, 0, 961
1761461188, meta, 30000, 30796, 264, 0, 5499
1761461195, meta, 30000, 30796, 12, 0, 1128
1761461196, meta, 100000, 105902, 17, 0, 9320
1761461207, meta, 100000, 105902, 55, 0, 9896
1761464919, meta, 10, 28, 2, 0, 467
1761464922, meta, 10, 28, 2, 0, 393
1761464922, meta, 100, 28, 2, 0, 330
1761464924, meta, 100, 28, 2, 0, 399
1761464925, meta, 1000, 889, 2, 0, 417
1761464927, meta, 1000, 889, 3, 0, 360
1761464928, meta, 3000, 2714, 3, 0, 446
1761464930, meta, 3000, 2714, 3, 0, 452
1761464931, meta, 10000, 9975, 11, 0, 974
1761464934, meta, 10000, 9975, 3, 0, 588
1761464934, meta, 30000, 30796, 11, 0, 2293
1761464938, meta, 30000, 30796, 11, 0, 2395
1761464941, meta, 100000, 105903, 53, 0, 9877
1761464953, meta, 100000, 105903, 393, 0, 8024
1761468714, meta, 10, 28, 2, 0, 412
1761468716, meta, 10, 28, 2, 0, 336
1761468716, meta, 100, 28, 2, 0, 404
1761468719, meta, 100, 28, 2, 0, 418
1761468719, meta, 1000, 889, 3, 0, 455
1761468722, meta, 1000, 889, 3, 0, 381
1761468722, meta, 3000, 2714, 3, 0, 430
1761468724, meta, 3000, 2714, 3, 0, 392
1761468725, meta, 10000, 9975, 11, 0, 946
1761468728, meta, 10000, 9975, 11, 0, 958
1761468729, meta, 30000, 30796, 14, 0, 2391
1761468733, meta, 30000, 30796, 13, 0, 2287
1761468735, meta, 100000, 105903, 14, 0, 9187
1761468747, meta, 100000, 105903, 374, 0, 15070
1761472465, meta, 10, 28, 2, 0, 380
1761472467, meta, 10, 28, 2, 0, 399
1761472468, meta, 100, 28, 2, 0, 348
1761472470, meta, 100, 28, 2, 0, 266
1761472470, meta, 1000, 889, 3, 0, 386
1761472473, meta, 1000, 889, 2, 0, 352
1761472473, meta, 3000, 2715, 3, 0, 424
1761472476, meta, 3000, 2715, 3, 0, 393
1761472476, meta, 10000, 9976, 11, 0, 931
1761472479, meta, 10000, 9976, 3, 0, 604
1761472480, meta, 30000, 30796, 38, 0, 2722
1761472484, meta, 30000, 30796, 48, 0, 2900
1761472487, meta, 100000, 105902, 12, 0, 9133
1761472498, meta, 100000, 105902, 9, 0, 8972
1761476288, meta, 10, 28, 2, 0, 367
1761476290, meta, 10, 28, 2, 0, 328
1761476290, meta, 100, 28, 2, 0, 353
1761476293, meta, 100, 28, 2, 0, 445
1761476293, meta, 1000, 889, 3, 0, 410
1761476296, meta, 1000, 889, 3, 0, 372
1761476296, meta, 3000, 2714, 3, 0, 429
1761476298, meta, 3000, 2714, 3, 0, 499
1761476299, meta, 10000, 9975, 11, 0, 1246
1761476302, meta, 10000, 9975, 11, 0, 1011
1761476303, meta, 30000, 30796, 10, 0, 2268
1761476307, meta, 30000, 30796, 11, 0, 932
1761476308, meta, 100000, 105903, 447, 0, 16059
1761476326, meta, 100000, 105903, 13, 0, 2124
1761480042, meta, 10, 28, 2, 0, 358
1761480044, meta, 10, 28, 2, 0, 385
1761480044, meta, 100, 28, 2, 0, 341
1761480047, meta, 100, 28, 2, 0, 382
1761480047, meta, 1000, 889, 2, 0, 434
1761480049, meta, 1000, 889, 2, 0, 418
1761480050, meta, 3000, 2715, 3, 0, 470
1761480052, meta, 3000, 2715, 3, 0, 340
1761480053, meta, 10000, 9975, 11, 0, 1012
1761480056, meta, 10000, 9975, 11, 0, 629
1761480056, meta, 30000, 30797, 13, 0, 2366
1761480061, meta, 30000, 30797, 11, 0, 1119
1761480062, meta, 100000, 105902, 9, 0, 9024
1761480073, meta, 100000, 105902, 511, 0, 16808
1761483795, meta, 10, 28, 2, 0, 271
1761483797, meta, 10, 28, 2, 0, 332
1761483797, meta, 100, 28, 2, 0, 279
1761483800, meta, 100, 28, 2, 0, 307
1761483800, meta, 1000, 889, 3, 0, 347
1761483802, meta, 1000, 889, 3, 0, 401
1761483803, meta, 3000, 2714, 3, 0, 426
1761483805, meta, 3000, 2714, 3, 0, 457
1761483806, meta, 10000, 9975, 11, 0, 909
1761483808, meta, 10000, 9975, 12, 0, 955
1761483809, meta, 30000, 30796, 12, 0, 2372
1761483814, meta, 30000, 30796, 87, 0, 2087
1761483816, meta, 100000, 105901, 12, 0, 9073
1761483827, meta, 100000, 105901, 317, 0, 14116
1761487545, meta, 10, 28, 2, 0, 264
1761487547, meta, 10, 28, 2, 0, 279
1761487547, meta, 100, 28, 2, 0, 333
1761487550, meta, 100, 28, 2, 0, 334
1761487550, meta, 1000, 889, 3, 0, 357
1761487552, meta, 1000, 889, 3, 0, 348
1761487553, meta, 3000, 2714, 3, 0, 465
1761487555, meta, 3000, 2714, 3, 0, 400
1761487556, meta, 10000, 9975, 11, 0, 957
1761487558, meta, 10000, 9975, 11, 0, 671
1761487559, meta, 30000, 30796, 11, 0, 2258
1761487563, meta, 30000, 30796, 11, 0, 2263
1761487566, meta, 100000, 105903, 11, 0, 9030
1761487577, meta, 100000, 105903, 345, 0, 7546
1761491287, meta, 10, 28, 2, 0, 381
1761491290, meta, 10, 28, 2, 0, 314
1761491290, meta, 100, 28, 2, 0, 254
1761491292, meta, 100, 28, 2, 0, 406
1761491292, meta, 1000, 889, 3, 0, 457
1761491295, meta, 1000, 889, 3, 0, 360
1761491295, meta, 3000, 2714, 3, 0, 477
1761491298, meta, 3000, 2714, 3, 0, 450
1761491298, meta, 10000, 9975, 12, 0, 1040
1761491301, meta, 10000, 9975, 3, 0, 983
1761491302, meta, 30000, 30796, 181, 0, 4853
1761491309, meta, 30000, 30796, 51, 0, 1431
1761491311, meta, 100000, 105902, 11, 0, 9729
1761491322, meta, 100000, 105902, 410, 0, 8831
1761495049, meta, 10, 28, 2, 0, 388
1761495052, meta, 10, 28, 2, 0, 402
1761495052, meta, 100, 28, 2, 0, 355
1761495055, meta, 100, 28, 2, 0, 389
1761495055, meta, 1000, 889, 3, 0, 393
1761495057, meta, 1000, 889, 3, 0, 401
1761495058, meta, 3000, 2714, 2, 0, 500
1761495060, meta, 3000, 2714, 3, 0, 347
1761495061, meta, 10000, 9975, 11, 0, 1073
1761495064, meta, 10000, 9975, 11, 0, 661
1761495064, meta, 30000, 30796, 11, 0, 2229
1761495069, meta, 30000, 30796, 10, 0, 907
1761495070, meta, 100000, 105902, 13, 0, 9318
1761495081, meta, 100000, 105902, 9, 0, 2283
1761498786, meta, 10, 28, 2, 0, 355
1761498789, meta, 10, 28, 2, 0, 386
1761498789, meta, 100, 28, 2, 0, 344
1761498791, meta, 100, 28, 2, 0, 273
1761498792, meta, 1000, 889, 2, 0, 461
1761498794, meta, 1000, 889, 3, 0, 364
1761498795, meta, 3000, 2714, 3, 0, 379
1761498797, meta, 3000, 2714, 3, 0, 426
1761498797, meta, 10000, 9976, 11, 0, 992
1761498800, meta, 10000, 9976, 11, 0, 943
1761498801, meta, 30000, 30796, 11, 0, 2353
1761498806, meta, 30000, 30796, 12, 0, 880
1761498807, meta, 100000, 105904, 13, 0, 9111
1761498818, meta, 100000, 105904, 10, 0, 9218
1761502529, meta, 10, 28, 2, 0, 384
1761502532, meta, 10, 28, 2, 0, 455
1761502532, meta, 100, 28, 2, 0, 398
1761502535, meta, 100, 28, 2, 0, 420
1761502535, meta, 1000, 889, 3, 0, 383
1761502538, meta, 1000, 889, 3, 0, 419
1761502538, meta, 3000, 2714, 3, 0, 402
1761502540, meta, 3000, 2714, 3, 0, 477
1761502541, meta, 10000, 9975, 11, 0, 970
1761502544, meta, 10000, 9975, 3, 0, 798
1761502545, meta, 30000, 30796, 11, 0, 2247
1761502549, meta, 30000, 30796, 69, 0, 3062
1761502552, meta, 100000, 105902, 275, 0, 13603
1761502568, meta, 100000, 105902, 12, 0, 9135
1761506280, meta, 10, 28, 2, 0, 334
1761506282, meta, 10, 28, 2, 0, 418
1761506282, meta, 100, 28, 2, 0, 338
1761506285, meta, 100, 28, 2, 0, 342
1761506285, meta, 1000, 889, 3, 0, 296
1761506287, meta, 1000, 889, 3, 0, 350
1761506288, meta, 3000, 2714, 3, 0, 432
1761506290, meta, 3000, 2714, 3, 0, 419
1761506291, meta, 10000, 9975, 11, 0, 982
1761506294, meta, 10000, 9975, 11, 0, 976
1761506295, meta, 30000, 30796, 11, 0, 2264
1761506299, meta, 30000, 30796, 11, 0, 2229
1761506301, meta, 100000, 105901, 367, 0, 14743
1761506318, meta, 100000, 105901, 9, 0, 2115
1761510023, meta, 10, 28, 2, 0, 314
1761510025, meta, 10, 28, 2, 0, 325
1761510026, meta, 100, 28, 2, 0, 332
1761510028, meta, 100, 28, 2, 0, 354
1761510028, meta, 1000, 891, 3, 0, 403
1761510031, meta, 1000, 891, 3, 0, 349
1761510031, meta, 3000, 2714, 3, 0, 454
1761510034, meta, 3000, 2714, 3, 0, 474
1761510034, meta, 10000, 9975, 11, 0, 1002
1761510037, meta, 10000, 9975, 11, 0, 703
1761510038, meta, 30000, 30796, 10, 0, 2213
1761510042, meta, 30000, 30796, 12, 0, 2305
1761510044, meta, 100000, 105902, 9, 0, 9295
1761510056, meta, 100000, 105902, 339, 0, 14494
1761513777, meta, 10, 28, 2, 0, 369
1761513780, meta, 10, 28, 2, 0, 268
1761513780, meta, 100, 28, 2, 0, 328
1761513782, meta, 100, 28, 2, 0, 284
1761513783, meta, 1000, 889, 3, 0, 271
1761513785, meta, 1000, 889, 3, 0, 362
1761513785, meta, 3000, 2714, 3, 0, 504
1761513788, meta, 3000, 2714, 3, 0, 386
1761513788, meta, 10000, 9975, 12, 0, 902
1761513791, meta, 10000, 9975, 11, 0, 531
1761513791, meta, 30000, 30796, 11, 0, 2258
1761513796, meta, 30000, 30796, 19, 0, 979
1761513797, meta, 100000, 105903, 8, 0, 9328
1761513808, meta, 100000, 105903, 13, 0, 2158
1761517593, meta, 10, 28, 2, 0, 351
1761517596, meta, 10, 28, 2, 0, 326
1761517596, meta, 100, 28, 2, 0, 332
1761517598, meta, 100, 28, 2, 0, 326
1761517599, meta, 1000, 889, 2, 0, 385
1761517601, meta, 1000, 889, 3, 0, 340
1761517601, meta, 3000, 2714, 3, 0, 443
1761517604, meta, 3000, 2714, 3, 0, 368
1761517604, meta, 10000, 9975, 11, 0, 1026
1761517607, meta, 10000, 9975, 11, 0, 582
1761517608, meta, 30000, 30796, 11, 0, 2214
1761517612, meta, 30000, 30796, 250, 0, 4061
1761517616, meta, 100000, 105903, 9, 0, 9124
1761517627, meta, 100000, 105903, 13, 0, 9492
1761521345, meta, 10, 28, 2, 0, 317
1761521347, meta, 10, 28, 2, 0, 250
1761521347, meta, 100, 28, 2, 0, 329
1761521350, meta, 100, 28, 2, 0, 335
1761521350, meta, 1000, 889, 3, 0, 388
1761521352, meta, 1000, 889, 3, 0, 315
1761521353, meta, 3000, 2714, 3, 0, 584
1761521355, meta, 3000, 2714, 3, 0, 389
1761521356, meta, 10000, 9975, 11, 0, 950
1761521358, meta, 10000, 9975, 11, 0, 585
1761521359, meta, 30000, 30797, 117, 0, 3954
1761521365, meta, 30000, 30797, 28, 0, 1208
1761521366, meta, 100000, 105901, 13, 0, 9278
1761521378, meta, 100000, 105901, 402, 0, 8205
1761525104, meta, 10, 28, 2, 0, 388
1761525106, meta, 10, 28, 2, 0, 318
1761525106, meta, 100, 28, 2, 0, 328
1761525109, meta, 100, 28, 2, 0, 278
1761525109, meta, 1000, 889, 3, 0, 519
1761525111, meta, 1000, 889, 3, 0, 418
1761525112, meta, 3000, 2714, 3, 0, 470
1761525114, meta, 3000, 2714, 3, 0, 470
1761525115, meta, 10000, 9976, 11, 0, 946
1761525118, meta, 10000, 9976, 3, 0, 562
1761525118, meta, 30000, 30796, 12, 0, 2285
1761525123, meta, 30000, 30796, 12, 0, 2306
1761525125, meta, 100000, 105902, 9, 0, 9168
1761525136, meta, 100000, 105902, 455, 0, 9580
1761528847, meta, 10, 28, 2, 0, 515
1761528849, meta, 10, 28, 2, 0, 334
1761528850, meta, 100, 28, 2, 0, 262
1761528852, meta, 100, 28, 2, 0, 287
1761528852, meta, 1000, 889, 2, 0, 363
1761528855, meta, 1000, 889, 2, 0, 350
1761528855, meta, 3000, 2714, 3, 0, 473
1761528857, meta, 3000, 2714, 3, 0, 431
1761528858, meta, 10000, 9975, 11, 0, 956
1761528861, meta, 10000, 9975, 11, 0, 610
1761528861, meta, 30000, 30796, 82, 0, 3549
1761528867, meta, 30000, 30796, 11, 0, 2277
1761528869, meta, 100000, 105902, 13, 0, 9153
1761528880, meta, 100000, 105902, 8, 0, 1968
1761532599, meta, 10, 28, 2, 0, 274
1761532601, meta, 10, 28, 2, 0, 258
1761532601, meta, 100, 28, 2, 0, 283
1761532604, meta, 100, 28, 2, 0, 340
1761532604, meta, 1000, 889, 3, 0, 283
1761532606, meta, 1000, 889, 3, 0, 281
1761532607, meta, 3000, 2714, 3, 0, 369
1761532609, meta, 3000, 2714, 3, 0, 444
1761532609, meta, 10000, 9975, 11, 0, 880
1761532612, meta, 10000, 9975, 11, 0, 521
1761532613, meta, 30000, 30796, 195, 0, 4947
1761532620, meta, 30000, 30796, 11, 0, 951
1761532621, meta, 100000, 105902, 337, 0, 14617
1761532637, meta, 100000, 105902, 366, 0, 14872
1761536363, meta, 10, 28, 2, 0, 396
1761536365, meta, 10, 28, 2, 0, 334
1761536365, meta, 100, 28, 2, 0, 259
1761536368, meta, 100, 28, 2, 0, 264
1761536368, meta, 1000, 890, 3, 0, 401
1761536370, meta, 1000, 890, 2, 0, 380
1761536371, meta, 3000, 2714, 3, 0, 371
1761536373, meta, 3000, 2714, 3, 0, 401
1761536373, meta, 10000, 9975, 11, 0, 900
1761536376, meta, 10000, 9975, 11, 0, 981
1761536377, meta, 30000, 30796, 12, 0, 2273
1761536381, meta, 30000, 30796, 11, 0, 2204
1761536384, meta, 100000, 105902, 9, 0, 9423
1761536395, meta, 100000, 105902, 11, 0, 9336
1761540112, meta, 10, 28, 2, 0, 298
1761540114, meta, 10, 28, 2, 0, 622
1761540115, meta, 100, 28, 2, 0, 469
1761540117, meta, 100, 28, 2, 0, 328
1761540118, meta, 1000, 889, 3, 0, 325
1761540120, meta, 1000, 889, 3, 0, 410
1761540120, meta, 3000, 2714, 3, 0, 485
1761540123, meta, 3000, 2714, 3, 0, 439
1761540123, meta, 10000, 9975, 3, 0, 897
1761540126, meta, 10000, 9975, 11, 0, 907
1761540127, meta, 30000, 30796, 11, 0, 2298
1761540131, meta, 30000, 30796, 274, 0, 5736
1761540137, meta, 100000, 105903, 13, 0, 9151
1761540148, meta, 100000, 105903, 10, 0, 9145
1761543866, meta, 10, 28, 2, 0, 359
1761543869, meta, 10, 28, 2, 0, 321
1761543869, meta, 100, 28, 2, 0, 311
1761543871, meta, 100, 28, 2, 0, 374
1761543872, meta, 1000, 889, 3, 0, 287
1761543874, meta, 1000, 889, 3, 0, 281
1761543874, meta, 3000, 2714, 3, 0, 450
1761543877, meta, 3000, 2714, 3, 0, 398
1761543877, meta, 10000, 9975, 11, 0, 969
1761543880, meta, 10000, 9975, 11, 0, 536
1761543881, meta, 30000, 30796, 158, 0, 4390
1761543887, meta, 30000, 30796, 10, 0, 2285
1761543889, meta, 100000, 105903, 9, 0, 9101
1761543900, meta, 100000, 105903, 13, 0, 1906
1761547638, meta, 10, 28, 2, 0, 337
1761547640, meta, 10, 28, 2, 0, 304
1761547640, meta, 100, 28, 2, 0, 289
1761547643, meta, 100, 28, 2, 0, 316
1761547643, meta, 1000, 889, 3, 0, 285
1761547645, meta, 1000, 889, 3, 0, 366
1761547646, meta, 3000, 2714, 3, 0, 402
1761547648, meta, 3000, 2714, 3, 0, 368
1761547648, meta, 10000, 9975, 11, 0, 1024
1761547651, meta, 10000, 9975, 11, 0, 702
1761547652, meta, 30000, 30796, 11, 0, 2240
1761547656, meta, 30000, 30796, 43, 0, 1618
1761547658, meta, 100000, 105902, 13, 0, 9145
1761547669, meta, 100000, 105902, 9, 0, 9021
1761551382, meta, 10, 28, 2, 0, 347
1761551385, meta, 10, 28, 2, 0, 410
1761551385, meta, 100, 28, 2, 0, 288
1761551388, meta, 100, 28, 2, 0, 321
1761551388, meta, 1000, 889, 3, 0, 347
1761551390, meta, 1000, 889, 3, 0, 308
1761551390, meta, 3000, 2715, 3, 0, 505
1761551393, meta, 3000, 2715, 3, 0, 393
1761551393, meta, 10000, 9975, 3, 0, 899
1761551396, meta, 10000, 9975, 11, 0, 561
1761551397, meta, 30000, 30796, 33, 0, 2522
1761551401, meta, 30000, 30796, 11, 0, 2249
1761551404, meta, 100000, 105901, 13, 0, 9200
1761551415, meta, 100000, 105901, 10, 0, 2016
1761555130, meta, 10, 28, 2, 0, 454
1761555132, meta, 10, 28, 2, 0, 372
1761555133, meta, 100, 28, 2, 0, 341
1761555135, meta, 100, 28, 2, 0, 280
1761555135, meta, 1000, 889, 3, 0, 348
1761555138, meta, 1000, 889, 3, 0, 347
1761555138, meta, 3000, 2714, 3, 0, 377
1761555140, meta, 3000, 2714, 3, 0, 430
1761555141, meta, 10000, 9975, 11, 0, 904
1761555144, meta, 10000, 9975, 11, 0, 698
1761555144, meta, 30000, 30796, 224, 0, 5336
1761555152, meta, 30000, 30796, 11, 0, 985
1761555153, meta, 100000, 105904, 9, 0, 9024
1761555164, meta, 100000, 0, 0, 0, 60287
1761558930, meta, 10, 28, 2, 0, 273
1761558932, meta, 10, 28, 2, 0, 265
1761558933, meta, 100, 28, 2, 0, 346
1761558935, meta, 100, 28, 2, 0, 320
1761558935, meta, 1000, 889, 3, 0, 291
1761558937, meta, 1000, 889, 3, 0, 311
1761558938, meta, 3000, 2714, 3, 0, 366
1761558940, meta, 3000, 2714, 2, 0, 392
1761558941, meta, 10000, 9976, 12, 0, 937
1761558943, meta, 10000, 9976, 11, 0, 696
1761558944, meta, 30000, 30796, 11, 0, 2299
1761558948, meta, 30000, 30796, 54, 0, 2815
1761558951, meta, 100000, 105902, 12, 0, 9180
1761558962, meta, 100000, 105902, 8, 0, 9140
1761562678, meta, 10, 28, 2, 0, 270
1761562680, meta, 10, 28, 2, 0, 363
1761562681, meta, 100, 28, 2, 0, 250
1761562683, meta, 100, 28, 2, 0, 271
1761562683, meta, 1000, 889, 2, 0, 380
1761562686, meta, 1000, 889, 2, 0, 329
1761562686, meta, 3000, 2714, 3, 0, 448
1761562688, meta, 3000, 2714, 3, 0, 434
1761562689, meta, 10000, 9975, 11, 0, 853
1761562692, meta, 10000, 9975, 11, 0, 563
1761562692, meta, 30000, 30796, 29, 0, 2606
1761562697, meta, 30000, 30796, 11, 0, 957
1761562698, meta, 100000, 105902, 11, 0, 9108
1761562709, meta, 100000, 105902, 12, 0, 9088
1761566450, meta, 10, 28, 2, 0, 279
1761566452, meta, 10, 28, 2, 0, 321
1761566452, meta, 100, 28, 2, 0, 309
1761566455, meta, 100, 28, 2, 0, 287
1761566455, meta, 1000, 889, 3, 0, 291
1761566457, meta, 1000, 889, 3, 0, 315
1761566457, meta, 3000, 2714, 3, 0, 364
1761566460, meta, 3000, 2714, 3, 0, 370
1761566460, meta, 10000, 9975, 11, 0, 927
1761566463, meta, 10000, 9975, 11, 0, 994
1761566464, meta, 30000, 30796, 11, 0, 2230
1761566468, meta, 30000, 30796, 11, 0, 885
1761566469, meta, 100000, 105904, 9, 0, 8978
1761566480, meta, 100000, 105904, 484, 0, 9767
1761570199, meta, 10, 28, 2, 0, 442
1761570201, meta, 10, 28, 2, 0, 367
1761570201, meta, 100, 28, 2, 0, 270
1761570204, meta, 100, 28, 2, 0, 326
1761570204, meta, 1000, 889, 3, 0, 327
1761570206, meta, 1000, 889, 3, 0, 293
1761570207, meta, 3000, 2714, 3, 0, 445
1761570209, meta, 3000, 2714, 3, 0, 422
1761570210, meta, 10000, 9975, 11, 0, 912
1761570212, meta, 10000, 9975, 11, 0, 903
1761570213, meta, 30000, 30796, 274, 0, 5957
1761570221, meta, 30000, 30796, 65, 0, 1870
1761570223, meta, 100000, 105902, 13, 0, 9311
1761570235, meta, 100000, 105902, 289, 0, 13509
1761573958, meta, 10, 28, 2, 0, 542
1761573961, meta, 10, 28, 2, 0, 429
1761573961, meta, 100, 28, 2, 0, 375
1761573964, meta, 100, 28, 2, 0, 508
1761573964, meta, 1000, 889, 3, 0, 291
1761573966, meta, 1000, 889, 3, 0, 516
1761573967, meta, 3000, 2714, 3, 0, 435
1761573969, meta, 3000, 2714, 3, 0, 565
1761573970, meta, 10000, 9975, 40, 0, 1275
1761573973, meta, 10000, 9975, 11, 0, 1103
1761573974, meta, 30000, 30796, 11, 0, 2200
1761573978, meta, 30000, 30796, 11, 0, 1087
1761573980, meta, 100000, 105903, 512, 0, 17025
1761573999, meta, 100000, 105903, 12, 0, 9303
1761577826, meta, 10, 28, 2, 0, 350
1761577828, meta, 10, 28, 2, 0, 296
1761577828, meta, 100, 28, 2, 0, 369
1761577831, meta, 100, 28, 2, 0, 414
1761577831, meta, 1000, 889, 3, 0, 281
1761577834, meta, 1000, 889, 3, 0, 352
1761577834, meta, 3000, 2714, 3, 0, 407
1761577836, meta, 3000, 2714, 3, 0, 500
1761577837, meta, 10000, 9975, 11, 0, 970
1761577840, meta, 10000, 9975, 11, 0, 554
1761577840, meta, 30000, 30796, 12, 0, 2243
1761577845, meta, 30000, 0, 0, 0, 59248
1761577904, meta, 100000, 105902, 9, 0, 9262
1761577915, meta, 100000, 105902, 12, 0, 2108
1761581701, meta, 10, 28, 2, 0, 329
1761581703, meta, 10, 28, 2, 0, 297
1761581704, meta, 100, 28, 2, 0, 340
1761581706, meta, 100, 28, 2, 0, 322
1761581706, meta, 1000, 889, 3, 0, 310
1761581709, meta, 1000, 889, 3, 0, 359
1761581709, meta, 3000, 2714, 2, 0, 507
1761581711, meta, 3000, 2714, 2, 0, 438
1761581712, meta, 10000, 9975, 11, 0, 965
1761581715, meta, 10000, 9975, 12, 0, 968
1761581716, meta, 30000, 30796, 12, 0, 2331
1761581720, meta, 30000, 30796, 17, 0, 2352
1761581722, meta, 100000, 105901, 8, 0, 9165
1761581734, meta, 100000, 105901, 356, 0, 8100
1761585480, meta, 10, 28, 2, 0, 356
1761585482, meta, 10, 28, 2, 0, 347
1761585482, meta, 100, 28, 2, 0, 313
1761585485, meta, 100, 28, 2, 0, 345
1761585485, meta, 1000, 889, 3, 0, 378
1761585487, meta, 1000, 889, 3, 0, 419
1761585488, meta, 3000, 2714, 3, 0, 486
1761585490, meta, 3000, 2714, 3, 0, 474
1761585491, meta, 10000, 9975, 11, 0, 981
1761585494, meta, 10000, 9975, 11, 0, 977
1761585495, meta, 30000, 30796, 8, 0, 2253
1761585499, meta, 30000, 30796, 12, 0, 1013
1761585500, meta, 100000, 105902, 13, 0, 9242
1761585511, meta, 100000, 105902, 394, 0, 8207
1761589232, meta, 10, 28, 2, 0, 395
1761589234, meta, 10, 28, 2, 0, 377
1761589235, meta, 100, 28, 2, 0, 389
1761589237, meta, 100, 28, 2, 0, 392
1761589237, meta, 1000, 889, 3, 0, 397
1761589240, meta, 1000, 889, 3, 0, 322
1761589240, meta, 3000, 2714, 3, 0, 402
1761589243, meta, 3000, 2714, 3, 0, 400
1761589243, meta, 10000, 9975, 12, 0, 976
1761589246, meta, 10000, 9975, 10, 0, 625
1761589247, meta, 30000, 30796, 11, 0, 2227
1761589251, meta, 30000, 30796, 11, 0, 2226
1761589253, meta, 100000, 105901, 23, 0, 9244
1761589264, meta, 100000, 105901, 9, 0, 2369
1761592982, meta, 10, 28, 2, 0, 389
1761592984, meta, 10, 28, 2, 0, 323
1761592985, meta, 100, 28, 2, 0, 341
1761592987, meta, 100, 28, 2, 0, 340
1761592987, meta, 1000, 889, 3, 0, 414
1761592990, meta, 1000, 889, 3, 0, 365
1761592990, meta, 3000, 2714, 3, 0, 446
1761592993, meta, 3000, 2714, 3, 0, 441
1761592993, meta, 10000, 9975, 11, 0, 994
1761592996, meta, 10000, 9975, 11, 0, 719
1761592997, meta, 30000, 30796, 11, 0, 2269
1761593001, meta, 30000, 30796, 12, 0, 1001
1761593002, meta, 100000, 105903, 9, 0, 10158
1761593014, meta, 100000, 105903, 10, 0, 9048
1761596752, meta, 10, 28, 2, 0, 263
1761596755, meta, 10, 28, 2, 0, 359
1761596755, meta, 100, 28, 2, 0, 335
1761596757, meta, 100, 28, 2, 0, 320
1761596758, meta, 1000, 889, 3, 0, 523
1761596760, meta, 1000, 889, 3, 0, 351
1761596761, meta, 3000, 2714, 3, 0, 498
1761596763, meta, 3000, 2714, 3, 0, 529
1761596764, meta, 10000, 9975, 11, 0, 961
1761596767, meta, 10000, 9975, 11, 0, 953
1761596767, meta, 30000, 30796, 11, 0, 2231
1761596772, meta, 30000, 30796, 11, 0, 912
1761596773, meta, 100000, 105902, 7, 0, 10181
1761596785, meta, 100000, 105902, 393, 0, 15316
1761600565, meta, 10, 28, 2, 0, 376
1761600567, meta, 10, 28, 2, 0, 367
1761600568, meta, 100, 28, 2, 0, 348
1761600570, meta, 100, 28, 2, 0, 338
1761600570, meta, 1000, 889, 3, 0, 373
1761600573, meta, 1000, 889, 3, 0, 410
1761600573, meta, 3000, 2714, 3, 0, 432
1761600576, meta, 3000, 2714, 3, 0, 502
1761600576, meta, 10000, 9975, 11, 0, 974
1761600579, meta, 10000, 9975, 11, 0, 1019
1761600580, meta, 30000, 30796, 10, 0, 2312
1761600584, meta, 30000, 30796, 131, 0, 4120
1761600588, meta, 100000, 105902, 61, 0, 9983
1761600600, meta, 100000, 105902, 38, 0, 9613
1761612220, meta, 10, 28, 2, 0, 331
1761612222, meta, 10, 28, 2, 0, 333
1761612223, meta, 100, 28, 2, 0, 270
1761612225, meta, 100, 28, 2, 0, 314
1761612225, meta, 1000, 889, 2, 0, 304
1761612228, meta, 1000, 889, 2, 0, 357
1761612228, meta, 3000, 2714, 3, 0, 423
1761612230, meta, 3000, 2714, 3, 0, 366
1761612231, meta, 10000, 9975, 8, 0, 998
1761612234, meta, 10000, 9975, 11, 0, 975
1761612235, meta, 30000, 30796, 11, 0, 2171
1761612239, meta, 30000, 30796, 12, 0, 2241
1761612241, meta, 100000, 105902, 318, 0, 13946
1761612257, meta, 100000, 105902, 10, 0, 2003
1761615973, meta, 10, 28, 2, 0, 329
1761615975, meta, 10, 28, 2, 0, 254
1761615975, meta, 100, 28, 2, 0, 370
1761615977, meta, 100, 28, 2, 0, 338
1761615978, meta, 1000, 889, 3, 0, 293
1761615980, meta, 1000, 889, 3, 0, 402
1761615981, meta, 3000, 2714, 3, 0, 389
1761615983, meta, 3000, 2714, 3, 0, 334
1761615983, meta, 10000, 9975, 11, 0, 929
1761615986, meta, 10000, 9975, 11, 0, 532
1761615987, meta, 30000, 30796, 11, 0, 2309
1761615991, meta, 30000, 30796, 11, 0, 985
1761615992, meta, 100000, 105902, 11, 0, 9134
1761616003, meta, 100000, 105902, 9, 0, 9285
1761619718, meta, 10, 28, 2, 0, 256
1761619720, meta, 10, 28, 2, 0, 279
1761619720, meta, 100, 28, 2, 0, 268
1761619722, meta, 100, 28, 2, 0, 260
1761619723, meta, 1000, 889, 3, 0, 284
1761619725, meta, 1000, 889, 3, 0, 302
1761619725, meta, 3000, 2714, 3, 0, 388
1761619728, meta, 3000, 2714, 3, 0, 383
1761619728, meta, 10000, 9975, 11, 0, 868
1761619731, meta, 10000, 9975, 11, 0, 914
1761619732, meta, 30000, 30796, 12, 0, 2180
1761619736, meta, 30000, 30796, 222, 0, 3728
1761619740, meta, 100000, 105902, 371, 0, 14775
1761619757, meta, 100000, 105902, 360, 0, 14782
1761623490, meta, 10, 28, 2, 0, 324
1761623493, meta, 10, 28, 2, 0, 323
1761623493, meta, 100, 28, 2, 0, 411
1761623496, meta, 100, 28, 2, 0, 330
1761623496, meta, 1000, 889, 3, 0, 352
1761623498, meta, 1000, 889, 3, 0, 349
1761623499, meta, 3000, 2715, 3, 0, 379
1761623501, meta, 3000, 2715, 3, 0, 381
1761623501, meta, 10000, 9975, 11, 0, 977
1761623504, meta, 10000, 9975, 11, 0, 557
1761623505, meta, 30000, 30796, 12, 0, 2295
1761623509, meta, 30000, 30796, 21, 0, 970
1761623510, meta, 100000, 105903, 404, 0, 15276
1761623527, meta, 100000, 105903, 295, 0, 7178
1761627242, meta, 10, 28, 2, 0, 345
1761627244, meta, 10, 28, 2, 0, 324
1761627245, meta, 100, 28, 2, 0, 253
1761627247, meta, 100, 28, 2, 0, 256
1761627247, meta, 1000, 889, 3, 0, 343
1761627250, meta, 1000, 889, 3, 0, 293
1761627250, meta, 3000, 2714, 3, 0, 424
1761627252, meta, 3000, 2714, 3, 0, 420
1761627253, meta, 10000, 9975, 11, 0, 1036
1761627256, meta, 10000, 9975, 12, 0, 580
1761627256, meta, 30000, 30797, 67, 0, 3039
1761627261, meta, 30000, 30797, 12, 0, 1109
1761627262, meta, 100000, 105901, 536, 0, 17146
1761627282, meta, 100000, 105901, 13, 0, 2336
1761630984, meta, 10, 28, 2, 0, 281
1761630986, meta, 10, 28, 2, 0, 261
1761630987, meta, 100, 28, 2, 0, 275
1761630989, meta, 100, 28, 2, 0, 250
1761630989, meta, 1000, 889, 3, 0, 389
1761630991, meta, 1000, 889, 3, 0, 278
1761630992, meta, 3000, 2714, 3, 0, 371
1761630994, meta, 3000, 2714, 3, 0, 397
1761630995, meta, 10000, 9976, 11, 0, 894
1761630997, meta, 10000, 9976, 12, 0, 539
1761630998, meta, 30000, 30796, 12, 0, 2307
1761631002, meta, 30000, 30796, 83, 0, 1954
1761631004, meta, 100000, 105902, 9, 0, 8941
1761631015, meta, 100000, 105902, 13, 0, 2008
1761634719, meta, 10, 28, 2, 0, 315
1761634722, meta, 10, 28, 2, 0, 331
1761634722, meta, 100, 28, 2, 0, 300
1761634724, meta, 100, 28, 2, 0, 332
1761634725, meta, 1000, 889, 3, 0, 346
1761634727, meta, 1000, 889, 3, 0, 337
1761634727, meta, 3000, 2714, 3, 0, 483
1761634730, meta, 3000, 2714, 3, 0, 435
1761634730, meta, 10000, 9976, 12, 0, 939
1761634733, meta, 10000, 9976, 11, 0, 551
1761634734, meta, 30000, 30796, 11, 0, 2205
1761634738, meta, 30000, 30796, 11, 0, 916
1761634739, meta, 100000, 105903, 12, 0, 8990
1761634750, meta, 100000, 105903, 13, 0, 2086
1761638455, meta, 10, 28, 2, 0, 384
1761638458, meta, 10, 28, 2, 0, 266
1761638458, meta, 100, 28, 2, 0, 377
1761638460, meta, 100, 28, 2, 0, 325
1761638461, meta, 1000, 889, 3, 0, 465
1761638463, meta, 1000, 889, 3, 0, 391
1761638463, meta, 3000, 2714, 3, 0, 437
1761638466, meta, 3000, 2714, 3, 0, 426
1761638466, meta, 10000, 9976, 11, 0, 933
1761638469, meta, 10000, 9976, 11, 0, 627
1761638470, meta, 30000, 30796, 346, 0, 6375
1761638478, meta, 30000, 30796, 68, 0, 3171
1761638481, meta, 100000, 105902, 13, 0, 9042
1761638492, meta, 100000, 105902, 424, 0, 15630
1761642213, meta, 10, 28, 2, 0, 344
1761642216, meta, 10, 28, 2, 0, 379
1761642216, meta, 100, 28, 2, 0, 335
1761642218, meta, 100, 28, 2, 0, 272
1761642219, meta, 1000, 889, 2, 0, 330
1761642221, meta, 1000, 889, 3, 0, 350
1761642221, meta, 3000, 2714, 3, 0, 364
1761642224, meta, 3000, 2714, 3, 0, 348
1761642224, meta, 10000, 9975, 11, 0, 969
1761642227, meta, 10000, 9975, 11, 0, 549
1761642228, meta, 30000, 30796, 11, 0, 2173
1761642232, meta, 30000, 30796, 11, 0, 2340
1761642234, meta, 100000, 105902, 397, 0, 15132
1761642251, meta, 100000, 105902, 11, 0, 8940
1761645984, meta, 10, 28, 2, 0, 417
1761645986, meta, 10, 28, 2, 0, 269
1761645986, meta, 100, 28, 2, 0, 255
1761645989, meta, 100, 28, 2, 0, 268
1761645989, meta, 1000, 889, 3, 0, 322
1761645991, meta, 1000, 889, 3, 0, 356
1761645992, meta, 3000, 2714, 3, 0, 381
1761645994, meta, 3000, 2714, 3, 0, 413
1761645994, meta, 10000, 9975, 11, 0, 898
1761645997, meta, 10000, 9975, 11, 0, 540
1761645998, meta, 30000, 30796, 68, 0, 2879
1761646003, meta, 30000, 30796, 199, 0, 4727
1761646007, meta, 100000, 105902, 9, 0, 9133
1761646019, meta, 100000, 105902, 359, 0, 7855
1761649734, meta, 10, 28, 2, 0, 345
1761649736, meta, 10, 28, 2, 0, 265
1761649736, meta, 100, 28, 2, 0, 271
1761649739, meta, 100, 28, 2, 0, 339
1761649739, meta, 1000, 889, 3, 0, 289
1761649741, meta, 1000, 889, 3, 0, 288
1761649742, meta, 3000, 2714, 3, 0, 374
1761649744, meta, 3000, 2714, 3, 0, 424
1761649744, meta, 10000, 9975, 11, 0, 972
1761649747, meta, 10000, 9975, 11, 0, 579
1761649748, meta, 30000, 30796, 11, 0, 2225
1761649752, meta, 30000, 30796, 11, 0, 892
1761649753, meta, 100000, 105903, 11, 0, 8950
1761649764, meta, 100000, 105903, 11, 0, 8973
1761653480, meta, 10, 28, 2, 0, 376
1761653482, meta, 10, 28, 2, 0, 265
1761653483, meta, 100, 28, 2, 0, 325
1761653485, meta, 100, 28, 2, 0, 324
1761653485, meta, 1000, 890, 3, 0, 357
1761653488, meta, 1000, 890, 3, 0, 290
1761653488, meta, 3000, 2715, 3, 0, 411
1761653490, meta, 3000, 2715, 3, 0, 348
1761653491, meta, 10000, 9975, 11, 0, 952
1761653494, meta, 10000, 9975, 11, 0, 542
1761653494, meta, 30000, 30797, 12, 0, 2251
1761653498, meta, 30000, 30797, 10, 0, 2256
1761653501, meta, 100000, 105902, 410, 0, 15229
1761653518, meta, 100000, 105902, 13, 0, 2312
1761657236, meta, 10, 28, 2, 0, 344
1761657238, meta, 10, 28, 2, 0, 344
1761657239, meta, 100, 28, 2, 0, 341
1761657241, meta, 100, 28, 2, 0, 339
1761657241, meta, 1000, 889, 3, 0, 381
1761657244, meta, 1000, 889, 2, 0, 357
1761657244, meta, 3000, 2714, 3, 0, 506
1761657247, meta, 3000, 2714, 3, 0, 419
1761657247, meta, 10000, 9975, 11, 0, 1023
1761657250, meta, 10000, 9975, 11, 0, 983
1761657251, meta, 30000, 30796, 10, 0, 2183
1761657255, meta, 30000, 30796, 14, 0, 2305
1761657258, meta, 100000, 0, 0, 0, 60340
1761657320, meta, 100000, 105903, 9, 0, 2132
1761661027, meta, 10, 28, 2, 0, 287
1761661030, meta, 10, 28, 2, 0, 315
1761661030, meta, 100, 28, 2, 0, 506
1761661032, meta, 100, 28, 2, 0, 358
1761661033, meta, 1000, 889, 3, 0, 303
1761661035, meta, 1000, 889, 3, 0, 378
1761661035, meta, 3000, 2714, 3, 0, 348
1761661038, meta, 3000, 2714, 2, 0, 454
1761661038, meta, 10000, 9976, 11, 0, 957
1761661041, meta, 10000, 9976, 11, 0, 613
1761661042, meta, 30000, 30796, 11, 0, 2217
1761661046, meta, 30000, 30796, 69, 0, 1964
1761661048, meta, 100000, 105902, 11, 0, 9287
1761661059, meta, 100000, 105902, 412, 0, 15327
1761664788, meta, 10, 28, 2, 0, 402
1761664790, meta, 10, 28, 2, 0, 402
1761664790, meta, 100, 28, 2, 0, 307
1761664793, meta, 100, 28, 2, 0, 344
1761664793, meta, 1000, 889, 3, 0, 292
1761664795, meta, 1000, 889, 2, 0, 350
1761664796, meta, 3000, 2714, 3, 0, 483
1761664798, meta, 3000, 2714, 3, 0, 501
1761664799, meta, 10000, 9975, 11, 0, 896
1761664802, meta, 10000, 9975, 11, 0, 694
1761664802, meta, 30000, 30796, 12, 0, 2225
1761664807, meta, 30000, 30796, 11, 0, 925
1761664808, meta, 100000, 105902, 13, 0, 9163
1761664819, meta, 100000, 105902, 11, 0, 8995
1761668554, meta, 10, 28, 2, 0, 361
1761668556, meta, 10, 28, 2, 0, 329
1761668556, meta, 100, 28, 2, 0, 263
1761668559, meta, 100, 28, 2, 0, 348
1761668559, meta, 1000, 889, 3, 0, 281
1761668561, meta, 1000, 889, 3, 0, 270
1761668561, meta, 3000, 2714, 3, 0, 349
1761668564, meta, 3000, 2714, 3, 0, 348
1761668564, meta, 10000, 9975, 3, 0, 857
1761668567, meta, 10000, 9975, 12, 0, 924
1761668568, meta, 30000, 30796, 14, 0, 2326
1761668572, meta, 30000, 30796, 11, 0, 2128
1761668574, meta, 100000, 105902, 11, 0, 9174
1761668586, meta, 100000, 105902, 42, 0, 2589
1761672299, meta, 10, 28, 2, 0, 276
1761672301, meta, 10, 28, 2, 0, 339
1761672301, meta, 100, 28, 2, 0, 283
1761672303, meta, 100, 28, 2, 0, 335
1761672304, meta, 1000, 889, 3, 0, 294
1761672306, meta, 1000, 889, 3, 0, 303
1761672306, meta, 3000, 2714, 3, 0, 496
1761672309, meta, 3000, 2714, 3, 0, 345
1761672309, meta, 10000, 9975, 11, 0, 957
1761672312, meta, 10000, 9975, 11, 0, 925
1761672313, meta, 30000, 30796, 10, 0, 2212
1761672317, meta, 30000, 30796, 13, 0, 959
1761672318, meta, 100000, 105902, 468, 0, 16602
1761672337, meta, 100000, 105902, 11, 0, 8895
1761676053, meta, 10, 28, 2, 0, 265
1761676055, meta, 10, 28, 2, 0, 374
1761676056, meta, 100, 28, 2, 0, 395
1761676058, meta, 100, 28, 2, 0, 318
1761676058, meta, 1000, 889, 3, 0, 286
1761676061, meta, 1000, 889, 3, 0, 392
1761676061, meta, 3000, 2714, 3, 0, 386
1761676063, meta, 3000, 2714, 3, 0, 428
1761676064, meta, 10000, 9975, 12, 0, 952
1761676067, meta, 10000, 9975, 11, 0, 893
1761676068, meta, 30000, 30796, 69, 0, 3121
1761676073, meta, 30000, 30796, 197, 0, 3421
1761676076, meta, 100000, 105902, 11, 0, 9086
1761676087, meta, 100000, 105902, 8, 0, 2470
1761679786, meta, 10, 28, 2, 0, 270
1761679788, meta, 10, 28, 2, 0, 266
1761679788, meta, 100, 28, 2, 0, 365
1761679791, meta, 100, 28, 2, 0, 400
1761679791, meta, 1000, 889, 3, 0, 346
1761679794, meta, 1000, 889, 2, 0, 369
1761679794, meta, 3000, 2714, 3, 0, 373
1761679796, meta, 3000, 2714, 3, 0, 404
1761679797, meta, 10000, 9975, 11, 0, 977
1761679800, meta, 10000, 9975, 11, 0, 620
1761679800, meta, 30000, 30796, 11, 0, 2265
1761679805, meta, 30000, 30796, 12, 0, 874
1761679805, meta, 100000, 105902, 11, 0, 8971
1761679816, meta, 100000, 105902, 603, 0, 11338
1761683590, meta, 10, 28, 2, 0, 332
1761683592, meta, 10, 28, 2, 0, 308
1761683593, meta, 100, 28, 2, 0, 264
1761683595, meta, 100, 28, 2, 0, 280
1761683595, meta, 1000, 889, 2, 0, 357
1761683598, meta, 1000, 889, 2, 0, 326
1761683598, meta, 3000, 2714, 3, 0, 460
1761683600, meta, 3000, 2714, 3, 0, 345
1761683601, meta, 10000, 9975, 11, 0, 973
1761683604, meta, 10000, 9975, 11, 0, 616
1761683604, meta, 30000, 30796, 12, 0, 2270
1761683609, meta, 30000, 30796, 259, 0, 5809
1761683614, meta, 100000, 105902, 11, 0, 9000
1761683625, meta, 100000, 105902, 355, 0, 15283
1761687365, meta, 10, 28, 2, 0, 288
1761687367, meta, 10, 28, 2, 0, 345
1761687367, meta, 100, 28, 2, 0, 359
1761687370, meta, 100, 28, 2, 0, 347
1761687370, meta, 1000, 889, 3, 0, 389
1761687372, meta, 1000, 889, 2, 0, 380
1761687373, meta, 3000, 2714, 3, 0, 488
1761687375, meta, 3000, 2714, 3, 0, 425
1761687376, meta, 10000, 9975, 11, 0, 898
1761687379, meta, 10000, 9975, 12, 0, 526
1761687379, meta, 30000, 30796, 69, 0, 3282
1761687385, meta, 30000, 30796, 35, 0, 1312
1761687386, meta, 100000, 105902, 396, 0, 15626
1761687403, meta, 100000, 105902, 8, 0, 9567
1761691127, meta, 10, 28, 2, 0, 329
1761691129, meta, 10, 28, 2, 0, 512
1761691130, meta, 100, 28, 2, 0, 311
1761691132, meta, 100, 28, 2, 0, 407
1761691132, meta, 1000, 889, 3, 0, 366
1761691135, meta, 1000, 889, 2, 0, 275
1761691135, meta, 3000, 2714, 2, 0, 467
1761691137, meta, 3000, 2714, 3, 0, 489
1761691138, meta, 10000, 9975, 11, 0, 989
1761691141, meta, 10000, 9975, 11, 0, 987
1761691142, meta, 30000, 30796, 11, 0, 2202
1761691146, meta, 30000, 30796, 12, 0, 1095
1761691147, meta, 100000, 105903, 13, 0, 9061
1761691158, meta, 100000, 105903, 9, 0, 2190
1761694874, meta, 10, 28, 2, 0, 402
1761694876, meta, 10, 28, 2, 0, 318
1761694877, meta, 100, 28, 2, 0, 366
1761694879, meta, 100, 28, 2, 0, 352
1761694879, meta, 1000, 889, 2, 0, 397
1761694882, meta, 1000, 889, 2, 0, 369
1761694882, meta, 3000, 2714, 3, 0, 471
1761694885, meta, 3000, 2714, 3, 0, 407
1761694885, meta, 10000, 9975, 11, 0, 958
1761694888, meta, 10000, 9975, 11, 0, 620
1761694889, meta, 30000, 30796, 65, 0, 3032
1761694894, meta, 30000, 30796, 12, 0, 2267
1761694896, meta, 100000, 105903, 9, 0, 9172
1761694907, meta, 100000, 105903, 9, 0, 9145
1761698629, meta, 10, 28, 2, 0, 254
1761698631, meta, 10, 28, 2, 0, 286
1761698631, meta, 100, 28, 2, 0, 315
1761698633, meta, 100, 28, 2, 0, 270
1761698634, meta, 1000, 889, 3, 0, 322
1761698636, meta, 1000, 889, 2, 0, 333
1761698636, meta, 3000, 2714, 3, 0, 446
1761698639, meta, 3000, 2714, 3, 0, 415
1761698639, meta, 10000, 9975, 11, 0, 927
1761698642, meta, 10000, 9975, 11, 0, 904
1761698643, meta, 30000, 30796, 11, 0, 2196
1761698647, meta, 30000, 30796, 11, 0, 2286
1761698650, meta, 100000, 105903, 13, 0, 9155
1761698661, meta, 100000, 105903, 13, 0, 2109
1761702381, meta, 10, 28, 2, 0, 301
1761702383, meta, 10, 28, 2, 0, 298
1761702384, meta, 100, 28, 2, 0, 276
1761702386, meta, 100, 28, 2, 0, 268
1761702386, meta, 1000, 889, 3, 0, 311
1761702388, meta, 1000, 889, 3, 0, 302
1761702389, meta, 3000, 2714, 3, 0, 399
1761702391, meta, 3000, 2714, 3, 0, 375
1761702392, meta, 10000, 9975, 11, 0, 925
1761702394, meta, 10000, 9975, 11, 0, 630
1761702395, meta, 30000, 30796, 11, 0, 2171
1761702399, meta, 30000, 30796, 11, 0, 982
1761702400, meta, 100000, 105902, 9, 0, 9133
1761702411, meta, 100000, 105902, 552, 0, 10865
1761706132, meta, 10, 28, 2, 0, 347
1761706134, meta, 10, 28, 2, 0, 365
1761706135, meta, 100, 28, 2, 0, 331
1761706137, meta, 100, 28, 2, 0, 276
1761706137, meta, 1000, 889, 3, 0, 390
1761706140, meta, 1000, 889, 3, 0, 295
1761706140, meta, 3000, 2714, 3, 0, 473
1761706142, meta, 3000, 2714, 3, 0, 432
1761706143, meta, 10000, 9975, 11, 0, 928
1761706146, meta, 10000, 9975, 11, 0, 642
1761706146, meta, 30000, 30796, 11, 0, 2194
1761706151, meta, 30000, 30796, 11, 0, 2177
1761706153, meta, 100000, 105902, 318, 0, 14397
1761706169, meta, 100000, 105902, 318, 0, 7062
1761709886, meta, 10, 28, 2, 0, 334
1761709888, meta, 10, 28, 2, 0, 263
1761709888, meta, 100, 28, 2, 0, 363
1761709891, meta, 100, 28, 2, 0, 304
1761709891, meta, 1000, 889, 3, 0, 402
1761709893, meta, 1000, 889, 2, 0, 413
1761709894, meta, 3000, 2714, 3, 0, 374
1761709896, meta, 3000, 2714, 3, 0, 392
1761709896, meta, 10000, 9975, 11, 0, 918
1761709899, meta, 10000, 9975, 11, 0, 589
1761709900, meta, 30000, 30796, 10, 0, 2222
1761709904, meta, 30000, 30796, 12, 0, 1005
1761709905, meta, 100000, 105902, 9, 0, 9067
1761709916, meta, 100000, 105902, 371, 0, 7756
1761713656, meta, 10, 28, 2, 0, 270
1761713658, meta, 10, 28, 2, 0, 263
1761713658, meta, 100, 28, 2, 0, 256
1761713661, meta, 100, 28, 2, 0, 256
1761713661, meta, 1000, 889, 3, 0, 408
1761713663, meta, 1000, 889, 3, 0, 374
1761713664, meta, 3000, 2714, 3, 0, 421
1761713666, meta, 3000, 2714, 3, 0, 398
1761713666, meta, 10000, 9975, 11, 0, 892
1761713669, meta, 10000, 9975, 11, 0, 532
1761713670, meta, 30000, 30796, 11, 0, 2192
1761713674, meta, 30000, 30796, 11, 0, 913
1761713675, meta, 100000, 105902, 336, 0, 14620
1761713692, meta, 100000, 105902, 11, 0, 8994
1761717411, meta, 10, 28, 2, 0, 273
1761717413, meta, 10, 28, 2, 0, 291
1761717413, meta, 100, 28, 2, 0, 278
1761717415, meta, 100, 28, 2, 0, 308
1761717416, meta, 1000, 889, 3, 0, 288
1761717418, meta, 1000, 889, 2, 0, 424
1761717418, meta, 3000, 2714, 3, 0, 390
1761717421, meta, 3000, 2714, 3, 0, 322
1761717421, meta, 10000, 9975, 7, 0, 841
1761717424, meta, 10000, 9975, 3, 0, 837
1761717425, meta, 30000, 30796, 11, 0, 2241
1761717429, meta, 30000, 30796, 60, 0, 2865
1761717432, meta, 100000, 105902, 293, 0, 14235
1761717448, meta, 100000, 105902, 415, 0, 8776
1761721162, meta, 10, 28, 2, 0, 343
1761721164, meta, 10, 28, 2, 0, 377
1761721165, meta, 100, 28, 2, 0, 388
1761721167, meta, 100, 28, 2, 0, 343
1761721167, meta, 1000, 889, 3, 0, 369
1761721170, meta, 1000, 889, 3, 0, 339
1761721170, meta, 3000, 2714, 3, 0, 425
1761721172, meta, 3000, 2714, 3, 0, 414
1761721173, meta, 10000, 9975, 11, 0, 931
1761721176, meta, 10000, 9975, 11, 0, 658
1761721177, meta, 30000, 30796, 12, 0, 2331
1761721181, meta, 30000, 30796, 11, 0, 864
1761721182, meta, 100000, 105902, 9, 0, 9001
1761721193, meta, 100000, 105902, 9, 0, 2097
1761724915, meta, 10, 28, 2, 0, 343
1761724918, meta, 10, 28, 2, 0, 351
1761724918, meta, 100, 28, 2, 0, 350
1761724920, meta, 100, 28, 2, 0, 356
1761724921, meta, 1000, 889, 3, 0, 378
1761724923, meta, 1000, 889, 3, 0, 361
1761724924, meta, 3000, 2714, 3, 0, 493
1761724926, meta, 3000, 2714, 3, 0, 465
1761724927, meta, 10000, 9975, 11, 0, 988
1761724929, meta, 10000, 9975, 11, 0, 663
1761724930, meta, 30000, 30796, 13, 0, 2245
1761724934, meta, 30000, 30796, 13, 0, 949
1761724935, meta, 100000, 105902, 9, 0, 9148
1761724947, meta, 100000, 105902, 11, 0, 9386
1761728661, meta, 10, 28, 2, 0, 487
1761728663, meta, 10, 28, 2, 0, 322
1761728664, meta, 100, 28, 2, 0, 352
1761728666, meta, 100, 28, 2, 0, 573
1761728667, meta, 1000, 889, 3, 0, 387
1761728669, meta, 1000, 889, 3, 0, 348
1761728669, meta, 3000, 2714, 3, 0, 385
1761728672, meta, 3000, 2714, 3, 0, 445
1761728672, meta, 10000, 9975, 11, 0, 990
1761728675, meta, 10000, 9975, 3, 0, 513
1761728676, meta, 30000, 30796, 11, 0, 2334
1761728680, meta, 30000, 30796, 11, 0, 1195
1761728681, meta, 100000, 105902, 12, 0, 9189
1761728692, meta, 100000, 105902, 9, 0, 9149
1761732467, meta, 10, 28, 2, 0, 335
1761732469, meta, 10, 28, 2, 0, 319
1761732470, meta, 100, 28, 2, 0, 348
1761732472, meta, 100, 28, 2, 0, 254
1761732472, meta, 1000, 889, 2, 0, 358
1761732475, meta, 1000, 889, 2, 0, 285
1761732475, meta, 3000, 2714, 3, 0, 407
1761732477, meta, 3000, 2714, 3, 0, 505
1761732478, meta, 10000, 9975, 11, 0, 886
1761732481, meta, 10000, 9975, 11, 0, 614
1761732481, meta, 30000, 30796, 142, 0, 4088
1761732488, meta, 30000, 30796, 11, 0, 849
1761732488, meta, 100000, 105902, 9, 0, 8989
1761732499, meta, 100000, 105902, 295, 0, 6691
1761736215, meta, 10, 28, 2, 0, 327
1761736217, meta, 10, 28, 2, 0, 325
1761736217, meta, 100, 28, 2, 0, 339
1761736220, meta, 100, 28, 2, 0, 369
1761736220, meta, 1000, 889, 3, 0, 361
1761736223, meta, 1000, 889, 3, 0, 354
1761736223, meta, 3000, 2714, 3, 0, 449
1761736225, meta, 3000, 2714, 3, 0, 430
1761736226, meta, 10000, 9975, 3, 0, 793
1761736229, meta, 10000, 9975, 10, 0, 620
1761736229, meta, 30000, 30796, 77, 0, 3259
1761736234, meta, 30000, 30796, 11, 0, 907
1761736235, meta, 100000, 105902, 9, 0, 9101
1761736246, meta, 100000, 105902, 572, 0, 10848
1761739967, meta, 10, 28, 2, 0, 273
1761739969, meta, 10, 28, 2, 0, 272
1761739970, meta, 100, 28, 2, 0, 280
1761739972, meta, 100, 28, 2, 0, 303
1761739972, meta, 1000, 889, 2, 0, 441
1761739975, meta, 1000, 889, 2, 0, 466
1761739975, meta, 3000, 2714, 3, 0, 380
1761739977, meta, 3000, 2714, 3, 0, 347
1761739978, meta, 10000, 9975, 11, 0, 907
1761739981, meta, 10000, 9975, 11, 0, 933
1761739982, meta, 30000, 30796, 13, 0, 2257
1761739986, meta, 30000, 30796, 11, 0, 940
1761739987, meta, 100000, 105903, 13, 0, 9025
1761739998, meta, 100000, 105903, 9, 0, 1863
1761743705, meta, 10, 28, 2, 0, 321
1761743707, meta, 10, 28, 2, 0, 337
1761743708, meta, 100, 28, 2, 0, 277
1761743710, meta, 100, 28, 2, 0, 350
1761743710, meta, 1000, 889, 2, 0, 311
1761743713, meta, 1000, 889, 2, 0, 324
1761743713, meta, 3000, 2714, 3, 0, 390
1761743715, meta, 3000, 2714, 3, 0, 417
1761743716, meta, 10000, 9975, 11, 0, 949
1761743719, meta, 10000, 9975, 11, 0, 1022
1761743720, meta, 30000, 30796, 12, 0, 2312
1761743724, meta, 30000, 30796, 10, 0, 2304
1761743726, meta, 100000, 105902, 9, 0, 9236
1761743738, meta, 100000, 105902, 9, 0, 2430
1761747449, meta, 10, 28, 2, 0, 385
1761747451, meta, 10, 28, 2, 0, 390
1761747452, meta, 100, 28, 2, 0, 439
1761747454, meta, 100, 28, 2, 0, 434
1761747455, meta, 1000, 889, 3, 0, 334
1761747457, meta, 1000, 889, 3, 0, 326
1761747457, meta, 3000, 2714, 3, 0, 488
1761747460, meta, 3000, 2714, 3, 0, 480
1761747460, meta, 10000, 9975, 11, 0, 928
1761747463, meta, 10000, 9975, 12, 0, 911
1761747464, meta, 30000, 30796, 12, 0, 2235
1761747468, meta, 30000, 30796, 58, 0, 1713
1761747470, meta, 100000, 105902, 13, 0, 9137
1761747481, meta, 100000, 105902, 12, 0, 9137
1761751190, meta, 10, 28, 2, 0, 352
1761751193, meta, 10, 28, 2, 0, 379
1761751193, meta, 100, 28, 2, 0, 317
1761751196, meta, 100, 28, 2, 0, 390
1761751196, meta, 1000, 889, 2, 0, 383
1761751198, meta, 1000, 889, 3, 0, 432
1761751199, meta, 3000, 2714, 3, 0, 397
1761751201, meta, 3000, 2714, 3, 0, 456
1761751202, meta, 10000, 9975, 3, 0, 926
1761751205, meta, 10000, 9975, 3, 0, 848
1761751205, meta, 30000, 30796, 12, 0, 2378
1761751210, meta, 30000, 30796, 110, 0, 2552
1761751212, meta, 100000, 105903, 13, 0, 9149
1761751223, meta, 100000, 105903, 13, 0, 9105
1761754941, meta, 10, 28, 2, 0, 272
1761754943, meta, 10, 28, 2, 0, 323
1761754944, meta, 100, 28, 2, 0, 304
1761754946, meta, 100, 28, 2, 0, 303
1761754946, meta, 1000, 889, 2, 0, 486
1761754949, meta, 1000, 889, 3, 0, 361
1761754949, meta, 3000, 2714, 3, 0, 510
1761754952, meta, 3000, 2714, 3, 0, 433
1761754952, meta, 10000, 9975, 3, 0, 894
1761754955, meta, 10000, 9975, 3, 0, 471
1761754955, meta, 30000, 30796, 11, 0, 2264
1761754960, meta, 30000, 30796, 109, 0, 3636
1761754963, meta, 100000, 105902, 13, 0, 9186
1761754975, meta, 100000, 105902, 13, 0, 2267
1761758708, meta, 10, 28, 2, 0, 357
1761758710, meta, 10, 28, 2, 0, 314
1761758711, meta, 100, 28, 2, 0, 264
1761758713, meta, 100, 28, 2, 0, 272
1761758713, meta, 1000, 889, 3, 0, 351
1761758716, meta, 1000, 889, 3, 0, 348
1761758716, meta, 3000, 2714, 3, 0, 441
1761758718, meta, 3000, 2714, 3, 0, 382
1761758719, meta, 10000, 9975, 11, 0, 901
1761758722, meta, 10000, 9975, 8, 0, 658
1761758722, meta, 30000, 30796, 88, 0, 3369
1761758728, meta, 30000, 30796, 12, 0, 958
1761758729, meta, 100000, 105902, 9, 0, 9216
1761758740, meta, 100000, 105902, 9, 0, 9190
1761762454, meta, 10, 28, 2, 0, 367
1761762456, meta, 10, 28, 2, 0, 271
1761762457, meta, 100, 28, 2, 0, 364
1761762459, meta, 100, 28, 2, 0, 343
1761762459, meta, 1000, 889, 3, 0, 357
1761762462, meta, 1000, 889, 3, 0, 298
1761762462, meta, 3000, 2714, 3, 0, 382
1761762464, meta, 3000, 2714, 3, 0, 345
1761762465, meta, 10000, 9976, 11, 0, 1042
1761762468, meta, 10000, 9976, 11, 0, 889
1761762469, meta, 30000, 30796, 13, 0, 2340
1761762473, meta, 30000, 30796, 10, 0, 2294
1761762475, meta, 100000, 105903, 233, 0, 12695
1761762490, meta, 100000, 105903, 13, 0, 2249
1761766209, meta, 10, 28, 2, 0, 375
1761766211, meta, 10, 28, 2, 0, 283
1761766211, meta, 100, 28, 2, 0, 274
1761766213, meta, 100, 28, 2, 0, 298
1761766214, meta, 1000, 889, 2, 0, 390
1761766216, meta, 1000, 889, 2, 0, 365
1761766217, meta, 3000, 2714, 3, 0, 424
1761766219, meta, 3000, 2714, 3, 0, 352
1761766219, meta, 10000, 9975, 11, 0, 973
1761766222, meta, 10000, 9975, 11, 0, 575
1761766223, meta, 30000, 30796, 12, 0, 2327
1761766227, meta, 30000, 30796, 10, 0, 1038
1761766228, meta, 100000, 105902, 308, 0, 14168
1761766244, meta, 100000, 105902, 9, 0, 2057
1761769955, meta, 10, 28, 2, 0, 265
1761769957, meta, 10, 28, 2, 0, 348
1761769958, meta, 100, 28, 2, 0, 272
1761769960, meta, 100, 28, 2, 0, 266
1761769960, meta, 1000, 889, 2, 0, 413
1761769963, meta, 1000, 889, 3, 0, 350
1761769963, meta, 3000, 2715, 3, 0, 486
1761769965, meta, 3000, 2715, 2, 0, 353
1761769966, meta, 10000, 9976, 11, 0, 1025
1761769969, meta, 10000, 9976, 11, 0, 864
1761769970, meta, 30000, 30796, 12, 0, 2340
1761769974, meta, 30000, 30796, 94, 0, 1926
1761769976, meta, 100000, 105903, 12, 0, 9331
1761769987, meta, 100000, 105903, 309, 0, 6727
1761773710, meta, 10, 28, 2, 0, 262
1761773712, meta, 10, 28, 2, 0, 341
1761773713, meta, 100, 28, 2, 0, 355
1761773715, meta, 100, 28, 2, 0, 349
1761773715, meta, 1000, 889, 3, 0, 360
1761773718, meta, 1000, 889, 3, 0, 348
1761773718, meta, 3000, 2714, 3, 0, 503
1761773721, meta, 3000, 2714, 3, 0, 480
1761773721, meta, 10000, 9975, 11, 0, 961
1761773724, meta, 10000, 9975, 11, 0, 538
1761773725, meta, 30000, 30796, 10, 0, 2286
1761773729, meta, 30000, 30796, 12, 0, 967
1761773730, meta, 100000, 105903, 57, 0, 9901
1761773742, meta, 100000, 105903, 412, 0, 15390
1761777491, meta, 10, 28, 2, 0, 262
1761777493, meta, 10, 28, 2, 0, 388
1761777493, meta, 100, 28, 2, 0, 382
1761777496, meta, 100, 28, 2, 0, 403
1761777496, meta, 1000, 889, 3, 0, 369
1761777499, meta, 1000, 889, 3, 0, 429
1761777499, meta, 3000, 2714, 3, 0, 363
1761777501, meta, 3000, 2714, 3, 0, 500
1761777502, meta, 10000, 9975, 11, 0, 1007
1761777505, meta, 10000, 9975, 11, 0, 611
1761777506, meta, 30000, 30796, 212, 0, 5163
1761777513, meta, 30000, 30796, 395, 0, 7363
1761777520, meta, 100000, 105901, 11, 0, 9263
1761777531, meta, 100000, 105901, 9, 0, 2097
1761781236, meta, 10, 28, 2, 0, 330
1761781239, meta, 10, 28, 2, 0, 339
1761781239, meta, 100, 28, 2, 0, 328
1761781241, meta, 100, 28, 2, 0, 331
1761781242, meta, 1000, 889, 2, 0, 358
1761781244, meta, 1000, 889, 3, 0, 285
1761781244, meta, 3000, 2714, 3, 0, 387
1761781247, meta, 3000, 2714, 3, 0, 359
1761781247, meta, 10000, 9976, 11, 0, 976
1761781250, meta, 10000, 9976, 12, 0, 651
1761781251, meta, 30000, 30796, 11, 0, 2222
1761781255, meta, 30000, 30796, 11, 0, 974
1761781256, meta, 100000, 105902, 13, 0, 9149
1761781267, meta, 100000, 105902, 13, 0, 2228
1761784978, meta, 10, 28, 2, 0, 309
1761784981, meta, 10, 28, 2, 0, 379
1761784981, meta, 100, 28, 2, 0, 318
1761784983, meta, 100, 28, 2, 0, 288
1761784984, meta, 1000, 889, 2, 0, 304
1761784986, meta, 1000, 889, 3, 0, 339
1761784986, meta, 3000, 2714, 3, 0, 413
1761784989, meta, 3000, 2714, 3, 0, 352
1761784989, meta, 10000, 9975, 12, 0, 924
1761784992, meta, 10000, 9975, 11, 0, 662
1761784993, meta, 30000, 30796, 12, 0, 2258
1761784997, meta, 30000, 30796, 11, 0, 2154
1761784999, meta, 100000, 105902, 15, 0, 9253
1761785010, meta, 100000, 0, 0, 0, 54848
1761788776, meta, 10, 28, 2, 0, 355
1761788779, meta, 10, 28, 2, 0, 266
1761788779, meta, 100, 28, 2, 0, 354
1761788781, meta, 100, 28, 2, 0, 361
1761788782, meta, 1000, 889, 2, 0, 389
1761788784, meta, 1000, 889, 2, 0, 293
1761788784, meta, 3000, 2714, 3, 0, 461
1761788787, meta, 3000, 2714, 3, 0, 457
1761788787, meta, 10000, 9975, 7, 0, 849
1761788790, meta, 10000, 9975, 11, 0, 642
1761788791, meta, 30000, 30796, 51, 0, 2778
1761788796, meta, 30000, 30796, 11, 0, 2228
1761788798, meta, 100000, 105901, 11, 0, 9072
1761788809, meta, 100000, 105901, 11, 0, 9078
1761792524, meta, 10, 28, 2, 0, 313
1761792526, meta, 10, 28, 2, 0, 282
1761792526, meta, 100, 28, 2, 0, 287
1761792529, meta, 100, 28, 2, 0, 360
1761792529, meta, 1000, 889, 3, 0, 482
1761792531, meta, 1000, 889, 3, 0, 345
1761792532, meta, 3000, 2714, 3, 0, 418
1761792534, meta, 3000, 2714, 3, 0, 366
1761792535, meta, 10000, 9975, 11, 0, 963
1761792538, meta, 10000, 9975, 11, 0, 885
1761792538, meta, 30000, 30796, 10, 0, 2237
1761792543, meta, 30000, 30796, 10, 0, 871
1761792544, meta, 100000, 105902, 10, 0, 9048
1761792555, meta, 100000, 105902, 9, 0, 9187
1761796268, meta, 10, 28, 2, 0, 267
1761796271, meta, 10, 28, 2, 0, 394
1761796271, meta, 100, 28, 2, 0, 343
1761796273, meta, 100, 28, 2, 0, 336
1761796274, meta, 1000, 889, 3, 0, 413
1761796276, meta, 1000, 889, 3, 0, 439
1761796277, meta, 3000, 2714, 3, 0, 449
1761796279, meta, 3000, 2714, 3, 0, 436
1761796279, meta, 10000, 9976, 3, 0, 901
1761796282, meta, 10000, 9976, 11, 0, 1012
1761796283, meta, 30000, 30797, 63, 0, 2936
1761796288, meta, 30000, 30797, 11, 0, 971
1761796289, meta, 100000, 105903, 13, 0, 9181
1761796300, meta, 100000, 105903, 8, 0, 9032
1761800024, meta, 10, 28, 2, 0, 294
1761800027, meta, 10, 28, 2, 0, 331
1761800027, meta, 100, 28, 2, 0, 262
1761800029, meta, 100, 28, 2, 0, 267
1761800030, meta, 1000, 889, 3, 0, 295
1761800032, meta, 1000, 889, 2, 0, 299
1761800032, meta, 3000, 2714, 3, 0, 409
1761800035, meta, 3000, 2714, 3, 0, 378
1761800035, meta, 10000, 9975, 11, 0, 894
1761800038, meta, 10000, 9975, 11, 0, 586
1761800038, meta, 30000, 30796, 12, 0, 2264
1761800043, meta, 30000, 30796, 70, 0, 2942
1761800046, meta, 100000, 105902, 13, 0, 9032
1761800057, meta, 100000, 105902, 579, 0, 10547
1761803781, meta, 10, 28, 2, 0, 275
1761803783, meta, 10, 28, 2, 0, 278
1761803784, meta, 100, 28, 2, 0, 297
1761803786, meta, 100, 28, 2, 0, 269
1761803786, meta, 1000, 891, 3, 0, 298
1761803789, meta, 1000, 891, 3, 0, 292
1761803789, meta, 3000, 2714, 3, 0, 392
1761803791, meta, 3000, 2714, 3, 0, 438
1761803792, meta, 10000, 9975, 12, 0, 917
1761803795, meta, 10000, 9975, 11, 0, 548
1761803795, meta, 30000, 30796, 65, 0, 2896
1761803800, meta, 30000, 30796, 10, 0, 855
1761803801, meta, 100000, 105901, 254, 0, 12935
1761803816, meta, 100000, 105901, 9, 0, 8999
1761807527, meta, 10, 28, 2, 0, 258
1761807529, meta, 10, 28, 2, 0, 300
1761807529, meta, 100, 28, 2, 0, 261
1761807531, meta, 100, 28, 2, 0, 371
1761807532, meta, 1000, 889, 3, 0, 304
1761807534, meta, 1000, 889, 3, 0, 283
1761807534, meta, 3000, 2714, 3, 0, 384
1761807537, meta, 3000, 2714, 3, 0, 489
1761807537, meta, 10000, 9975, 11, 0, 882
1761807540, meta, 10000, 9975, 11, 0, 952
1761807541, meta, 30000, 30796, 11, 0, 2256
1761807545, meta, 30000, 30796, 11, 0, 2228
1761807548, meta, 100000, 105902, 297, 0, 13966
1761807564, meta, 100000, 105902, 9, 0, 9100
1761811276, meta, 10, 28, 2, 0, 287
1761811279, meta, 10, 28, 2, 0, 313
1761811279, meta, 100, 28, 2, 0, 319
1761811281, meta, 100, 28, 2, 0, 258
1761811282, meta, 1000, 889, 3, 0, 332
1761811284, meta, 1000, 889, 3, 0, 343
1761811284, meta, 3000, 2714, 3, 0, 468
1761811287, meta, 3000, 2714, 3, 0, 345
1761811287, meta, 10000, 9975, 11, 0, 936
1761811290, meta, 10000, 9975, 12, 0, 591
1761811291, meta, 30000, 30796, 11, 0, 2216
1761811295, meta, 30000, 30796, 10, 0, 868
1761811296, meta, 100000, 105902, 9, 0, 8957
1761811307, meta, 100000, 105902, 9, 0, 2182
1761815007, meta, 10, 28, 2, 0, 287
1761815010, meta, 10, 28, 2, 0, 317
1761815010, meta, 100, 28, 2, 0, 315
1761815012, meta, 100, 28, 2, 0, 258
1761815012, meta, 1000, 889, 3, 0, 330
1761815015, meta, 1000, 889, 3, 0, 346
1761815015, meta, 3000, 2714, 3, 0, 396
1761815017, meta, 3000, 2714, 3, 0, 550
1761815018, meta, 10000, 9976, 11, 0, 1266
1761815021, meta, 10000, 9976, 11, 0, 586
1761815022, meta, 30000, 30796, 12, 0, 2359
1761815026, meta, 30000, 30796, 69, 0, 3117
1761815029, meta, 100000, 105902, 9, 0, 9148
1761815041, meta, 100000, 105902, 474, 0, 9513
1761818821, meta, 10, 28, 2, 0, 270
1761818824, meta, 10, 28, 2, 0, 270
1761818824, meta, 100, 28, 2, 0, 312
1761818826, meta, 100, 28, 2, 0, 281
1761818827, meta, 1000, 889, 3, 0, 285
1761818829, meta, 1000, 889, 3, 0, 272
1761818829, meta, 3000, 2714, 3, 0, 480
1761818832, meta, 3000, 2714, 3, 0, 424
1761818832, meta, 10000, 9975, 11, 0, 864
1761818835, meta, 10000, 9975, 11, 0, 596
1761818835, meta, 30000, 30796, 11, 0, 2144
1761818840, meta, 30000, 30796, 8, 0, 836
1761818840, meta, 100000, 105901, 12, 0, 9071
1761818852, meta, 100000, 105901, 11, 0, 8938
1761822562, meta, 10, 28, 2, 0, 265
1761822564, meta, 10, 28, 2, 0, 259
1761822564, meta, 100, 28, 2, 0, 279
1761822566, meta, 100, 28, 2, 0, 348
1761822567, meta, 1000, 890, 2, 0, 288
1761822569, meta, 1000, 890, 3, 0, 283
1761822569, meta, 3000, 2714, 3, 0, 385
1761822572, meta, 3000, 2714, 3, 0, 346
1761822572, meta, 10000, 9975, 11, 0, 897
1761822575, meta, 10000, 9975, 11, 0, 881
1761822576, meta, 30000, 30796, 11, 0, 2198
1761822580, meta, 30000, 30796, 14, 0, 2224
1761822582, meta, 100000, 105901, 376, 0, 15135
1761822599, meta, 100000, 105901, 11, 0, 2101
1761826321, meta, 10, 28, 2, 0, 370
1761826323, meta, 10, 28, 2, 0, 429
1761826324, meta, 100, 28, 2, 0, 330
1761826326, meta, 100, 28, 2, 0, 351
1761826326, meta, 1000, 889, 3, 0, 369
1761826329, meta, 1000, 889, 3, 0, 351
1761826329, meta, 3000, 2714, 3, 0, 493
1761826331, meta, 3000, 2714, 3, 0, 352
1761826332, meta, 10000, 9975, 11, 0, 925
1761826335, meta, 10000, 9975, 11, 0, 1001
1761826336, meta, 30000, 30796, 11, 0, 2283
1761826340, meta, 30000, 30796, 9, 0, 825
1761826341, meta, 100000, 105903, 13, 0, 9155
1761826352, meta, 100000, 105903, 224, 0, 12657
1761830127, meta, 10, 28, 2, 0, 373
1761830129, meta, 10, 28, 2, 0, 342
1761830130, meta, 100, 28, 2, 0, 356
1761830132, meta, 100, 28, 2, 0, 369
1761830132, meta, 1000, 889, 2, 0, 365
1761830135, meta, 1000, 889, 3, 0, 359
1761830135, meta, 3000, 2714, 3, 0, 448
1761830138, meta, 3000, 2714, 3, 0, 461
1761830138, meta, 10000, 9975, 11, 0, 997
1761830141, meta, 10000, 9975, 11, 0, 946
1761830142, meta, 30000, 30797, 11, 0, 2285
1761830146, meta, 30000, 30797, 11, 0, 2343
1761830149, meta, 100000, 105903, 60, 0, 9987
1761830161, meta, 100000, 105903, 368, 0, 14895
1761833885, meta, 10, 28, 2, 0, 287
1761833887, meta, 10, 28, 2, 0, 385
1761833887, meta, 100, 28, 2, 0, 277
1761833890, meta, 100, 28, 2, 0, 399
1761833890, meta, 1000, 889, 2, 0, 362
1761833893, meta, 1000, 889, 2, 0, 294
1761833893, meta, 3000, 2714, 3, 0, 387
1761833895, meta, 3000, 2714, 3, 0, 525
1761833896, meta, 10000, 9975, 11, 0, 1019
1761833899, meta, 10000, 9975, 3, 0, 595
1761833899, meta, 30000, 30796, 12, 0, 2234
1761833904, meta, 30000, 30796, 11, 0, 909
1761833904, meta, 100000, 105902, 12, 0, 9343
1761833916, meta, 100000, 105902, 12, 0, 2259
1761837675, meta, 10, 28, 2, 0, 395
1761837677, meta, 10, 28, 2, 0, 369
1761837677, meta, 100, 28, 2, 0, 416
1761837680, meta, 100, 28, 2, 0, 507
1761837680, meta, 1000, 889, 2, 0, 389
1761837683, meta, 1000, 889, 2, 0, 451
1761837683, meta, 3000, 2715, 3, 0, 635
1761837686, meta, 3000, 2715, 3, 0, 526
1761837686, meta, 10000, 9976, 11, 0, 1021
1761837689, meta, 10000, 9976, 11, 0, 1050
1761837690, meta, 30000, 30796, 12, 0, 2330
1761837695, meta, 30000, 30796, 62, 0, 3120
1761837698, meta, 100000, 105901, 12, 0, 9101
1761837709, meta, 100000, 105901, 11, 0, 2075
1761841459, meta, 10, 28, 2, 0, 389
1761841461, meta, 10, 28, 2, 0, 259
1761841461, meta, 100, 28, 2, 0, 271
1761841463, meta, 100, 28, 2, 0, 293
1761841464, meta, 1000, 889, 2, 0, 297
1761841466, meta, 1000, 889, 2, 0, 268
1761841466, meta, 3000, 2714, 3, 0, 385
1761841469, meta, 3000, 2714, 3, 0, 390
1761841469, meta, 10000, 9975, 11, 0, 1048
1761841472, meta, 10000, 9975, 11, 0, 898
1761841473, meta, 30000, 30796, 82, 0, 3290
1761841478, meta, 30000, 30796, 68, 0, 2932
1761841481, meta, 100000, 105903, 13, 0, 9339
1761841493, meta, 100000, 105903, 10, 0, 9163
1761845208, meta, 10, 28, 2, 0, 271
1761845210, meta, 10, 28, 2, 0, 306
1761845211, meta, 100, 28, 2, 0, 397
1761845213, meta, 100, 28, 2, 0, 322
1761845213, meta, 1000, 890, 3, 0, 308
1761845216, meta, 1000, 890, 3, 0, 285
1761845216, meta, 3000, 2714, 2, 0, 546
1761845218, meta, 3000, 2714, 2, 0, 412
1761845219, meta, 10000, 9975, 11, 0, 1049
1761845222, meta, 10000, 9975, 11, 0, 688
1761845223, meta, 30000, 30796, 11, 0, 2241
1761845227, meta, 30000, 30796, 11, 0, 1055
1761845228, meta, 100000, 105903, 9, 0, 8993
1761845239, meta, 100000, 105903, 71, 0, 10122
1761848959, meta, 10, 28, 2, 0, 308
1761848961, meta, 10, 28, 2, 0, 288
1761848962, meta, 100, 28, 2, 0, 335
1761848964, meta, 100, 28, 2, 0, 260
1761848964, meta, 1000, 889, 3, 0, 295
1761848966, meta, 1000, 889, 3, 0, 340
1761848967, meta, 3000, 2715, 3, 0, 465
1761848969, meta, 3000, 2715, 3, 0, 387
1761848970, meta, 10000, 9975, 11, 0, 937
1761848973, meta, 10000, 9975, 11, 0, 586
1761848973, meta, 30000, 30796, 203, 0, 5057
1761848980, meta, 30000, 30796, 463, 0, 6318
1761848987, meta, 100000, 105904, 11, 0, 9224
1761848998, meta, 100000, 105904, 287, 0, 13845
1761852718, meta, 10, 28, 2, 0, 257
1761852720, meta, 10, 28, 2, 0, 269
1761852721, meta, 100, 28, 2, 0, 256
1761852723, meta, 100, 28, 2, 0, 326
1761852723, meta, 1000, 889, 3, 0, 276
1761852726, meta, 1000, 889, 3, 0, 377
1761852726, meta, 3000, 2714, 2, 0, 401
1761852728, meta, 3000, 2714, 3, 0, 403
1761852729, meta, 10000, 9975, 11, 0, 958
1761852732, meta, 10000, 9975, 11, 0, 963
1761852733, meta, 30000, 30796, 11, 0, 2169
1761852737, meta, 30000, 30796, 420, 0, 7377
1761852744, meta, 100000, 105902, 10, 0, 9196
1761852755, meta, 100000, 105902, 883, 0, 15995
1761856477, meta, 10, 28, 2, 0, 262
1761856479, meta, 10, 28, 2, 0, 323
1761856479, meta, 100, 28, 2, 0, 276
1761856482, meta, 100, 28, 2, 0, 337
1761856482, meta, 1000, 889, 3, 0, 282
1761856484, meta, 1000, 889, 2, 0, 319
1761856485, meta, 3000, 2714, 3, 0, 370
1761856487, meta, 3000, 2714, 3, 0, 381
1761856487, meta, 10000, 9975, 11, 0, 897
1761856490, meta, 10000, 9975, 11, 0, 608
1761856491, meta, 30000, 30796, 78, 0, 3208
1761856496, meta, 30000, 30796, 75, 0, 3065
1761856499, meta, 100000, 105903, 13, 0, 9249
1761856510, meta, 100000, 105903, 9, 0, 2395
1761860223, meta, 10, 28, 2, 0, 443
1761860226, meta, 10, 28, 2, 0, 282
1761860226, meta, 100, 28, 2, 0, 301
1761860228, meta, 100, 28, 2, 0, 273
1761860228, meta, 1000, 889, 3, 0, 312
1761860231, meta, 1000, 889, 2, 0, 327
1761860231, meta, 3000, 2714, 3, 0, 445
1761860234, meta, 3000, 2714, 3, 0, 354
1761860234, meta, 10000, 9977, 11, 0, 897
1761860237, meta, 10000, 9977, 11, 0, 553
1761860237, meta, 30000, 30796, 40, 0, 2580
1761860242, meta, 30000, 30796, 18, 0, 2327
1761860244, meta, 100000, 105902, 362, 0, 15128
1761860261, meta, 100000, 105902, 11, 0, 8848
1761863977, meta, 10, 28, 2, 0, 374
1761863979, meta, 10, 28, 2, 0, 296
1761863979, meta, 100, 28, 2, 0, 244
1761863982, meta, 100, 28, 2, 0, 370
1761863982, meta, 1000, 889, 3, 0, 360
1761863984, meta, 1000, 889, 3, 0, 290
1761863985, meta, 3000, 2714, 3, 0, 463
1761863987, meta, 3000, 2714, 3, 0, 399
1761863987, meta, 10000, 9975, 12, 0, 908
1761863990, meta, 10000, 9975, 11, 0, 605
1761863991, meta, 30000, 30796, 12, 0, 2285
1761863995, meta, 30000, 30796, 12, 0, 2312
1761863998, meta, 100000, 105902, 9, 0, 9116
1761864009, meta, 100000, 105902, 12, 0, 9237
1761867731, meta, 10, 28, 2, 0, 273
1761867733, meta, 10, 28, 2, 0, 259
1761867734, meta, 100, 28, 2, 0, 375
1761867736, meta, 100, 28, 2, 0, 413
1761867736, meta, 1000, 889, 2, 0, 329
1761867739, meta, 1000, 889, 3, 0, 348
1761867739, meta, 3000, 2714, 3, 0, 351
1761867741, meta, 3000, 2714, 3, 0, 320
1761867742, meta, 10000, 9975, 11, 0, 997
1761867745, meta, 10000, 9975, 11, 0, 1026
1761867746, meta, 30000, 30796, 110, 0, 3763
1761867751, meta, 30000, 30796, 11, 0, 9271
1761867761, meta, 100000, 105903, 12, 0, 10271
1761867773, meta, 100000, 105903, 35, 0, 9620
1761871501, meta, 10, 28, 2, 0, 346
1761871504, meta, 10, 28, 2, 0, 315
1761871504, meta, 100, 28, 2, 0, 306
1761871506, meta, 100, 28, 2, 0, 256
1761871507, meta, 1000, 889, 3, 0, 288
1761871509, meta, 1000, 889, 3, 0, 318
1761871509, meta, 3000, 2714, 3, 0, 406
1761871512, meta, 3000, 2714, 3, 0, 375
1761871512, meta, 10000, 9975, 11, 0, 1335
1761871515, meta, 10000, 9975, 11, 0, 1098
1761871516, meta, 30000, 30796, 11, 0, 2556
1761871521, meta, 30000, 30796, 11, 0, 961
1761871522, meta, 100000, 105902, 8, 0, 9257
1761871533, meta, 100000, 105902, 9, 0, 2059
1761875233, meta, 10, 28, 2, 0, 1061
1761875237, meta, 10, 28, 2, 0, 278
1761875237, meta, 100, 28, 2, 0, 264
1761875239, meta, 100, 28, 2, 0, 287
1761875239, meta, 1000, 889, 3, 0, 269
1761875242, meta, 1000, 889, 3, 0, 287
1761875242, meta, 3000, 2715, 3, 0, 1083
1761875245, meta, 3000, 2715, 3, 0, 1097
1761875246, meta, 10000, 9975, 11, 0, 939
1761875249, meta, 10000, 9975, 11, 0, 1498
1761875251, meta, 30000, 30796, 372, 0, 7207
1761875260, meta, 30000, 30796, 12, 0, 2225
1761875262, meta, 100000, 105903, 471, 0, 17412
1761875281, meta, 100000, 105903, 531, 0, 10559
1761878993, meta, 10, 28, 2, 0, 334
1761878995, meta, 10, 28, 2, 0, 1008
1761878996, meta, 100, 28, 2, 0, 299
1761878998, meta, 100, 28, 2, 0, 281
1761878998, meta, 1000, 889, 2, 0, 317
1761879001, meta, 1000, 889, 2, 0, 310
1761879001, meta, 3000, 2714, 3, 0, 383
1761879004, meta, 3000, 2714, 3, 0, 356
1761879004, meta, 10000, 9975, 11, 0, 932
1761879007, meta, 10000, 9975, 11, 0, 609
1761879007, meta, 30000, 30796, 12, 0, 2228
1761879012, meta, 30000, 30796, 59, 0, 1604
1761879013, meta, 100000, 105902, 13, 0, 9236
1761879024, meta, 100000, 105902, 43, 0, 9378
1761882754, meta, 10, 28, 2, 0, 1751
1761882758, meta, 10, 28, 2, 0, 296
1761882758, meta, 100, 28, 2, 0, 371
1761882760, meta, 100, 28, 2, 0, 287
1761882761, meta, 1000, 889, 3, 0, 957
1761882763, meta, 1000, 889, 2, 0, 314
1761882764, meta, 3000, 2714, 3, 0, 407
1761882766, meta, 3000, 2714, 3, 0, 356
1761882767, meta, 10000, 9976, 3, 0, 1009
1761882770, meta, 10000, 9976, 11, 0, 547
1761882770, meta, 30000, 30796, 244, 0, 5448
1761882778, meta, 30000, 30796, 11, 0, 2213
1761882780, meta, 100000, 105902, 325, 0, 14673
1761882796, meta, 100000, 0, 0, 0, 81584
1761886582, meta, 10, 28, 2, 0, 284
1761886584, meta, 10, 28, 2, 0, 294
1761886584, meta, 100, 28, 2, 0, 356
1761886586, meta, 100, 28, 2, 0, 288
1761886587, meta, 1000, 890, 3, 0, 313
1761886589, meta, 1000, 890, 3, 0, 305
1761886589, meta, 3000, 2715, 3, 0, 369
1761886592, meta, 3000, 2715, 3, 0, 404
1761886592, meta, 10000, 9975, 3, 0, 963
1761886595, meta, 10000, 9975, 11, 0, 674
1761886596, meta, 30000, 30796, 256, 0, 6473
1761886604, meta, 30000, 30796, 73, 0, 1881
1761886606, meta, 100000, 105901, 9, 0, 10369
1761886619, meta, 100000, 105901, 12, 0, 9019
1761890339, meta, 10, 28, 2, 0, 325
1761890342, meta, 10, 28, 2, 0, 331
1761890342, meta, 100, 28, 2, 0, 315
1761890344, meta, 100, 28, 2, 0, 286
1761890345, meta, 1000, 889, 3, 0, 313
1761890347, meta, 1000, 889, 3, 0, 285
1761890347, meta, 3000, 2714, 2, 0, 395
1761890350, meta, 3000, 2714, 2, 0, 408
1761890350, meta, 10000, 9975, 11, 0, 929
1761890353, meta, 10000, 9975, 3, 0, 563
1761890353, meta, 30000, 30796, 78, 0, 3284
1761890359, meta, 30000, 30796, 10, 0, 852
1761890360, meta, 100000, 105903, 264, 0, 13466
1761890375, meta, 100000, 105903, 294, 0, 8127
1761894140, meta, 10, 28, 2, 0, 307
1761894142, meta, 10, 28, 2, 0, 861
1761894143, meta, 100, 28, 2, 0, 282
1761894145, meta, 100, 28, 2, 0, 275
1761894146, meta, 1000, 889, 3, 0, 361
1761894148, meta, 1000, 889, 3, 0, 413
1761894148, meta, 3000, 2714, 3, 0, 446
1761894151, meta, 3000, 2714, 3, 0, 960
1761894152, meta, 10000, 9975, 11, 0, 894
1761894155, meta, 10000, 9975, 12, 0, 864
1761894156, meta, 30000, 30796, 215, 0, 5118
1761894163, meta, 30000, 30796, 101, 0, 3395
1761894166, meta, 100000, 105903, 9, 0, 8985
1761894177, meta, 100000, 105903, 9, 0, 2135
1761897896, meta, 10, 28, 2, 0, 357
1761897898, meta, 10, 28, 2, 0, 304
1761897898, meta, 100, 28, 2, 0, 265
1761897901, meta, 100, 28, 2, 0, 907
1761897902, meta, 1000, 889, 3, 0, 852
1761897904, meta, 1000, 889, 3, 0, 356
1761897905, meta, 3000, 2714, 3, 0, 462
1761897907, meta, 3000, 2714, 3, 0, 416
1761897908, meta, 10000, 9975, 11, 0, 917
1761897911, meta, 10000, 9975, 11, 0, 668
1761897911, meta, 30000, 30796, 8, 0, 2236
1761897915, meta, 30000, 30796, 237, 0, 4103
1761897920, meta, 100000, 105904, 421, 0, 16016
1761897938, meta, 100000, 105904, 315, 0, 13776
1761901659, meta, 10, 28, 2, 0, 828
1761901662, meta, 10, 28, 2, 0, 349
1761901662, meta, 100, 28, 2, 0, 307
1761901665, meta, 100, 28, 2, 0, 278
1761901665, meta, 1000, 889, 3, 0, 299
1761901667, meta, 1000, 889, 2, 0, 328
1761901667, meta, 3000, 2714, 3, 0, 383
1761901670, meta, 3000, 2714, 3, 0, 888
1761901671, meta, 10000, 9975, 11, 0, 917
1761901674, meta, 10000, 9975, 11, 0, 876
1761901674, meta, 30000, 30796, 14, 0, 2217
1761901679, meta, 30000, 30796, 11, 0, 2157
1761901681, meta, 100000, 105902, 12, 0, 10540
1761901693, meta, 100000, 105902, 12, 0, 9036
1761905411, meta, 10, 28, 2, 0, 350
1761905414, meta, 10, 28, 2, 0, 276
1761905414, meta, 100, 28, 2, 0, 285
1761905416, meta, 100, 28, 2, 0, 575
1761905417, meta, 1000, 889, 3, 0, 386
1761905419, meta, 1000, 889, 3, 0, 904
1761905420, meta, 3000, 2714, 3, 0, 382
1761905422, meta, 3000, 2714, 3, 0, 462
1761905423, meta, 10000, 9976, 11, 0, 1032
1761905426, meta, 10000, 9976, 3, 0, 519
1761905426, meta, 30000, 30796, 11, 0, 2303
1761905431, meta, 30000, 30796, 11, 0, 2828
1761905434, meta, 100000, 105903, 340, 0, 14396
1761905450, meta, 100000, 105903, 288, 0, 13359
1761909181, meta, 10, 28, 2, 0, 365
1761909184, meta, 10, 28, 2, 0, 272
1761909184, meta, 100, 28, 2, 0, 291
1761909186, meta, 100, 28, 2, 0, 337
1761909187, meta, 1000, 889, 2, 0, 368
1761909189, meta, 1000, 889, 3, 0, 830
1761909190, meta, 3000, 2714, 3, 0, 487
1761909192, meta, 3000, 2714, 3, 0, 420
1761909193, meta, 10000, 9975, 3, 0, 818
1761909196, meta, 10000, 9975, 3, 0, 789
1761909196, meta, 30000, 30796, 89, 0, 3319
1761909202, meta, 30000, 30796, 199, 0, 3721
1761909205, meta, 100000, 105902, 9, 0, 8980
1761909216, meta, 100000, 105902, 352, 0, 7934
1761913008, meta, 10, 28, 2, 0, 287
1761913010, meta, 10, 28, 2, 0, 277
1761913011, meta, 100, 28, 2, 0, 317
1761913013, meta, 100, 28, 2, 0, 397
1761913013, meta, 1000, 889, 3, 0, 343
1761913016, meta, 1000, 889, 3, 0, 288
1761913016, meta, 3000, 2714, 3, 0, 442
1761913019, meta, 3000, 2714, 3, 0, 902
1761913019, meta, 10000, 9975, 3, 0, 1366
1761913023, meta, 10000, 9975, 11, 0, 978
1761913024, meta, 30000, 30796, 240, 0, 5046
1761913031, meta, 30000, 30796, 25, 0, 2946
1761913034, meta, 100000, 105903, 279, 0, 13406
1761913049, meta, 100000, 105903, 15, 0, 9416
1761916774, meta, 10, 28, 2, 0, 1127
1761916777, meta, 10, 28, 2, 0, 262
1761916778, meta, 100, 28, 2, 0, 345
1761916780, meta, 100, 28, 2, 0, 342
1761916780, meta, 1000, 889, 2, 0, 310
1761916783, meta, 1000, 889, 2, 0, 348
1761916783, meta, 3000, 2714, 2, 0, 725
1761916786, meta, 3000, 2714, 3, 0, 461
1761916786, meta, 10000, 9975, 11, 0, 870
1761916789, meta, 10000, 9975, 11, 0, 887
1761916790, meta, 30000, 30796, 12, 0, 2798
1761916795, meta, 30000, 30796, 12, 0, 878
1761916796, meta, 100000, 105902, 363, 0, 14794
1761916812, meta, 100000, 105902, 272, 0, 6371
1761920531, meta, 10, 28, 2, 0, 331
1761920534, meta, 10, 28, 2, 0, 324
1761920534, meta, 100, 28, 2, 0, 276
1761920536, meta, 100, 28, 2, 0, 345
1761920537, meta, 1000, 889, 3, 0, 304
1761920539, meta, 1000, 889, 3, 0, 291
1761920539, meta, 3000, 2714, 3, 0, 479
1761920542, meta, 3000, 2714, 3, 0, 380
1761920542, meta, 10000, 9975, 11, 0, 968
1761920545, meta, 10000, 9975, 11, 0, 1743
1761920547, meta, 30000, 30796, 11, 0, 2172
1761920551, meta, 30000, 30796, 74, 0, 1652
1761920553, meta, 100000, 105902, 9, 0, 9659
1761920564, meta, 100000, 105902, 11, 0, 9146
1761924332, meta, 10, 28, 2, 0, 269
1761924335, meta, 10, 28, 2, 0, 309
1761924335, meta, 100, 28, 2, 0, 319
1761924337, meta, 100, 28, 2, 0, 593
1761924338, meta, 1000, 889, 2, 0, 303
1761924340, meta, 1000, 889, 2, 0, 284
1761924340, meta, 3000, 2714, 3, 0, 376
1761924343, meta, 3000, 2714, 2, 0, 401
1761924343, meta, 10000, 9975, 12, 0, 991
1761924346, meta, 10000, 9975, 11, 0, 1779
1761924348, meta, 30000, 30796, 12, 0, 2253
1761924352, meta, 30000, 30796, 73, 0, 3064
1761924355, meta, 100000, 105902, 13, 0, 8969
1761924366, meta, 100000, 105902, 196, 0, 12621
1761928086, meta, 10, 28, 2, 0, 269
1761928089, meta, 10, 28, 2, 0, 1859
1761928091, meta, 100, 28, 2, 0, 4377
1761928097, meta, 100, 28, 2, 0, 276
1761928097, meta, 1000, 889, 3, 0, 318
1761928100, meta, 1000, 889, 3, 0, 291
1761928100, meta, 3000, 2714, 3, 0, 387
1761928102, meta, 3000, 2714, 3, 0, 967
1761928103, meta, 10000, 9975, 11, 0, 1141
1761928106, meta, 10000, 9975, 11, 0, 953
1761928107, meta, 30000, 0, 0, 0, -1000
1761928111, meta, 30000, 30797, 10, 0, 2230
1761928113, meta, 100000, 105903, 9, 0, 9034
1761928124, meta, 100000, 105903, 20, 0, 9633
1761931853, meta, 10, 28, 2, 0, 356
1761931855, meta, 10, 28, 2, 0, 288
1761931856, meta, 100, 28, 2, 0, 337
1761931858, meta, 100, 28, 2, 0, 1245
1761931859, meta, 1000, 889, 3, 0, 398
1761931862, meta, 1000, 889, 3, 0, 2304
1761931864, meta, 3000, 2714, 2, 0, 1409
1761931867, meta, 3000, 2714, 3, 0, 506
1761931868, meta, 10000, 9975, 11, 0, 1078
1761931871, meta, 10000, 9975, 11, 0, 815
1761931872, meta, 30000, 30796, 11, 0, 5409
1761931879, meta, 30000, 30796, 271, 0, 6669
1761931886, meta, 100000, 105902, 11, 0, 9021
1761931897, meta, 100000, 105902, 13, 0, 2587
1761935603, meta, 10, 28, 2, 0, 413
1761935605, meta, 10, 28, 2, 0, 395
1761935606, meta, 100, 28, 2, 0, 321
1761935608, meta, 100, 28, 2, 0, 311
1761935608, meta, 1000, 889, 3, 0, 435
1761935611, meta, 1000, 889, 2, 0, 959
1761935612, meta, 3000, 2714, 3, 0, 2363
1761935616, meta, 3000, 2714, 3, 0, 437
1761935616, meta, 10000, 9975, 11, 0, 990
1761935619, meta, 10000, 9975, 11, 0, 1593
1761935621, meta, 30000, 30796, 11, 0, 2353
1761935625, meta, 30000, 30796, 201, 0, 5411
1761935631, meta, 100000, 105903, 13, 0, 9308
1761935642, meta, 100000, 105903, 11, 0, 9046
1761939366, meta, 10, 28, 2, 0, 340
1761939368, meta, 10, 28, 2, 0, 266
1761939368, meta, 100, 28, 2, 0, 265
1761939371, meta, 100, 28, 2, 0, 936
1761939372, meta, 1000, 889, 2, 0, 275
1761939374, meta, 1000, 889, 2, 0, 284
1761939374, meta, 3000, 2714, 3, 0, 415
1761939376, meta, 3000, 2714, 3, 0, 601
1761939377, meta, 10000, 9975, 11, 0, 906
1761939380, meta, 10000, 9975, 2, 0, 466
1761939380, meta, 30000, 30796, 12, 0, 2171
1761939385, meta, 30000, 30796, 433, 0, 7797
1761939392, meta, 100000, 105903, 367, 0, 16465
1761939411, meta, 100000, 105903, 427, 0, 9527
1761943128, meta, 10, 28, 2, 0, 304
1761943131, meta, 10, 28, 2, 0, 363
1761943131, meta, 100, 28, 2, 0, 336
1761943133, meta, 100, 28, 2, 0, 260
1761943134, meta, 1000, 889, 3, 0, 418
1761943136, meta, 1000, 889, 3, 0, 898
1761943137, meta, 3000, 2714, 3, 0, 1635
1761943141, meta, 3000, 2714, 3, 0, 1482
1761943142, meta, 10000, 9975, 11, 0, 911
1761943145, meta, 10000, 9975, 11, 0, 657
1761943146, meta, 30000, 30796, 11, 0, 2816
1761943150, meta, 30000, 30796, 11, 0, 889
1761943151, meta, 100000, 105902, 9, 0, 9098
1761943162, meta, 100000, 105902, 13, 0, 2059
1761946885, meta, 10, 0, 0, 0, -1000
1761946889, meta, 10, 28, 2, 0, 326
1761946889, meta, 100, 28, 2, 0, 294
1761946891, meta, 100, 28, 2, 0, 316
1761946891, meta, 1000, 889, 3, 0, 333
1761946894, meta, 1000, 889, 3, 0, 356
1761946894, meta, 3000, 2714, 3, 0, 431
1761946897, meta, 3000, 2714, 3, 0, 386
1761946897, meta, 10000, 9975, 11, 0, 1007
1761946900, meta, 10000, 9975, 12, 0, 663
1761946901, meta, 30000, 30796, 137, 0, 6486
1761946909, meta, 30000, 30796, 8, 0, 854
1761946910, meta, 100000, 105902, 11, 0, 9237
1761946921, meta, 100000, 105902, 15, 0, 8945
1761950646, meta, 10, 28, 2, 0, 312
1761950649, meta, 10, 28, 2, 0, 4664
1761950653, meta, 100, 28, 2, 0, 753
1761950656, meta, 100, 28, 2, 0, 332
1761950656, meta, 1000, 889, 3, 0, 286
1761950659, meta, 1000, 889, 3, 0, 2678
1761950661, meta, 3000, 2714, 3, 0, 522
1761950664, meta, 3000, 2714, 3, 0, 318
1761950664, meta, 10000, 9975, 11, 0, 891
1761950667, meta, 10000, 9975, 11, 0, 888
1761950668, meta, 30000, 30796, 8, 0, 2163
1761950672, meta, 30000, 30796, 11, 0, 3735
1761950676, meta, 100000, 105902, 10, 0, 9463
1761950687, meta, 100000, 105902, 14, 0, 2087
1761954411, meta, 10, 28, 2, 0, 2334
1761954415, meta, 10, 28, 2, 0, 265
1761954415, meta, 100, 28, 2, 0, 350
1761954418, meta, 100, 28, 2, 0, 445
1761954418, meta, 1000, 889, 2, 0, 961
1761954421, meta, 1000, 889, 3, 0, 372
1761954421, meta, 3000, 2714, 3, 0, 688
1761954424, meta, 3000, 2714, 3, 0, 506
1761954425, meta, 10000, 9975, 11, 0, 1112
1761954428, meta, 10000, 9975, 11, 0, 899
1761954429, meta, 30000, 30796, 12, 0, 2428
1761954433, meta, 30000, 30796, 12, 0, 4428
1761954437, meta, 100000, 105903, 12, 0, 9383
1761954449, meta, 100000, 105903, 496, 0, 11059
1761958167, meta, 10, 28, 2, 0, 335
1761958169, meta, 10, 28, 2, 0, 347
1761958170, meta, 100, 28, 2, 0, 297
1761958172, meta, 100, 28, 2, 0, 314
1761958172, meta, 1000, 889, 2, 0, 296
1761958175, meta, 1000, 889, 2, 0, 1004
1761958176, meta, 3000, 2714, 2, 0, 865
1761958179, meta, 3000, 2714, 3, 0, 369
1761958179, meta, 10000, 9977, 3, 0, 800
1761958182, meta, 10000, 9977, 3, 0, 1400
1761958183, meta, 30000, 30796, 35, 0, 2696
1761958188, meta, 30000, 30796, 12, 0, 999
1761958189, meta, 100000, 105902, 13, 0, 13143
1761958204, meta, 100000, 105902, 12, 0, 2120
1761961907, meta, 10, 28, 2, 0, 322
1761961909, meta, 10, 28, 2, 0, 379
1761961910, meta, 100, 28, 2, 0, 344
1761961912, meta, 100, 28, 2, 0, 315
1761961912, meta, 1000, 889, 2, 0, 344
1761961915, meta, 1000, 889, 3, 0, 895
1761961915, meta, 3000, 2714, 2, 0, 432
1761961918, meta, 3000, 2714, 2, 0, 467
1761961918, meta, 10000, 9975, 12, 0, 894
1761961921, meta, 10000, 9975, 11, 0, 4388
1761961926, meta, 30000, 30796, 12, 0, 2209
1761961930, meta, 30000, 30796, 11, 0, 2214
1761961932, meta, 100000, 105903, 13, 0, 9483
1761961944, meta, 100000, 105903, 9, 0, 9437
1761965733, meta, 10, 28, 2, 0, 821
1761965735, meta, 10, 28, 2, 0, 831
1761965736, meta, 100, 28, 2, 0, 265
1761965739, meta, 100, 28, 2, 0, 1008
1761965740, meta, 1000, 889, 3, 0, 283
1761965742, meta, 1000, 889, 3, 0, 358
1761965742, meta, 3000, 2714, 3, 0, 386
1761965745, meta, 3000, 2714, 3, 0, 442
1761965745, meta, 10000, 9975, 3, 0, 3736
1761965751, meta, 10000, 9975, 11, 0, 606
1761965751, meta, 30000, 30796, 11, 0, 2287
1761965756, meta, 30000, 30796, 7, 0, 5701
1761965761, meta, 100000, 105902, 397, 0, 15586
1761965779, meta, 100000, 105902, 546, 0, 17523
1761969557, meta, 10, 28, 2, 0, 390
1761969560, meta, 10, 28, 2, 0, 1098
1761969561, meta, 100, 28, 2, 0, 1266
1761969564, meta, 100, 28, 2, 0, 366
1761969564, meta, 1000, 889, 3, 0, 975
1761969567, meta, 1000, 889, 3, 0, 371
1761969568, meta, 3000, 2714, 3, 0, 492
1761969570, meta, 3000, 2714, 3, 0, 478
1761969571, meta, 10000, 9975, 11, 0, 1002
1761969574, meta, 10000, 9975, 12, 0, 578
1761969574, meta, 30000, 30796, 12, 0, 2254
1761969578, meta, 30000, 0, 0, 0, -1000
1761969580, meta, 100000, 0, 0, 0, -1000
1761969584, meta, 100000, 105903, 13, 0, 9145
1761973310, meta, 10, 28, 2, 0, 263
1761973312, meta, 10, 28, 2, 0, 287
1761973312, meta, 100, 28, 2, 0, 832
1761973315, meta, 100, 28, 2, 0, 5281
1761973320, meta, 1000, 889, 3, 0, 284
1761973323, meta, 1000, 889, 2, 0, 291
1761973323, meta, 3000, 2714, 3, 0, 370
1761973325, meta, 3000, 2714, 3, 0, 359
1761973326, meta, 10000, 9975, 11, 0, 894
1761973329, meta, 10000, 9975, 11, 0, 552
1761973329, meta, 30000, 30796, 271, 0, 5704
1761973337, meta, 30000, 30796, 81, 0, 5819
1761973343, meta, 100000, 105902, 367, 0, 15800
1761973360, meta, 100000, 105902, 13, 0, 2265
1761977064, meta, 10, 28, 2, 0, 5588
1761977071, meta, 10, 28, 2, 0, 272
1761977072, meta, 100, 28, 2, 0, 280
1761977074, meta, 100, 28, 2, 0, 274
1761977074, meta, 1000, 889, 3, 0, 284
1761977077, meta, 1000, 889, 3, 0, 289
1761977077, meta, 3000, 2714, 3, 0, 370
1761977079, meta, 3000, 2714, 3, 0, 353
1761977080, meta, 10000, 9975, 11, 0, 921
1761977083, meta, 10000, 9975, 11, 0, 1476
1761977084, meta, 30000, 30796, 11, 0, 2172
1761977088, meta, 30000, 30796, 535, 0, 8913
1761977097, meta, 100000, 105904, 374, 0, 14849
1761977114, meta, 100000, 105904, 389, 0, 18279
1761980841, meta, 10, 28, 2, 0, 275
1761980844, meta, 10, 28, 2, 0, 305
1761980844, meta, 100, 28, 2, 0, 279
1761980846, meta, 100, 28, 2, 0, 268
1761980847, meta, 1000, 889, 3, 0, 955
1761980850, meta, 1000, 889, 3, 0, 362
1761980850, meta, 3000, 2714, 3, 0, 5553
1761980857, meta, 3000, 2714, 3, 0, 347
1761980858, meta, 10000, 9976, 3, 0, 825
1761980861, meta, 10000, 9976, 11, 0, 617
1761980861, meta, 30000, 30796, 12, 0, 2205
1761980865, meta, 30000, 30796, 11, 0, 2240
1761980868, meta, 100000, 105902, 12, 0, 9340
1761980879, meta, 100000, 105902, 12, 0, 8967
1761984659, meta, 10, 28, 2, 0, 882
1761984662, meta, 10, 28, 2, 0, 257
1761984662, meta, 100, 28, 2, 0, 262
1761984665, meta, 100, 28, 2, 0, 282
1761984665, meta, 1000, 889, 3, 0, 406
1761984667, meta, 1000, 889, 2, 0, 340
1761984668, meta, 3000, 2714, 3, 0, 385
1761984670, meta, 3000, 2714, 3, 0, 407
1761984671, meta, 10000, 9975, 3, 0, 876
1761984673, meta, 10000, 9975, 11, 0, 988
1761984674, meta, 30000, 30796, 12, 0, 2204
1761984679, meta, 30000, 30796, 12, 0, 2128
1761984681, meta, 100000, 105902, 13, 0, 10258
1761984693, meta, 100000, 105902, 8, 0, 9480
1761988416, meta, 10, 28, 2, 0, 299
1761988419, meta, 10, 28, 2, 0, 260
1761988419, meta, 100, 28, 2, 0, 327
1761988421, meta, 100, 28, 2, 0, 341
1761988422, meta, 1000, 889, 3, 0, 316
1761988424, meta, 1000, 889, 3, 0, 287
1761988424, meta, 3000, 2714, 3, 0, 414
1761988427, meta, 3000, 2714, 3, 0, 385
1761988427, meta, 10000, 9977, 3, 0, 834
1761988430, meta, 10000, 9977, 12, 0, 1518
1761988431, meta, 30000, 30796, 12, 0, 2712
1761988436, meta, 30000, 30796, 12, 0, 2301
1761988438, meta, 100000, 105903, 9, 0, 11251
1761988452, meta, 100000, 105903, 43, 0, 9582
1761992188, meta, 10, 28, 2, 0, 746
1761992191, meta, 10, 28, 2, 0, 265
1761992191, meta, 100, 28, 2, 0, 265
1761992193, meta, 100, 28, 2, 0, 377
1761992194, meta, 1000, 889, 3, 0, 346
1761992196, meta, 1000, 889, 3, 0, 275
1761992196, meta, 3000, 2714, 3, 0, 374
1761992199, meta, 3000, 2714, 3, 0, 489
1761992199, meta, 10000, 9975, 11, 0, 863
1761992202, meta, 10000, 9975, 11, 0, 534
1761992203, meta, 30000, 30796, 11, 0, 4743
1761992209, meta, 30000, 30796, 56, 0, 2773
1761992212, meta, 100000, 105903, 12, 0, 8946
1761992223, meta, 100000, 105903, 101, 0, 3547
1761995938, meta, 10, 28, 2, 0, 880
1761995941, meta, 10, 28, 2, 0, 331
1761995941, meta, 100, 28, 2, 0, 322
1761995943, meta, 100, 28, 2, 0, 295
1761995944, meta, 1000, 889, 3, 0, 293
1761995946, meta, 1000, 889, 3, 0, 411
1761995946, meta, 3000, 2714, 3, 0, 452
1761995949, meta, 3000, 2714, 3, 0, 501
1761995949, meta, 10000, 9975, 11, 0, 964
1761995952, meta, 10000, 9975, 11, 0, 624
1761995953, meta, 30000, 30796, 13, 0, 6230
1761995961, meta, 30000, 30796, 11, 0, 981
1761995962, meta, 100000, 105901, 12, 0, 9422
1761995974, meta, 100000, 105901, 10, 0, 9486
1761999685, meta, 10, 28, 2, 0, 543
1761999688, meta, 10, 28, 2, 0, 1074
1761999689, meta, 100, 28, 2, 0, 365
1761999691, meta, 100, 28, 2, 0, 342
1761999692, meta, 1000, 889, 3, 0, 560
1761999694, meta, 1000, 889, 3, 0, 1678
1761999696, meta, 3000, 2714, 3, 0, 1869
1761999700, meta, 3000, 2714, 3, 0, 927
1761999701, meta, 10000, 9975, 12, 0, 1276
1761999704, meta, 10000, 9975, 11, 0, 1138
1761999705, meta, 30000, 30796, 11, 0, 2853
1761999710, meta, 30000, 30796, 11, 0, 2041
1761999712, meta, 100000, 105903, 11, 0, 14153
1761999728, meta, 100000, 105903, 11, 0, 3503
1762003443, meta, 10, 28, 2, 0, 432
1762003446, meta, 10, 28, 2, 0, 283
1762003446, meta, 100, 28, 2, 0, 843
1762003449, meta, 100, 28, 2, 0, 285
1762003449, meta, 1000, 889, 3, 0, 1199
1762003452, meta, 1000, 889, 2, 0, 395
1762003453, meta, 3000, 2714, 3, 0, 393
1762003455, meta, 3000, 2714, 3, 0, 662
1762003456, meta, 10000, 9975, 11, 0, 897
1762003459, meta, 10000, 9975, 12, 0, 1015
1762003460, meta, 30000, 30796, 11, 0, 2716
1762003464, meta, 30000, 30796, 12, 0, 1389
1762003466, meta, 100000, 105902, 541, 0, 21054
1762003489, meta, 100000, 105902, 416, 0, 19207
1762007233, meta, 10, 28, 2, 0, 1408
1762007237, meta, 10, 28, 2, 0, 284
1762007237, meta, 100, 28, 2, 0, 1197
1762007240, meta, 100, 28, 2, 0, 919
1762007241, meta, 1000, 889, 3, 0, 314
1762007243, meta, 1000, 889, 3, 0, 290
1762007244, meta, 3000, 2714, 3, 0, 2632
1762007248, meta, 3000, 2714, 3, 0, 1157
1762007250, meta, 10000, 9975, 11, 0, 1731
1762007253, meta, 10000, 9975, 11, 0, 1123
1762007254, meta, 30000, 30796, 12, 0, 4058
1762007260, meta, 30000, 30796, 33, 0, 2814
1762007263, meta, 100000, 105903, 9, 0, 13569
1762007279, meta, 100000, 105903, 13, 0, 9230
1762011046, meta, 10, 28, 2, 0, 319
1762011049, meta, 10, 28, 2, 0, 497
1762011049, meta, 100, 28, 2, 0, 313
1762011052, meta, 100, 0, 0, 0, -1000
1762011053, meta, 1000, 889, 3, 0, 1468
1762011057, meta, 1000, 889, 3, 0, 347
1762011057, meta, 3000, 2714, 3, 0, 956
1762011060, meta, 3000, 2714, 3, 0, 384
1762011060, meta, 10000, 9975, 3, 0, 920
1762011063, meta, 10000, 9975, 3, 0, 527
1762011064, meta, 30000, 30796, 12, 0, 3598
1762011069, meta, 30000, 30796, 11, 0, 5363
1762011075, meta, 100000, 105902, 328, 0, 15932
1762011093, meta, 100000, 105902, 268, 0, 20826
1762014831, meta, 10, 28, 2, 0, 3642
1762014837, meta, 10, 28, 2, 0, 284
1762014837, meta, 100, 28, 2, 0, 1829
1762014841, meta, 100, 28, 2, 0, 626
1762014842, meta, 1000, 889, 3, 0, 2321
1762014846, meta, 1000, 889, 2, 0, 1307
1762014847, meta, 3000, 2714, 3, 0, 1956
1762014851, meta, 3000, 2714, 3, 0, 1576
1762014853, meta, 10000, 9975, 11, 0, 905
1762014856, meta, 10000, 9975, 11, 0, 1072
1762014857, meta, 30000, 30796, 12, 0, 3666
1762014863, meta, 30000, 30796, 12, 0, 950
1762014864, meta, 100000, 105902, 9, 0, 10338
1762014876, meta, 100000, 105902, 9, 0, 9241
1762018591, meta, 10, 28, 2, 0, 1411
1762018595, meta, 10, 28, 2, 0, 2007
1762018597, meta, 100, 28, 2, 0, 2022
1762018601, meta, 100, 28, 2, 0, 2123
1762018603, meta, 1000, 0, 0, 0, -1000
1762018607, meta, 1000, 889, 2, 0, 309
1762018607, meta, 3000, 2714, 3, 0, 619
1762018610, meta, 3000, 2714, 3, 0, 2105
1762018612, meta, 10000, 9975, 11, 0, 3004
1762018617, meta, 10000, 9975, 11, 0, 7400
1762018624, meta, 30000, 30796, 11, 0, 4798
1762018631, meta, 30000, 30796, 14, 0, 3197
1762018634, meta, 100000, 105903, 55, 0, 10496
1762018647, meta, 100000, 105903, 13, 0, 5316
1762022367, meta, 10, 28, 2, 0, 839
1762022370, meta, 10, 28, 2, 0, 928
1762022371, meta, 100, 28, 2, 0, 386
1762022373, meta, 100, 28, 2, 0, 276
1762022374, meta, 1000, 889, 3, 0, 459
1762022376, meta, 1000, 889, 3, 0, 336
1762022377, meta, 3000, 2714, 3, 0, 370
1762022379, meta, 3000, 2714, 3, 0, 1044
1762022380, meta, 10000, 9975, 11, 0, 886
1762022383, meta, 10000, 9975, 11, 0, 5552
1762022388, meta, 30000, 30796, 12, 0, 2271
1762022393, meta, 30000, 30796, 13, 0, 3719
1762022396, meta, 100000, 105902, 24, 0, 9268
1762022408, meta, 100000, 0, 0, 0, -1000
1762026174, meta, 10, 28, 2, 0, 334
1762026177, meta, 10, 28, 2, 0, 278
1762026177, meta, 100, 28, 2, 0, 954
1762026180, meta, 100, 28, 2, 0, 325
1762026180, meta, 1000, 889, 3, 0, 359
1762026183, meta, 1000, 889, 3, 0, 291
1762026183, meta, 3000, 2714, 3, 0, 462
1762026185, meta, 3000, 2714, 3, 0, 359
1762026186, meta, 10000, 9975, 11, 0, 972
1762026189, meta, 10000, 9975, 11, 0, 624
1762026189, meta, 30000, 30796, 80, 0, 3281
1762026195, meta, 30000, 30796, 12, 0, 2241
1762026197, meta, 100000, 105902, 13, 0, 9753
1762026209, meta, 100000, 105902, 11, 0, 2132
1762029915, meta, 10, 28, 2, 0, 288
1762029917, meta, 10, 28, 2, 0, 269
1762029918, meta, 100, 28, 2, 0, 254
1762029920, meta, 100, 28, 2, 0, 260
1762029920, meta, 1000, 889, 3, 0, 319
1762029923, meta, 1000, 889, 3, 0, 262
1762029923, meta, 3000, 2714, 3, 0, 371
1762029925, meta, 3000, 2714, 3, 0, 446
1762029926, meta, 10000, 9975, 11, 0, 919
1762029929, meta, 10000, 9975, 11, 0, 917
1762029929, meta, 30000, 30796, 11, 0, 2743
1762029934, meta, 30000, 30796, 12, 0, 1053
1762029935, meta, 100000, 105902, 11, 0, 9194
1762029946, meta, 100000, 105902, 10, 0, 10957
1762033662, meta, 10, 28, 2, 0, 842
1762033665, meta, 10, 28, 2, 0, 264
1762033665, meta, 100, 28, 2, 0, 319
1762033667, meta, 100, 28, 2, 0, 328
1762033668, meta, 1000, 889, 2, 0, 382
1762033670, meta, 1000, 889, 2, 0, 364
1762033670, meta, 3000, 2715, 2, 0, 388
1762033673, meta, 3000, 2715, 3, 0, 410
1762033673, meta, 10000, 9975, 11, 0, 957
1762033676, meta, 10000, 9975, 11, 0, 567
1762033677, meta, 30000, 30796, 11, 0, 2201
1762033681, meta, 30000, 30796, 11, 0, 2230
1762033683, meta, 100000, 105903, 11, 0, 14403
1762033699, meta, 100000, 105903, 9, 0, 2153
1762037418, meta, 10, 28, 2, 0, 847
1762037421, meta, 10, 28, 2, 0, 853
1762037422, meta, 100, 28, 2, 0, 851
1762037424, meta, 100, 28, 2, 0, 396
1762037425, meta, 1000, 889, 3, 0, 331
1762037427, meta, 1000, 889, 3, 0, 300
1762037427, meta, 3000, 2714, 3, 0, 424
1762037430, meta, 3000, 2714, 3, 0, 421
1762037430, meta, 10000, 9975, 11, 0, 955
1762037433, meta, 10000, 9975, 11, 0, 904
1762037434, meta, 30000, 30796, 13, 0, 2268
1762037438, meta, 30000, 30796, 498, 0, 8278
1762037447, meta, 100000, 105903, 244, 0, 13789
1762037463, meta, 100000, 105903, 9, 0, 2276
1762041184, meta, 10, 28, 2, 0, 265
1762041186, meta, 10, 28, 2, 0, 729
1762041187, meta, 100, 28, 2, 0, 682
1762041190, meta, 100, 28, 2, 0, 845
1762041191, meta, 1000, 889, 3, 0, 283
1762041193, meta, 1000, 889, 3, 0, 638
1762041193, meta, 3000, 2714, 3, 0, 767
1762041196, meta, 3000, 2714, 3, 0, 851
1762041197, meta, 10000, 9975, 11, 0, 925
1762041200, meta, 10000, 9975, 12, 0, 574
1762041201, meta, 30000, 30796, 18, 0, 3052
1762041206, meta, 30000, 30796, 11, 0, 2154
1762041208, meta, 100000, 105904, 9, 0, 9234
1762041219, meta, 100000, 0, 0, 0, 60433
1762044988, meta, 10, 28, 2, 0, 412
1762044991, meta, 10, 28, 2, 0, 287
1762044991, meta, 100, 28, 2, 0, 812
1762044994, meta, 100, 28, 2, 0, 268
1762044994, meta, 1000, 889, 3, 0, 342
1762044996, meta, 1000, 889, 3, 0, 327
1762044997, meta, 3000, 2714, 3, 0, 1580
1762045000, meta, 3000, 2714, 3, 0, 407
1762045001, meta, 10000, 9975, 11, 0, 1530
1762045004, meta, 10000, 9975, 8, 0, 718
1762045005, meta, 30000, 30796, 150, 0, 4324
1762045011, meta, 30000, 30796, 10, 0, 1885
1762045013, meta, 100000, 0, 0, 0, 58546
1762045074, meta, 100000, 105902, 9, 0, 8981
1762048807, meta, 10, 28, 2, 0, 834
1762048809, meta, 10, 28, 2, 0, 330
1762048810, meta, 100, 28, 2, 0, 882
1762048813, meta, 100, 28, 2, 0, 301
1762048813, meta, 1000, 889, 3, 0, 1941
1762048817, meta, 1000, 889, 3, 0, 331
1762048817, meta, 3000, 2715, 3, 0, 503
1762048820, meta, 3000, 2715, 3, 0, 356
1762048820, meta, 10000, 9975, 11, 0, 1449
1762048824, meta, 10000, 9975, 11, 0, 807
1762048824, meta, 30000, 30796, 11, 0, 2368
1762048829, meta, 30000, 30796, 10, 0, 2166
1762048831, meta, 100000, 105904, 11, 0, 8984
1762048842, meta, 100000, 105904, 13, 0, 9496
1762052607, meta, 10, 28, 2, 0, 341
1762052609, meta, 10, 28, 2, 0, 330
1762052609, meta, 100, 28, 2, 0, 1942
1762052613, meta, 100, 28, 2, 0, 253
1762052614, meta, 1000, 889, 2, 0, 356
1762052616, meta, 1000, 0, 0, 0, -1000
1762052618, meta, 3000, 2714, 3, 0, 722
1762052620, meta, 3000, 2714, 3, 0, 1711
1762052622, meta, 10000, 9975, 11, 0, 1980
1762052626, meta, 10000, 0, 0, 0, -1000
1762052628, meta, 30000, 30796, 12, 0, 2230
1762052632, meta, 30000, 30796, 117, 0, 4124
1762052636, meta, 100000, 105902, 9, 0, 9950
1762052648, meta, 100000, 105902, 53, 0, 9592
1762056483, meta, 10, 28, 2, 0, 349
1762056485, meta, 10, 28, 2, 0, 914
1762056486, meta, 100, 28, 2, 0, 325
1762056489, meta, 100, 28, 2, 0, 1455
1762056490, meta, 1000, 889, 3, 0, 290
1762056492, meta, 1000, 889, 3, 0, 321
1762056493, meta, 3000, 2714, 3, 0, 779
1762056495, meta, 3000, 2714, 3, 0, 974
1762056496, meta, 10000, 9975, 11, 0, 2406
1762056501, meta, 10000, 9975, 11, 0, 1439
1762056502, meta, 30000, 30797, 459, 0, 8561
1762056513, meta, 30000, 30797, 43, 0, 2632
1762056515, meta, 100000, 105902, 345, 0, 14373
1762056532, meta, 100000, 105902, 13, 0, 3075
1762060245, meta, 10, 28, 2, 0, 252
1762060248, meta, 10, 28, 2, 0, 277
1762060248, meta, 100, 28, 2, 0, 547
1762060250, meta, 100, 28, 2, 0, 292
1762060251, meta, 1000, 889, 3, 0, 796
1762060253, meta, 1000, 889, 3, 0, 5452
1762060259, meta, 3000, 2714, 3, 0, 429
1762060261, meta, 3000, 2714, 3, 0, 5202
1762060267, meta, 10000, 9976, 3, 0, 3678
1762060272, meta, 10000, 9976, 11, 0, 1440
1762060274, meta, 30000, 30796, 73, 0, 3195
1762060279, meta, 30000, 30796, 59, 0, 3913
1762060283, meta, 100000, 105903, 9, 0, 10554
1762060295, meta, 100000, 105903, 13, 0, 2700
1762064086, meta, 10, 28, 2, 0, 833
1762064089, meta, 10, 28, 2, 0, 437
1762064090, meta, 100, 28, 2, 0, 872
1762064092, meta, 100, 28, 2, 0, 313
1762064093, meta, 1000, 889, 3, 0, 357
1762064095, meta, 1000, 889, 3, 0, 837
1762064096, meta, 3000, 2714, 2, 0, 1480
1762064099, meta, 3000, 2714, 2, 0, 460
1762064100, meta, 10000, 9975, 11, 0, 3625
1762064106, meta, 10000, 9975, 11, 0, 550
1762064106, meta, 30000, 30796, 11, 0, 2192
1762064110, meta, 30000, 30796, 54, 0, 4717
1762064115, meta, 100000, 105901, 9, 0, 9226
1762064126, meta, 100000, 0, 0, 0, -1000
1762067829, meta, 10, 28, 2, 0, 318
1762067832, meta, 10, 28, 2, 0, 309
1762067832, meta, 100, 28, 2, 0, 260
1762067834, meta, 100, 28, 2, 0, 845
1762067835, meta, 1000, 889, 3, 0, 333
1762067838, meta, 1000, 889, 3, 0, 826
1762067838, meta, 3000, 2714, 3, 0, 371
1762067841, meta, 3000, 2714, 3, 0, 915
1762067842, meta, 10000, 9976, 11, 0, 917
1762067845, meta, 10000, 9976, 12, 0, 603
1762067845, meta, 30000, 30796, 256, 0, 6142
1762067853, meta, 30000, 30796, 12, 0, 2738
1762067856, meta, 100000, 0, 0, 0, -1000
1762067860, meta, 100000, 105902, 345, 0, 14540
1762071656, meta, 10, 28, 2, 0, 3833
1762071662, meta, 10, 28, 2, 0, 326
1762071662, meta, 100, 28, 2, 0, 3269
1762071667, meta, 100, 28, 2, 0, 1363
1762071669, meta, 1000, 889, 2, 0, 982
1762071672, meta, 1000, 889, 3, 0, 817
1762071673, meta, 3000, 2714, 3, 0, 397
1762071675, meta, 3000, 2714, 3, 0, 307
1762071675, meta, 10000, 9975, 11, 0, 3659
1762071681, meta, 10000, 9975, 11, 0, 1147
1762071682, meta, 30000, 30796, 10, 0, 2790
1762071687, meta, 30000, 0, 0, 0, -1000
1762071689, meta, 100000, 105902, 13, 0, 11345
1762071702, meta, 100000, 105902, 9, 0, 9673
1762075480, meta, 10, 28, 2, 0, 3571
1762075485, meta, 10, 28, 2, 0, 297
1762075485, meta, 100, 28, 2, 0, 487
1762075488, meta, 100, 0, 0, 0, -1000
1762075490, meta, 1000, 889, 2, 0, 1330
1762075493, meta, 1000, 889, 2, 0, 905
1762075494, meta, 3000, 2715, 3, 0, 986
1762075497, meta, 3000, 2715, 3, 0, 397
1762075497, meta, 10000, 9975, 11, 0, 902
1762075500, meta, 10000, 9975, 8, 0, 5429
1762075506, meta, 30000, 30796, 77, 0, 4735
1762075512, meta, 30000, 30796, 11, 0, 933
1762075513, meta, 100000, 105902, 2, 0, 10907
1762075526, meta, 100000, 105902, 319, 0, 7258
1762079251, meta, 10, 28, 2, 0, 3218
1762079256, meta, 10, 28, 2, 0, 619
1762079257, meta, 100, 28, 2, 0, 258
1762079259, meta, 100, 28, 2, 0, 302
1762079259, meta, 1000, 890, 2, 0, 317
1762079262, meta, 1000, 890, 2, 0, 1923
1762079264, meta, 3000, 2714, 3, 0, 410
1762079266, meta, 3000, 2714, 3, 0, 374
1762079266, meta, 10000, 9975, 12, 0, 924
1762079269, meta, 10000, 9975, 11, 0, 3546
1762079273, meta, 30000, 30796, 131, 0, 7960
1762079283, meta, 30000, 30796, 12, 0, 4475
1762079287, meta, 100000, 105902, 276, 0, 14151
1762079303, meta, 100000, 0, 0, 0, -1000
1762083006, meta, 10, 28, 2, 0, 3307
1762083012, meta, 10, 28, 2, 0, 280
1762083012, meta, 100, 28, 2, 0, 280
1762083014, meta, 100, 28, 2, 0, 3876
1762083018, meta, 1000, 890, 3, 0, 3416
1762083023, meta, 1000, 890, 3, 0, 360
1762083024, meta, 3000, 2714, 3, 0, 437
1762083026, meta, 3000, 2714, 3, 0, 450
1762083027, meta, 10000, 9975, 11, 0, 4747
1762083033, meta, 10000, 9975, 11, 0, 602
1762083034, meta, 30000, 30797, 12, 0, 4904
1762083041, meta, 30000, 30797, 12, 0, 4589
1762083046, meta, 100000, 105902, 10, 0, 9956
1762083058, meta, 100000, 105902, 9, 0, 2177
1762086837, meta, 10, 28, 2, 0, 935
1762086840, meta, 10, 28, 2, 0, 287
1762086840, meta, 100, 28, 2, 0, 314
1762086843, meta, 100, 28, 2, 0, 827
1762086844, meta, 1000, 890, 2, 0, 308
1762086846, meta, 1000, 890, 2, 0, 917
1762086847, meta, 3000, 2714, 3, 0, 969
1762086850, meta, 3000, 2714, 3, 0, 387
1762086850, meta, 10000, 9975, 11, 0, 1612
1762086854, meta, 10000, 9975, 11, 0, 940
1762086855, meta, 30000, 30796, 12, 0, 5660
1762086862, meta, 30000, 30796, 11, 0, 2211
1762086865, meta, 100000, 105903, 12, 0, 8939
1762086875, meta, 100000, 105903, 9, 0, 12055
1762090665, meta, 10, 28, 2, 0, 1396
1762090668, meta, 10, 28, 2, 0, 893
1762090669, meta, 100, 28, 2, 0, 420
1762090671, meta, 100, 28, 2, 0, 307
1762090672, meta, 1000, 889, 3, 0, 397
1762090674, meta, 1000, 889, 3, 0, 386
1762090674, meta, 3000, 2714, 3, 0, 968
1762090677, meta, 3000, 2714, 2, 0, 378
1762090678, meta, 10000, 9975, 11, 0, 1953
1762090682, meta, 10000, 9975, 11, 0, 920
1762090683, meta, 30000, 30797, 10, 0, 2752
1762090687, meta, 30000, 30797, 110, 0, 3581
1762090691, meta, 100000, 105902, 347, 0, 14831
1762090708, meta, 100000, 105902, 13, 0, 2174
1762094424, meta, 10, 28, 2, 0, 378
1762094426, meta, 10, 28, 2, 0, 363
1762094426, meta, 100, 28, 2, 0, 355
1762094429, meta, 100, 28, 2, 0, 328
1762094429, meta, 1000, 889, 3, 0, 378
1762094431, meta, 1000, 889, 3, 0, 317
1762094432, meta, 3000, 2714, 3, 0, 380
1762094434, meta, 3000, 2714, 3, 0, 457
1762094435, meta, 10000, 9975, 3, 0, 823
1762094437, meta, 10000, 9975, 11, 0, 607
1762094438, meta, 30000, 30796, 11, 0, 2202
1762094442, meta, 30000, 30796, 28, 0, 2528
1762094445, meta, 100000, 105903, 224, 0, 12887
1762094460, meta, 100000, 105903, 7, 0, 2110
1762098246, meta, 10, 28, 2, 0, 455
1762098249, meta, 10, 28, 2, 0, 329
1762098249, meta, 100, 28, 2, 0, 385
1762098251, meta, 100, 28, 2, 0, 425
1762098252, meta, 1000, 889, 3, 0, 381
1762098254, meta, 1000, 889, 3, 0, 380
1762098254, meta, 3000, 2714, 3, 0, 470
1762098257, meta, 3000, 2714, 3, 0, 461
1762098257, meta, 10000, 9975, 3, 0, 873
1762098260, meta, 10000, 9975, 11, 0, 681
1762098261, meta, 30000, 30796, 12, 0, 2292
1762098265, meta, 30000, 30796, 14, 0, 1027
1762098266, meta, 100000, 105903, 11, 0, 9355
1762098278, meta, 100000, 105903, 13, 0, 2156
1762101984, meta, 10, 28, 2, 0, 468
1762101987, meta, 10, 28, 2, 0, 363
1762101987, meta, 100, 28, 2, 0, 328
1762101989, meta, 100, 28, 2, 0, 317
1762101990, meta, 1000, 889, 3, 0, 345
1762101992, meta, 1000, 889, 3, 0, 362
1762101992, meta, 3000, 2714, 3, 0, 478
1762101995, meta, 3000, 2714, 3, 0, 465
1762101995, meta, 10000, 9976, 11, 0, 996
1762101998, meta, 10000, 9976, 11, 0, 952
1762101999, meta, 30000, 30796, 11, 0, 2362
1762102004, meta, 30000, 30796, 11, 0, 982
1762102005, meta, 100000, 105901, 344, 0, 14784
1762102022, meta, 100000, 105901, 340, 0, 7346
1762105729, meta, 10, 28, 2, 0, 343
1762105732, meta, 10, 28, 2, 0, 334
1762105732, meta, 100, 28, 2, 0, 323
1762105734, meta, 100, 28, 2, 0, 310
1762105735, meta, 1000, 889, 2, 0, 278
1762105737, meta, 1000, 889, 2, 0, 349
1762105737, meta, 3000, 2715, 3, 0, 405
1762105740, meta, 3000, 2715, 3, 0, 360
1762105740, meta, 10000, 9975, 3, 0, 782
1762105743, meta, 10000, 9975, 11, 0, 903
1762105744, meta, 30000, 30796, 11, 0, 2179
1762105748, meta, 30000, 30796, 56, 0, 2923
1762105751, meta, 100000, 105902, 10, 0, 9690
1762105763, meta, 100000, 105902, 443, 0, 8997
1762109495, meta, 10, 28, 2, 0, 795
1762109498, meta, 10, 28, 2, 0, 320
1762109498, meta, 100, 28, 2, 0, 903
1762109501, meta, 100, 28, 2, 0, 287
1762109501, meta, 1000, 889, 3, 0, 803
1762109504, meta, 1000, 889, 3, 0, 786
1762109505, meta, 3000, 2714, 3, 0, 447
1762109507, meta, 3000, 2714, 3, 0, 491
1762109508, meta, 10000, 9975, 11, 0, 882
1762109511, meta, 10000, 9975, 11, 0, 503
1762109511, meta, 30000, 30797, 11, 0, 2201
1762109516, meta, 30000, 30797, 10, 0, 899
1762109516, meta, 100000, 105902, 59, 0, 9823
1762109528, meta, 100000, 105902, 10, 0, 2143
1762113293, meta, 10, 28, 2, 0, 423
1762113295, meta, 10, 28, 2, 0, 377
1762113296, meta, 100, 28, 2, 0, 452
1762113298, meta, 100, 28, 2, 0, 417
1762113299, meta, 1000, 889, 3, 0, 403
1762113301, meta, 1000, 889, 3, 0, 349
1762113301, meta, 3000, 2714, 3, 0, 534
1762113304, meta, 3000, 2714, 3, 0, 404
1762113304, meta, 10000, 9975, 11, 0, 1014
1762113307, meta, 10000, 9975, 11, 0, 952
1762113308, meta, 30000, 30796, 10, 0, 2310
1762113313, meta, 30000, 30796, 195, 0, 5132
1762113318, meta, 100000, 105902, 445, 0, 16095
1762113336, meta, 100000, 105902, 13, 0, 9141
1762117114, meta, 10, 28, 2, 0, 383
1762117116, meta, 10, 28, 2, 0, 255
1762117117, meta, 100, 28, 2, 0, 271
1762117119, meta, 100, 28, 2, 0, 351
1762117119, meta, 1000, 889, 3, 0, 324
1762117122, meta, 1000, 889, 3, 0, 406
1762117122, meta, 3000, 2714, 3, 0, 469
1762117124, meta, 3000, 2714, 3, 0, 439
1762117125, meta, 10000, 9975, 11, 0, 964
1762117128, meta, 10000, 9975, 11, 0, 888
1762117129, meta, 30000, 30796, 11, 0, 2264
1762117133, meta, 30000, 30796, 11, 0, 2280
1762117135, meta, 100000, 105902, 505, 0, 18149
1762117155, meta, 100000, 105902, 13, 0, 9040
1762120884, meta, 10, 28, 2, 0, 305
1762120887, meta, 10, 28, 2, 0, 335
1762120887, meta, 100, 28, 2, 0, 406
1762120889, meta, 100, 28, 2, 0, 447
1762120890, meta, 1000, 889, 3, 0, 435
1762120892, meta, 1000, 889, 3, 0, 428
1762120893, meta, 3000, 2714, 3, 0, 485
1762120895, meta, 3000, 2714, 3, 0, 489
1762120896, meta, 10000, 9975, 3, 0, 860
1762120899, meta, 10000, 9975, 11, 0, 596
1762120899, meta, 30000, 30798, 11, 0, 2231
1762120903, meta, 30000, 30798, 251, 0, 5979
1762120909, meta, 100000, 105902, 11, 0, 9134
1762120921, meta, 100000, 105902, 13, 0, 9034
1762124635, meta, 10, 28, 2, 0, 350
1762124637, meta, 10, 28, 2, 0, 350
1762124637, meta, 100, 28, 2, 0, 268
1762124640, meta, 100, 28, 2, 0, 278
1762124640, meta, 1000, 889, 3, 0, 300
1762124642, meta, 1000, 889, 3, 0, 341
1762124642, meta, 3000, 2714, 3, 0, 412
1762124645, meta, 3000, 2714, 3, 0, 405
1762124645, meta, 10000, 9975, 3, 0, 789
1762124648, meta, 10000, 9975, 12, 0, 944
1762124649, meta, 30000, 30796, 39, 0, 2874
1762124654, meta, 30000, 30796, 66, 0, 1771
1762124656, meta, 100000, 105902, 571, 0, 19123
1762124677, meta, 100000, 105902, 10, 0, 9170
1762128423, meta, 10, 28, 2, 0, 372
1762128425, meta, 10, 28, 2, 0, 310
1762128425, meta, 100, 28, 2, 0, 407
1762128428, meta, 100, 28, 2, 0, 304
1762128428, meta, 1000, 890, 3, 0, 378
1762128430, meta, 1000, 890, 3, 0, 375
1762128431, meta, 3000, 2714, 3, 0, 461
1762128433, meta, 3000, 2714, 3, 0, 371
1762128434, meta, 10000, 9975, 3, 0, 925
1762128437, meta, 10000, 9975, 11, 0, 920
1762128438, meta, 30000, 30796, 12, 0, 2355
1762128442, meta, 30000, 30796, 445, 0, 8160
1762128450, meta, 100000, 105902, 756, 0, 22378
1762128474, meta, 100000, 105902, 10, 0, 2144
1762132195, meta, 10, 28, 2, 0, 318
1762132197, meta, 10, 28, 2, 0, 413
1762132198, meta, 100, 28, 2, 0, 303
1762132200, meta, 100, 28, 2, 0, 442
1762132201, meta, 1000, 889, 3, 0, 293
1762132203, meta, 1000, 889, 3, 0, 344
1762132203, meta, 3000, 2714, 3, 0, 374
1762132206, meta, 3000, 2714, 3, 0, 362
1762132206, meta, 10000, 9975, 11, 0, 964
1762132209, meta, 10000, 9975, 11, 0, 716
1762132210, meta, 30000, 30796, 208, 0, 4864
1762132217, meta, 30000, 30796, 11, 0, 873
1762132217, meta, 100000, 105901, 80, 0, 10963
1762132230, meta, 100000, 105901, 12, 0, 8999
1762135949, meta, 10, 28, 2, 0, 1655
1762135952, meta, 10, 28, 2, 0, 291
1762135953, meta, 100, 28, 2, 0, 343
1762135955, meta, 100, 28, 2, 0, 335
1762135955, meta, 1000, 889, 3, 0, 326
1762135958, meta, 1000, 889, 3, 0, 318
1762135958, meta, 3000, 2714, 3, 0, 456
1762135960, meta, 3000, 2714, 3, 0, 435
1762135961, meta, 10000, 9975, 10, 0, 893
1762135964, meta, 10000, 9975, 10, 0, 601
1762135964, meta, 30000, 30796, 10, 0, 2259
1762135969, meta, 30000, 30796, 11, 0, 2221
1762135971, meta, 100000, 105902, 13, 0, 9168
1762135982, meta, 100000, 105902, 529, 0, 17494
1762139701, meta, 10, 28, 2, 0, 413
1762139703, meta, 10, 28, 2, 0, 306
1762139703, meta, 100, 28, 2, 0, 415
1762139706, meta, 100, 28, 2, 0, 304
1762139706, meta, 1000, 890, 3, 0, 304
1762139708, meta, 1000, 890, 3, 0, 340
1762139709, meta, 3000, 2714, 3, 0, 414
1762139711, meta, 3000, 2714, 3, 0, 402
1762139712, meta, 10000, 9975, 11, 0, 983
1762139715, meta, 10000, 9975, 11, 0, 902
1762139715, meta, 30000, 30796, 11, 0, 2230
1762139720, meta, 30000, 30796, 90, 0, 3422
1762139723, meta, 100000, 105903, 12, 0, 9257
1762139734, meta, 100000, 105903, 223, 0, 12627
1762143448, meta, 10, 28, 2, 0, 341
1762143450, meta, 10, 28, 2, 0, 325
1762143451, meta, 100, 28, 2, 0, 269
1762143453, meta, 100, 28, 2, 0, 295
1762143453, meta, 1000, 889, 3, 0, 448
1762143456, meta, 1000, 889, 3, 0, 352
1762143456, meta, 3000, 2714, 3, 0, 427
1762143458, meta, 3000, 2714, 3, 0, 392
1762143459, meta, 10000, 9975, 3, 0, 836
1762143462, meta, 10000, 9975, 11, 0, 596
1762143462, meta, 30000, 30797, 79, 0, 3357
1762143468, meta, 30000, 30797, 12, 0, 2689
1762143470, meta, 100000, 105902, 42, 0, 9771
1762143482, meta, 100000, 105902, 9, 0, 8987
1762147205, meta, 10, 28, 2, 0, 285
1762147208, meta, 10, 28, 2, 0, 284
1762147208, meta, 100, 28, 2, 0, 349
1762147210, meta, 100, 28, 2, 0, 328
1762147211, meta, 1000, 889, 3, 0, 352
1762147213, meta, 1000, 889, 3, 0, 321
1762147213, meta, 3000, 2714, 3, 0, 409
1762147216, meta, 3000, 2714, 2, 0, 408
1762147216, meta, 10000, 9974, 11, 0, 927
1762147219, meta, 10000, 9974, 11, 0, 567
1762147220, meta, 30000, 30796, 48, 0, 2833
1762147224, meta, 30000, 30796, 11, 0, 938
1762147225, meta, 100000, 105903, 9, 0, 9058
1762147236, meta, 100000, 105903, 9, 0, 8894
1762150949, meta, 10, 28, 2, 0, 473
1762150951, meta, 10, 28, 2, 0, 333
1762150952, meta, 100, 28, 2, 0, 375
1762150954, meta, 100, 28, 2, 0, 331
1762150954, meta, 1000, 889, 3, 0, 350
1762150957, meta, 1000, 889, 3, 0, 384
1762150957, meta, 3000, 2714, 3, 0, 458
1762150959, meta, 3000, 2714, 3, 0, 471
1762150960, meta, 10000, 9975, 12, 0, 962
1762150963, meta, 10000, 9975, 11, 0, 717
1762150964, meta, 30000, 30796, 63, 0, 2994
1762150969, meta, 30000, 30796, 11, 0, 2240
1762150971, meta, 100000, 105902, 339, 0, 15308
1762150988, meta, 100000, 105902, 421, 0, 10269
1762154717, meta, 10, 28, 2, 0, 337
1762154719, meta, 10, 28, 2, 0, 367
1762154719, meta, 100, 28, 2, 0, 364
1762154722, meta, 100, 28, 2, 0, 317
1762154722, meta, 1000, 889, 3, 0, 289
1762154724, meta, 1000, 889, 3, 0, 341
1762154725, meta, 3000, 2714, 3, 0, 405
1762154727, meta, 3000, 2714, 3, 0, 386
1762154727, meta, 10000, 9975, 12, 0, 916
1762154730, meta, 10000, 9975, 3, 0, 801
1762154731, meta, 30000, 30796, 12, 0, 2235
1762154735, meta, 30000, 30796, 11, 0, 2172
1762154738, meta, 100000, 105903, 277, 0, 13975
1762154754, meta, 100000, 105903, 600, 0, 19139
1762158587, meta, 10, 28, 2, 0, 275
1762158589, meta, 10, 28, 2, 0, 254
1762158589, meta, 100, 28, 2, 0, 267
1762158592, meta, 100, 28, 2, 0, 261
1762158592, meta, 1000, 889, 3, 0, 276
1762158594, meta, 1000, 889, 2, 0, 277
1762158595, meta, 3000, 2714, 3, 0, 492
1762158597, meta, 3000, 2714, 3, 0, 388
1762158597, meta, 10000, 9975, 11, 0, 928
1762158600, meta, 10000, 9975, 11, 0, 972
1762158601, meta, 30000, 30796, 12, 0, 2381
1762158606, meta, 30000, 30796, 12, 0, 904
1762158607, meta, 100000, 105903, 9, 0, 8950
1762158618, meta, 100000, 105903, 12, 0, 2143
1762162335, meta, 10, 28, 2, 0, 321
1762162337, meta, 10, 28, 2, 0, 300
1762162338, meta, 100, 28, 2, 0, 379
1762162340, meta, 100, 28, 2, 0, 395
1762162340, meta, 1000, 889, 3, 0, 313
1762162343, meta, 1000, 889, 3, 0, 287
1762162343, meta, 3000, 2714, 3, 0, 482
1762162345, meta, 3000, 2714, 3, 0, 419
1762162346, meta, 10000, 9975, 11, 0, 1037
1762162349, meta, 10000, 9975, 11, 0, 562
1762162349, meta, 30000, 30796, 12, 0, 2300
1762162354, meta, 30000, 30796, 11, 0, 890
1762162355, meta, 100000, 105903, 21, 0, 9181
1762162366, meta, 100000, 105903, 13, 0, 9025
1762166159, meta, 10, 28, 2, 0, 372
1762166161, meta, 10, 28, 2, 0, 510
1762166161, meta, 100, 28, 2, 0, 359
1762166164, meta, 100, 28, 2, 0, 407
1762166164, meta, 1000, 889, 3, 0, 399
1762166167, meta, 1000, 889, 3, 0, 368
1762166167, meta, 3000, 2714, 3, 0, 519
1762166169, meta, 3000, 2714, 3, 0, 348
1762166170, meta, 10000, 9975, 11, 0, 902
1762166173, meta, 10000, 9975, 3, 0, 848
1762166174, meta, 30000, 30796, 12, 0, 2437
1762166178, meta, 30000, 30796, 69, 0, 1785
1762166180, meta, 100000, 105903, 9, 0, 8978
1762166191, meta, 100000, 105903, 9, 0, 2520
1762169897, meta, 10, 28, 2, 0, 387
1762169900, meta, 10, 28, 2, 0, 361
1762169900, meta, 100, 28, 2, 0, 336
1762169902, meta, 100, 28, 2, 0, 335
1762169903, meta, 1000, 889, 3, 0, 356
1762169905, meta, 1000, 889, 3, 0, 351
1762169905, meta, 3000, 2714, 3, 0, 472
1762169908, meta, 3000, 2714, 3, 0, 432
1762169908, meta, 10000, 9975, 3, 0, 886
1762169911, meta, 10000, 9975, 11, 0, 965
1762169912, meta, 30000, 30796, 10, 0, 2261
1762169916, meta, 30000, 30796, 11, 0, 2298
1762169919, meta, 100000, 105901, 518, 0, 17082
1762169938, meta, 100000, 105901, 12, 0, 2272
1762173641, meta, 10, 28, 2, 0, 370
1762173643, meta, 10, 28, 2, 0, 367
1762173644, meta, 100, 28, 2, 0, 383
1762173646, meta, 100, 28, 2, 0, 363
1762173646, meta, 1000, 889, 2, 0, 465
1762173649, meta, 1000, 889, 2, 0, 358
1762173649, meta, 3000, 2714, 3, 0, 450
1762173652, meta, 3000, 2714, 3, 0, 483
1762173652, meta, 10000, 9975, 11, 0, 945
1762173655, meta, 10000, 9975, 11, 0, 953
1762173656, meta, 30000, 30796, 10, 0, 2161
1762173660, meta, 30000, 30796, 75, 0, 3005
1762173663, meta, 100000, 105902, 1048, 0, 25482
1762173691, meta, 100000, 105902, 14, 0, 2968
1762177417, meta, 10, 28, 2, 0, 620
1762177420, meta, 10, 28, 2, 0, 347
1762177420, meta, 100, 28, 2, 0, 350
1762177422, meta, 100, 28, 2, 0, 282
1762177423, meta, 1000, 889, 2, 0, 409
1762177425, meta, 1000, 889, 2, 0, 390
1762177425, meta, 3000, 2714, 3, 0, 443
1762177428, meta, 3000, 2714, 3, 0, 481
1762177428, meta, 10000, 9975, 11, 0, 1054
1762177431, meta, 10000, 9975, 11, 0, 655
1762177432, meta, 30000, 30796, 7, 0, 2223
1762177436, meta, 30000, 30796, 14, 0, 2454
1762177439, meta, 100000, 105902, 11, 0, 9200
1762177450, meta, 100000, 105902, 11, 0, 9189
1762181174, meta, 10, 28, 2, 0, 419
1762181176, meta, 10, 28, 2, 0, 396
1762181177, meta, 100, 28, 2, 0, 343
1762181179, meta, 100, 28, 2, 0, 318
1762181179, meta, 1000, 889, 3, 0, 403
1762181182, meta, 1000, 889, 3, 0, 379
1762181182, meta, 3000, 2714, 3, 0, 440
1762181185, meta, 3000, 2714, 3, 0, 505
1762181185, meta, 10000, 9975, 11, 0, 952
1762181188, meta, 10000, 9975, 8, 0, 691
1762181189, meta, 30000, 30797, 288, 0, 6149
1762181197, meta, 30000, 30797, 44, 0, 2843
1762181200, meta, 100000, 105902, 9, 0, 9527
1762181211, meta, 100000, 105902, 12, 0, 9124
1762184936, meta, 10, 28, 2, 0, 288
1762184939, meta, 10, 28, 2, 0, 468
1762184939, meta, 100, 28, 2, 0, 362
1762184942, meta, 100, 28, 2, 0, 276
1762184942, meta, 1000, 889, 2, 0, 277
1762184944, meta, 1000, 889, 2, 0, 286
1762184944, meta, 3000, 2714, 3, 0, 422
1762184947, meta, 3000, 2714, 3, 0, 403
1762184947, meta, 10000, 9975, 11, 0, 893
1762184950, meta, 10000, 9975, 11, 0, 892
1762184951, meta, 30000, 30796, 11, 0, 2207
1762184955, meta, 30000, 30796, 241, 0, 5273
1762184961, meta, 100000, 105902, 10, 0, 9267
1762184972, meta, 100000, 105902, 9, 0, 2023
1762188684, meta, 10, 28, 2, 0, 271
1762188687, meta, 10, 28, 2, 0, 298
1762188687, meta, 100, 28, 2, 0, 518
1762188689, meta, 100, 28, 2, 0, 281
1762188690, meta, 1000, 889, 3, 0, 504
1762188692, meta, 1000, 889, 3, 0, 292
1762188692, meta, 3000, 2714, 2, 0, 429
1762188695, meta, 3000, 2714, 3, 0, 515
1762188695, meta, 10000, 9975, 11, 0, 980
1762188698, meta, 10000, 9975, 11, 0, 875
1762188699, meta, 30000, 30796, 220, 0, 5235
1762188707, meta, 30000, 30796, 266, 0, 4635
1762188711, meta, 100000, 105904, 307, 0, 13502
1762188727, meta, 100000, 105904, 473, 0, 16762
1762192445, meta, 10, 28, 2, 0, 570
1762192447, meta, 10, 28, 2, 0, 328
1762192447, meta, 100, 28, 2, 0, 262
1762192450, meta, 100, 28, 2, 0, 331
1762192450, meta, 1000, 889, 2, 0, 381
1762192452, meta, 1000, 889, 3, 0, 292
1762192453, meta, 3000, 2714, 3, 0, 394
1762192455, meta, 3000, 2714, 3, 0, 381
1762192455, meta, 10000, 9975, 11, 0, 966
1762192458, meta, 10000, 9975, 7, 0, 820
1762192459, meta, 30000, 30796, 10, 0, 2912
1762192464, meta, 30000, 30796, 14, 0, 964
1762192465, meta, 100000, 105903, 537, 0, 17999
1762192485, meta, 100000, 105903, 13, 0, 2671
1762196213, meta, 10, 28, 2, 0, 399
1762196215, meta, 10, 28, 2, 0, 341
1762196216, meta, 100, 28, 2, 0, 362
1762196218, meta, 100, 28, 2, 0, 327
1762196218, meta, 1000, 889, 3, 0, 382
1762196221, meta, 1000, 889, 3, 0, 374
1762196221, meta, 3000, 2714, 3, 0, 475
1762196224, meta, 3000, 2714, 3, 0, 489
1762196224, meta, 10000, 9976, 11, 0, 1002
1762196227, meta, 10000, 9976, 11, 0, 634
1762196228, meta, 30000, 30796, 57, 0, 2990
1762196233, meta, 30000, 30796, 11, 0, 1039
1762196234, meta, 100000, 105901, 318, 0, 13835
1762196250, meta, 100000, 105901, 13, 0, 2412
1762199980, meta, 10, 28, 2, 0, 362
1762199982, meta, 10, 28, 2, 0, 314
1762199982, meta, 100, 28, 2, 0, 348
1762199985, meta, 100, 28, 2, 0, 339
1762199985, meta, 1000, 890, 3, 0, 350
1762199987, meta, 1000, 890, 3, 0, 389
1762199988, meta, 3000, 2714, 3, 0, 505
1762199990, meta, 3000, 2714, 3, 0, 439
1762199991, meta, 10000, 9975, 3, 0, 904
1762199994, meta, 10000, 9975, 11, 0, 616
1762199994, meta, 30000, 30796, 12, 0, 2300
1762199999, meta, 30000, 30796, 11, 0, 840
1762199999, meta, 100000, 105902, 9, 0, 9127
1762200010, meta, 100000, 105902, 379, 0, 8047
1762203795, meta, 10, 28, 2, 0, 340
1762203797, meta, 10, 28, 2, 0, 346
1762203797, meta, 100, 28, 2, 0, 318
1762203800, meta, 100, 28, 2, 0, 359
1762203800, meta, 1000, 889, 3, 0, 449
1762203802, meta, 1000, 889, 3, 0, 372
1762203803, meta, 3000, 2715, 2, 0, 478
1762203805, meta, 3000, 2715, 3, 0, 453
1762203806, meta, 10000, 9975, 3, 0, 824
1762203808, meta, 10000, 9975, 11, 0, 1051
1762203810, meta, 30000, 30796, 63, 0, 3187
1762203815, meta, 30000, 30796, 52, 0, 1466
1762203816, meta, 100000, 105902, 199, 0, 12389
1762203831, meta, 100000, 105902, 353, 0, 7926
1762207615, meta, 10, 28, 2, 0, 339
1762207617, meta, 10, 28, 2, 0, 397
1762207617, meta, 100, 28, 2, 0, 343
1762207620, meta, 100, 28, 2, 0, 337
1762207620, meta, 1000, 889, 3, 0, 377
1762207622, meta, 1000, 889, 2, 0, 427
1762207623, meta, 3000, 2714, 3, 0, 457
1762207625, meta, 3000, 2714, 3, 0, 522
1762207626, meta, 10000, 9975, 11, 0, 979
1762207629, meta, 10000, 9975, 11, 0, 900
1762207630, meta, 30000, 30796, 11, 0, 2261
1762207634, meta, 30000, 30796, 63, 0, 3020
1762207637, meta, 100000, 105902, 10, 0, 9312
1762207648, meta, 100000, 105902, 11, 0, 2227
1762211353, meta, 10, 28, 2, 0, 369
1762211356, meta, 10, 28, 2, 0, 316
1762211356, meta, 100, 28, 2, 0, 306
1762211358, meta, 100, 28, 2, 0, 357
1762211359, meta, 1000, 889, 2, 0, 342
1762211361, meta, 1000, 889, 3, 0, 339
1762211361, meta, 3000, 2715, 3, 0, 408
1762211364, meta, 3000, 2715, 3, 0, 456
1762211364, meta, 10000, 9975, 3, 0, 803
1762211367, meta, 10000, 9975, 11, 0, 942
1762211368, meta, 30000, 30796, 68, 0, 2956
1762211373, meta, 30000, 30796, 56, 0, 2727
1762211376, meta, 100000, 105902, 989, 0, 24033
1762211402, meta, 100000, 105902, 13, 0, 2066
1762215103, meta, 10, 28, 2, 0, 339
1762215105, meta, 10, 28, 2, 0, 358
1762215105, meta, 100, 28, 2, 0, 342
1762215108, meta, 100, 28, 2, 0, 337
1762215108, meta, 1000, 889, 2, 0, 365
1762215110, meta, 1000, 889, 2, 0, 363
1762215111, meta, 3000, 2714, 3, 0, 540
1762215113, meta, 3000, 2714, 3, 0, 438
1762215114, meta, 10000, 9975, 11, 0, 953
1762215117, meta, 10000, 9975, 11, 0, 606
1762215117, meta, 30000, 30796, 11, 0, 2213
1762215121, meta, 30000, 30796, 18, 0, 1069
1762215122, meta, 100000, 105901, 13, 0, 9412
1762215134, meta, 100000, 105901, 9, 0, 2315
1762218911, meta, 10, 28, 2, 0, 345
1762218914, meta, 10, 28, 2, 0, 375
1762218914, meta, 100, 28, 2, 0, 377
1762218916, meta, 100, 28, 2, 0, 339
1762218917, meta, 1000, 889, 3, 0, 456
1762218919, meta, 1000, 889, 3, 0, 340
1762218919, meta, 3000, 2714, 3, 0, 469
1762218922, meta, 3000, 2714, 3, 0, 471
1762218922, meta, 10000, 9975, 11, 0, 966
1762218925, meta, 10000, 9975, 11, 0, 999
1762218926, meta, 30000, 30796, 11, 0, 2407
1762218931, meta, 30000, 30796, 226, 0, 3707
1762218935, meta, 100000, 105902, 9, 0, 9279
1762218946, meta, 100000, 105902, 714, 0, 12915
1762222662, meta, 10, 28, 2, 0, 320
1762222665, meta, 10, 28, 2, 0, 337
1762222665, meta, 100, 28, 2, 0, 316
1762222667, meta, 100, 28, 2, 0, 369
1762222668, meta, 1000, 889, 3, 0, 269
1762222670, meta, 1000, 889, 2, 0, 372
1762222670, meta, 3000, 2714, 3, 0, 476
1762222673, meta, 3000, 2714, 3, 0, 391
1762222673, meta, 10000, 9975, 11, 0, 965
1762222676, meta, 10000, 9975, 11, 0, 637
1762222677, meta, 30000, 30796, 12, 0, 2312
1762222681, meta, 30000, 30796, 12, 0, 2292
1762222683, meta, 100000, 105902, 54, 0, 9827
1762222695, meta, 100000, 105902, 11, 0, 9179
1762226412, meta, 10, 28, 2, 0, 297
1762226415, meta, 10, 28, 2, 0, 355
1762226415, meta, 100, 28, 2, 0, 408
1762226417, meta, 100, 28, 2, 0, 293
1762226418, meta, 1000, 889, 3, 0, 448
1762226420, meta, 1000, 889, 3, 0, 525
1762226421, meta, 3000, 2716, 3, 0, 380
1762226423, meta, 3000, 2716, 3, 0, 437
1762226424, meta, 10000, 9976, 11, 0, 909
1762226426, meta, 10000, 9976, 11, 0, 639
1762226427, meta, 30000, 30796, 69, 0, 2962
1762226432, meta, 30000, 30796, 61, 0, 2829
1762226435, meta, 100000, 105903, 12, 0, 9135
1762226446, meta, 100000, 105903, 10, 0, 9421
1762230193, meta, 10, 28, 2, 0, 400
1762230195, meta, 10, 28, 2, 0, 487
1762230196, meta, 100, 28, 2, 0, 350
1762230198, meta, 100, 28, 2, 0, 330
1762230198, meta, 1000, 889, 3, 0, 347
1762230201, meta, 1000, 889, 3, 0, 361
1762230201, meta, 3000, 2714, 3, 0, 478
1762230203, meta, 3000, 2714, 3, 0, 430
1762230204, meta, 10000, 9975, 12, 0, 990
1762230207, meta, 10000, 9975, 11, 0, 645
1762230207, meta, 30000, 30796, 11, 0, 2231
1762230212, meta, 30000, 30796, 159, 0, 2870
1762230215, meta, 100000, 105903, 9, 0, 9239
1762230226, meta, 100000, 105903, 68, 0, 10234
1762234012, meta, 10, 28, 2, 0, 351
1762234014, meta, 10, 28, 2, 0, 342
1762234015, meta, 100, 28, 2, 0, 340
1762234017, meta, 100, 28, 2, 0, 340
1762234017, meta, 1000, 889, 3, 0, 362
1762234020, meta, 1000, 889, 3, 0, 362
1762234020, meta, 3000, 2714, 3, 0, 519
1762234023, meta, 3000, 2714, 3, 0, 478
1762234023, meta, 10000, 9975, 11, 0, 964
1762234026, meta, 10000, 9975, 12, 0, 594
1762234027, meta, 30000, 30796, 12, 0, 2253
1762234031, meta, 30000, 30796, 98, 0, 3559
1762234035, meta, 100000, 105901, 882, 0, 22392
1762234059, meta, 100000, 105901, 470, 0, 9132
1762237786, meta, 10, 28, 2, 0, 344
1762237789, meta, 10, 28, 2, 0, 345
1762237789, meta, 100, 28, 2, 0, 340
1762237791, meta, 100, 28, 2, 0, 377
1762237792, meta, 1000, 889, 2, 0, 430
1762237794, meta, 1000, 889, 2, 0, 482
1762237795, meta, 3000, 2714, 2, 0, 518
1762237797, meta, 3000, 2714, 2, 0, 587
1762237798, meta, 10000, 9975, 7, 0, 982
1762237801, meta, 10000, 9975, 11, 0, 946
1762237802, meta, 30000, 30796, 254, 0, 5201
1762237809, meta, 30000, 30796, 75, 0, 1905
1762237811, meta, 100000, 105902, 13, 0, 9173
1762237822, meta, 100000, 105902, 421, 0, 9101
1762241540, meta, 10, 28, 2, 0, 295
1762241542, meta, 10, 28, 2, 0, 289
1762241542, meta, 100, 28, 2, 0, 307
1762241544, meta, 100, 28, 2, 0, 302
1762241545, meta, 1000, 889, 3, 0, 369
1762241547, meta, 1000, 889, 3, 0, 368
1762241547, meta, 3000, 2714, 2, 0, 467
1762241550, meta, 3000, 2714, 3, 0, 396
1762241550, meta, 10000, 9975, 11, 0, 1025
1762241553, meta, 10000, 9975, 11, 0, 559
1762241554, meta, 30000, 30796, 11, 0, 2231
1762241558, meta, 30000, 30796, 12, 0, 973
1762241559, meta, 100000, 105901, 10, 0, 9148
1762241570, meta, 100000, 105901, 10, 0, 8986
1762245290, meta, 10, 28, 2, 0, 258
1762245292, meta, 10, 28, 2, 0, 345
1762245293, meta, 100, 28, 2, 0, 342
1762245295, meta, 100, 28, 2, 0, 345
1762245295, meta, 1000, 889, 3, 0, 344
1762245298, meta, 1000, 889, 3, 0, 369
1762245298, meta, 3000, 2714, 3, 0, 480
1762245301, meta, 3000, 2714, 3, 0, 445
1762245301, meta, 10000, 9975, 2, 0, 794
1762245304, meta, 10000, 9975, 11, 0, 946
1762245305, meta, 30000, 30796, 12, 0, 2192
1762245309, meta, 30000, 30796, 11, 0, 2219
1762245311, meta, 100000, 105902, 11, 0, 9148
1762245322, meta, 100000, 105902, 13, 0, 2110
1762249024, meta, 10, 28, 2, 0, 315
1762249026, meta, 10, 28, 2, 0, 364
1762249027, meta, 100, 28, 2, 0, 337
1762249029, meta, 100, 28, 2, 0, 343
1762249029, meta, 1000, 890, 3, 0, 398
1762249032, meta, 1000, 890, 3, 0, 378
1762249032, meta, 3000, 2714, 3, 0, 485
1762249035, meta, 3000, 2714, 3, 0, 400
1762249035, meta, 10000, 9975, 11, 0, 974
1762249038, meta, 10000, 9975, 11, 0, 522
1762249038, meta, 30000, 30796, 10, 0, 2303
1762249043, meta, 30000, 0, 0, 0, 58971
1762249102, meta, 100000, 105902, 13, 0, 9271
1762249113, meta, 100000, 105902, 13, 0, 2635
1762252823, meta, 10, 28, 2, 0, 357
1762252826, meta, 10, 28, 2, 0, 357
1762252826, meta, 100, 28, 2, 0, 424
1762252828, meta, 100, 28, 2, 0, 546
1762252829, meta, 1000, 889, 3, 0, 545
1762252832, meta, 1000, 889, 2, 0, 479
1762252832, meta, 3000, 2714, 3, 0, 455
1762252835, meta, 3000, 2714, 3, 0, 477
1762252835, meta, 10000, 9975, 11, 0, 1103
1762252838, meta, 10000, 9975, 11, 0, 1044
1762252839, meta, 30000, 30796, 77, 0, 3505
1762252845, meta, 30000, 30796, 11, 0, 2319
1762252847, meta, 100000, 105902, 9, 0, 9494
1762252858, meta, 100000, 105902, 13, 0, 2196
1762256573, meta, 10, 28, 2, 0, 392
1762256575, meta, 10, 28, 2, 0, 359
1762256575, meta, 100, 28, 2, 0, 357
1762256578, meta, 100, 28, 2, 0, 510
1762256578, meta, 1000, 889, 3, 0, 329
1762256581, meta, 1000, 889, 3, 0, 318
1762256581, meta, 3000, 2714, 3, 0, 380
1762256583, meta, 3000, 2714, 3, 0, 369
1762256584, meta, 10000, 9975, 3, 0, 832
1762256587, meta, 10000, 9975, 11, 0, 990
1762256588, meta, 30000, 30796, 81, 0, 3450
1762256593, meta, 30000, 30796, 76, 0, 1919
1762256595, meta, 100000, 105904, 10, 0, 9325
1762256606, meta, 100000, 105904, 11, 0, 9365
1762260325, meta, 10, 28, 2, 0, 295
1762260328, meta, 10, 28, 2, 0, 281
1762260328, meta, 100, 28, 2, 0, 310
1762260330, meta, 100, 28, 2, 0, 476
1762260331, meta, 1000, 889, 2, 0, 333
1762260333, meta, 1000, 889, 2, 0, 435
1762260333, meta, 3000, 2714, 3, 0, 487
1762260336, meta, 3000, 2714, 3, 0, 379
1762260336, meta, 10000, 9975, 11, 0, 1195
1762260340, meta, 10000, 9975, 11, 0, 1027
1762260341, meta, 30000, 30796, 70, 0, 3567
1762260346, meta, 30000, 30796, 53, 0, 3086
1762260349, meta, 100000, 105902, 434, 0, 18491
1762260370, meta, 100000, 105902, 9, 0, 2174
1762264073, meta, 10, 28, 2, 0, 331
1762264075, meta, 10, 28, 2, 0, 313
1762264076, meta, 100, 28, 2, 0, 830
1762264078, meta, 100, 28, 2, 0, 337
1762264079, meta, 1000, 889, 3, 0, 388
1762264081, meta, 1000, 889, 3, 0, 319
1762264082, meta, 3000, 2714, 3, 0, 472
1762264084, meta, 3000, 2714, 3, 0, 378
1762264084, meta, 10000, 9975, 11, 0, 948
1762264087, meta, 10000, 9975, 2, 0, 532
1762264088, meta, 30000, 30796, 14, 0, 2234
1762264092, meta, 30000, 30796, 11, 0, 944
1762264093, meta, 100000, 105901, 9, 0, 9080
1762264104, meta, 100000, 105901, 422, 0, 9003
1762267832, meta, 10, 28, 2, 0, 320
1762267835, meta, 10, 28, 2, 0, 312
1762267835, meta, 100, 28, 2, 0, 407
1762267837, meta, 100, 28, 2, 0, 344
1762267838, meta, 1000, 889, 3, 0, 308
1762267840, meta, 1000, 889, 3, 0, 371
1762267840, meta, 3000, 2714, 3, 0, 405
1762267843, meta, 3000, 2714, 3, 0, 499
1762267843, meta, 10000, 9975, 12, 0, 921
1762267846, meta, 10000, 9975, 3, 0, 806
1762267847, meta, 30000, 30796, 10, 0, 2419
1762267851, meta, 30000, 30796, 195, 0, 3626
1762267855, meta, 100000, 105901, 397, 0, 15820
1762267873, meta, 100000, 105901, 441, 0, 10057
1762271598, meta, 10, 28, 2, 0, 391
1762271600, meta, 10, 28, 2, 0, 389
1762271601, meta, 100, 28, 2, 0, 343
1762271603, meta, 100, 28, 2, 0, 367
1762271603, meta, 1000, 889, 3, 0, 384
1762271606, meta, 1000, 889, 3, 0, 371
1762271606, meta, 3000, 2714, 3, 0, 545
1762271609, meta, 3000, 2714, 3, 0, 613
1762271609, meta, 10000, 9975, 11, 0, 1049
1762271612, meta, 10000, 9975, 3, 0, 557
1762271613, meta, 30000, 30796, 246, 0, 5784
1762271621, meta, 30000, 30796, 38, 0, 1465
1762271622, meta, 100000, 0, 0, 0, 73904
1762271698, meta, 100000, 105902, 13, 0, 9303
1762275420, meta, 10, 28, 2, 0, 363
1762275423, meta, 10, 28, 2, 0, 400
1762275423, meta, 100, 28, 2, 0, 374
1762275425, meta, 100, 28, 2, 0, 382
1762275426, meta, 1000, 889, 2, 0, 405
1762275428, meta, 1000, 889, 2, 0, 415
1762275429, meta, 3000, 2714, 3, 0, 576
1762275431, meta, 3000, 2714, 3, 0, 442
1762275432, meta, 10000, 9975, 11, 0, 994
1762275435, meta, 10000, 9975, 11, 0, 658
1762275435, meta, 30000, 30796, 11, 0, 2227
1762275440, meta, 30000, 30796, 75, 0, 1964
1762275441, meta, 100000, 105901, 10, 0, 9227
1762275453, meta, 100000, 105901, 9, 0, 9040
1762279245, meta, 10, 28, 2, 0, 339
1762279247, meta, 10, 28, 2, 0, 381
1762279248, meta, 100, 28, 2, 0, 434
1762279250, meta, 100, 28, 2, 0, 475
1762279250, meta, 1000, 889, 3, 0, 370
1762279253, meta, 1000, 889, 3, 0, 329
1762279253, meta, 3000, 2714, 3, 0, 457
1762279256, meta, 3000, 2714, 3, 0, 447
1762279256, meta, 10000, 9975, 11, 0, 961
1762279259, meta, 10000, 9975, 11, 0, 663
1762279260, meta, 30000, 30796, 14, 0, 2351
1762279264, meta, 30000, 30796, 11, 0, 2292
1762279266, meta, 100000, 105902, 9, 0, 9164
1762279277, meta, 100000, 105902, 397, 0, 15530
1762283003, meta, 10, 28, 2, 0, 410
1762283006, meta, 10, 28, 2, 0, 533
1762283006, meta, 100, 28, 2, 0, 362
1762283009, meta, 100, 28, 2, 0, 398
1762283009, meta, 1000, 889, 3, 0, 377
1762283011, meta, 1000, 889, 3, 0, 392
1762283012, meta, 3000, 2714, 3, 0, 484
1762283014, meta, 3000, 2714, 3, 0, 425
1762283015, meta, 10000, 9975, 10, 0, 972
1762283018, meta, 10000, 9975, 12, 0, 937
1762283019, meta, 30000, 30796, 13, 0, 2274
1762283023, meta, 30000, 30796, 119, 0, 2557
1762283025, meta, 100000, 105903, 3017, 0, 55000
1762283082, meta, 100000, 105903, 11, 0, 2389
1762286795, meta, 10, 28, 2, 0, 284
1762286798, meta, 10, 28, 2, 0, 263
1762286798, meta, 100, 28, 2, 0, 342
1762286800, meta, 100, 28, 2, 0, 295
1762286801, meta, 1000, 890, 3, 0, 376
1762286803, meta, 1000, 890, 3, 0, 391
1762286803, meta, 3000, 2714, 3, 0, 1062
1762286806, meta, 3000, 2714, 3, 0, 611
1762286807, meta, 10000, 9975, 11, 0, 1093
1762286810, meta, 10000, 9975, 11, 0, 574
1762286811, meta, 30000, 30796, 11, 0, 2222
1762286815, meta, 30000, 30796, 11, 0, 873
1762286816, meta, 100000, 105902, 340, 0, 16567
1762286834, meta, 100000, 105902, 11, 0, 2126
1762290605, meta, 10, 28, 2, 0, 378
1762290608, meta, 10, 28, 2, 0, 299
1762290608, meta, 100, 28, 2, 0, 350
1762290610, meta, 100, 28, 2, 0, 336
1762290611, meta, 1000, 889, 3, 0, 431
1762290613, meta, 1000, 889, 3, 0, 351
1762290613, meta, 3000, 2714, 3, 0, 428
1762290616, meta, 3000, 2714, 3, 0, 400
1762290616, meta, 10000, 9975, 11, 0, 1041
1762290619, meta, 10000, 9975, 11, 0, 1015
1762290620, meta, 30000, 30796, 10, 0, 2248
1762290625, meta, 30000, 30796, 10, 0, 1025
1762290626, meta, 100000, 105902, 12, 0, 9218
1762290637, meta, 100000, 105902, 13, 0, 9117
1762294361, meta, 10, 28, 2, 0, 326
1762294363, meta, 10, 28, 2, 0, 338
1762294364, meta, 100, 28, 2, 0, 341
1762294366, meta, 100, 28, 2, 0, 311
1762294366, meta, 1000, 889, 2, 0, 431
1762294369, meta, 1000, 889, 2, 0, 400
1762294369, meta, 3000, 2714, 3, 0, 471
1762294372, meta, 3000, 2714, 3, 0, 372
1762294372, meta, 10000, 9975, 11, 0, 946
1762294375, meta, 10000, 9975, 21, 0, 1275
1762294376, meta, 30000, 30796, 11, 0, 2354
1762294381, meta, 30000, 30796, 267, 0, 4368
1762294385, meta, 100000, 105902, 420, 0, 16588
1762294404, meta, 100000, 105902, 9, 0, 9285
1762298143, meta, 10, 28, 2, 0, 308
1762298145, meta, 10, 28, 2, 0, 316
1762298146, meta, 100, 28, 2, 0, 415
1762298148, meta, 100, 28, 2, 0, 324
1762298148, meta, 1000, 890, 2, 0, 375
1762298151, meta, 1000, 890, 2, 0, 334
1762298151, meta, 3000, 2714, 3, 0, 414
1762298153, meta, 3000, 2714, 3, 0, 467
1762298154, meta, 10000, 9975, 11, 0, 992
1762298157, meta, 10000, 9975, 11, 0, 575
1762298157, meta, 30000, 30796, 11, 0, 2221
1762298162, meta, 30000, 30796, 10, 0, 2306
1762298164, meta, 100000, 105903, 11, 0, 9131
1762298175, meta, 100000, 105903, 11, 0, 2038
1762301884, meta, 10, 28, 2, 0, 325
1762301887, meta, 10, 28, 2, 0, 364
1762301887, meta, 100, 28, 2, 0, 348
1762301889, meta, 100, 28, 2, 0, 271
1762301890, meta, 1000, 889, 3, 0, 395
1762301892, meta, 1000, 889, 3, 0, 355
1762301892, meta, 3000, 2714, 3, 0, 459
1762301895, meta, 3000, 2714, 3, 0, 525
1762301895, meta, 10000, 9977, 3, 0, 865
1762301898, meta, 10000, 9977, 11, 0, 612
1762301899, meta, 30000, 30796, 11, 0, 2176
1762301903, meta, 30000, 30796, 11, 0, 1006
1762301904, meta, 100000, 105902, 21, 0, 9338
1762301915, meta, 100000, 105902, 12, 0, 2223
1762305633, meta, 10, 28, 2, 0, 376
1762305636, meta, 10, 28, 2, 0, 436
1762305636, meta, 100, 28, 2, 0, 421
1762305639, meta, 100, 28, 2, 0, 366
1762305639, meta, 1000, 889, 3, 0, 380
1762305641, meta, 1000, 889, 3, 0, 339
1762305642, meta, 3000, 2714, 3, 0, 503
1762305644, meta, 3000, 2714, 2, 0, 462
1762305645, meta, 10000, 9975, 11, 0, 1088
1762305648, meta, 10000, 9975, 11, 0, 1033
1762305649, meta, 30000, 30796, 25, 0, 2488
1762305653, meta, 30000, 30796, 11, 0, 2315
1762305656, meta, 100000, 105903, 11, 0, 9195
1762305667, meta, 100000, 105903, 9, 0, 9023
1762309383, meta, 10, 28, 2, 0, 366
1762309385, meta, 10, 28, 2, 0, 350
1762309385, meta, 100, 28, 2, 0, 278
1762309388, meta, 100, 28, 2, 0, 443
1762309388, meta, 1000, 889, 3, 0, 360
1762309390, meta, 1000, 889, 3, 0, 371
1762309391, meta, 3000, 2714, 3, 0, 489
1762309393, meta, 3000, 2714, 3, 0, 440
1762309394, meta, 10000, 9975, 11, 0, 1058
1762309397, meta, 10000, 9975, 11, 0, 634
1762309397, meta, 30000, 30796, 9, 0, 2357
1762309402, meta, 30000, 30796, 230, 0, 5449
1762309407, meta, 100000, 105903, 9, 0, 9434
1762309419, meta, 100000, 105903, 9, 0, 2286
1762313163, meta, 10, 28, 2, 0, 343
1762313166, meta, 10, 28, 2, 0, 334
1762313166, meta, 100, 28, 2, 0, 275
1762313168, meta, 100, 28, 2, 0, 346
1762313169, meta, 1000, 889, 2, 0, 401
1762313171, meta, 1000, 889, 2, 0, 367
1762313171, meta, 3000, 2714, 3, 0, 525
1762313174, meta, 3000, 2714, 3, 0, 450
1762313174, meta, 10000, 9975, 11, 0, 1314
1762313178, meta, 10000, 9975, 11, 0, 1022
1762313179, meta, 30000, 30796, 11, 0, 2465
1762313183, meta, 30000, 30796, 11, 0, 1058
1762313184, meta, 100000, 105901, 12, 0, 9215
1762313195, meta, 100000, 105901, 12, 0, 2245
1762316904, meta, 10, 28, 2, 0, 337
1762316907, meta, 10, 28, 2, 0, 330
1762316907, meta, 100, 28, 2, 0, 269
1762316909, meta, 100, 28, 2, 0, 356
1762316910, meta, 1000, 889, 3, 0, 405
1762316912, meta, 1000, 889, 3, 0, 340
1762316913, meta, 3000, 2714, 3, 0, 442
1762316915, meta, 3000, 2714, 3, 0, 360
1762316915, meta, 10000, 9975, 12, 0, 967
1762316918, meta, 10000, 9975, 12, 0, 981
1762316919, meta, 30000, 30796, 13, 0, 2423
1762316924, meta, 30000, 30796, 11, 0, 865
1762316925, meta, 100000, 105903, 381, 0, 15145
1762316942, meta, 100000, 105903, 10, 0, 2117
1762320648, meta, 10, 28, 2, 0, 268
1762320650, meta, 10, 28, 2, 0, 266
1762320650, meta, 100, 28, 2, 0, 401
1762320652, meta, 100, 28, 2, 0, 322
1762320653, meta, 1000, 890, 2, 0, 358
1762320655, meta, 1000, 890, 2, 0, 302
1762320655, meta, 3000, 2714, 3, 0, 522
1762320658, meta, 3000, 2714, 2, 0, 346
1762320658, meta, 10000, 9975, 11, 0, 919
1762320661, meta, 10000, 9975, 3, 0, 556
1762320662, meta, 30000, 30796, 11, 0, 2218
1762320666, meta, 30000, 30796, 51, 0, 2820
1762320669, meta, 100000, 105903, 29, 0, 9425
1762320680, meta, 100000, 105903, 314, 0, 14028
1762324470, meta, 10, 28, 2, 0, 391
1762324472, meta, 10, 28, 2, 0, 340
1762324472, meta, 100, 28, 2, 0, 369
1762324475, meta, 100, 28, 2, 0, 337
1762324475, meta, 1000, 889, 3, 0, 365
1762324478, meta, 1000, 889, 3, 0, 397
1762324478, meta, 3000, 2714, 3, 0, 452
1762324480, meta, 3000, 2714, 2, 0, 336
1762324481, meta, 10000, 9975, 11, 0, 1019
1762324484, meta, 10000, 9975, 11, 0, 613
1762324484, meta, 30000, 30797, 453, 0, 7958
1762324494, meta, 30000, 30797, 11, 0, 984
1762324495, meta, 100000, 105903, 13, 0, 9141
1762324506, meta, 100000, 105903, 9, 0, 2252
1762328229, meta, 10, 28, 2, 0, 358
1762328231, meta, 10, 28, 2, 0, 359
1762328232, meta, 100, 28, 2, 0, 347
1762328234, meta, 100, 28, 2, 0, 354
1762328234, meta, 1000, 889, 3, 0, 345
1762328237, meta, 1000, 889, 3, 0, 377
1762328237, meta, 3000, 2714, 3, 0, 468
1762328240, meta, 3000, 2714, 3, 0, 502
1762328240, meta, 10000, 9975, 11, 0, 1005
1762328243, meta, 10000, 9975, 12, 0, 1017
1762328244, meta, 30000, 30796, 100, 0, 3586
1762328250, meta, 30000, 30796, 11, 0, 2290
1762328252, meta, 100000, 105902, 293, 0, 14158
1762328268, meta, 100000, 105902, 10, 0, 9090
1762332000, meta, 10, 28, 2, 0, 362
1762332002, meta, 10, 28, 2, 0, 428
1762332003, meta, 100, 28, 2, 0, 306
1762332005, meta, 100, 28, 2, 0, 365
1762332005, meta, 1000, 889, 3, 0, 356
1762332008, meta, 1000, 889, 3, 0, 343
1762332008, meta, 3000, 2715, 3, 0, 515
1762332010, meta, 3000, 2715, 3, 0, 498
1762332011, meta, 10000, 9975, 11, 0, 957
1762332014, meta, 10000, 9975, 11, 0, 884
1762332015, meta, 30000, 30797, 11, 0, 2277
1762332019, meta, 30000, 30797, 18, 0, 2497
1762332022, meta, 100000, 105901, 11, 0, 9164
1762332033, meta, 100000, 105901, 12, 0, 9035
1762335844, meta, 10, 28, 2, 0, 326
1762335846, meta, 10, 28, 2, 0, 336
1762335846, meta, 100, 28, 2, 0, 336
1762335849, meta, 100, 28, 2, 0, 382
1762335849, meta, 1000, 889, 3, 0, 360
1762335851, meta, 1000, 889, 3, 0, 357
1762335852, meta, 3000, 2715, 3, 0, 473
1762335854, meta, 3000, 2715, 3, 0, 521
1762335855, meta, 10000, 9975, 12, 0, 990
1762335858, meta, 10000, 9975, 12, 0, 621
1762335858, meta, 30000, 30797, 14, 0, 2311
1762335863, meta, 30000, 30797, 58, 0, 1748
1762335864, meta, 100000, 105904, 606, 0, 19411
1762335886, meta, 100000, 105904, 13, 0, 9029
1762339601, meta, 10, 28, 2, 0, 342
1762339603, meta, 10, 28, 2, 0, 359
1762339603, meta, 100, 28, 2, 0, 351
1762339606, meta, 100, 28, 2, 0, 348
1762339606, meta, 1000, 889, 3, 0, 365
1762339609, meta, 1000, 889, 3, 0, 407
1762339609, meta, 3000, 2714, 3, 0, 459
1762339611, meta, 3000, 2714, 3, 0, 390
1762339612, meta, 10000, 9975, 3, 0, 926
1762339615, meta, 10000, 9975, 3, 0, 489
1762339615, meta, 30000, 30796, 13, 0, 2409
1762339620, meta, 30000, 30796, 91, 0, 3418
1762339623, meta, 100000, 105903, 12, 0, 9336
1762339634, meta, 100000, 105903, 474, 0, 9257
1762343363, meta, 10, 28, 2, 0, 336
1762343365, meta, 10, 28, 2, 0, 347
1762343366, meta, 100, 28, 2, 0, 346
1762343368, meta, 100, 28, 2, 0, 339
1762343368, meta, 1000, 889, 3, 0, 394
1762343371, meta, 1000, 889, 3, 0, 409
1762343371, meta, 3000, 2714, 3, 0, 454
1762343373, meta, 3000, 2714, 3, 0, 435
1762343374, meta, 10000, 9976, 3, 0, 784
1762343377, meta, 10000, 9976, 3, 0, 545
1762343377, meta, 30000, 30796, 11, 0, 2306
1762343382, meta, 30000, 30796, 99, 0, 3647
1762343385, meta, 100000, 105902, 9, 0, 8970
1762343396, meta, 100000, 0, 0, 0, 60649
1762347180, meta, 10, 28, 2, 0, 336
1762347183, meta, 10, 28, 2, 0, 279
1762347183, meta, 100, 28, 2, 0, 259
1762347185, meta, 100, 28, 2, 0, 269
1762347185, meta, 1000, 889, 3, 0, 276
1762347188, meta, 1000, 889, 3, 0, 278
1762347188, meta, 3000, 2714, 3, 0, 389
1762347190, meta, 3000, 2714, 3, 0, 448
1762347191, meta, 10000, 9975, 11, 0, 957
1762347194, meta, 10000, 9975, 11, 0, 561
1762347194, meta, 30000, 30796, 11, 0, 2284
1762347199, meta, 30000, 30796, 25, 0, 2400
1762347201, meta, 100000, 105903, 13, 0, 9132
1762347212, meta, 100000, 105903, 382, 0, 15156
1762350940, meta, 10, 28, 2, 0, 405
1762350942, meta, 10, 28, 2, 0, 355
1762350942, meta, 100, 28, 2, 0, 333
1762350945, meta, 100, 28, 2, 0, 318
1762350945, meta, 1000, 889, 3, 0, 346
1762350947, meta, 1000, 889, 3, 0, 416
1762350948, meta, 3000, 2714, 3, 0, 556
1762350950, meta, 3000, 2714, 3, 0, 476
1762350951, meta, 10000, 9975, 12, 0, 1106
1762350954, meta, 10000, 9975, 11, 0, 821
1762350955, meta, 30000, 30796, 70, 0, 3039
1762350960, meta, 30000, 30796, 66, 0, 1705
1762350962, meta, 100000, 105902, 9, 0, 9058
1762350973, meta, 100000, 105902, 51, 0, 9836
1762354698, meta, 10, 28, 2, 0, 338
1762354700, meta, 10, 28, 2, 0, 350
1762354701, meta, 100, 28, 2, 0, 324
1762354703, meta, 100, 28, 2, 0, 414
1762354703, meta, 1000, 889, 3, 0, 355
1762354706, meta, 1000, 889, 3, 0, 362
1762354706, meta, 3000, 2714, 3, 0, 458
1762354708, meta, 3000, 2714, 3, 0, 411
1762354709, meta, 10000, 9975, 11, 0, 1022
1762354712, meta, 10000, 9975, 11, 0, 959
1762354713, meta, 30000, 30796, 11, 0, 2276
1762354717, meta, 30000, 30796, 63, 0, 1732
1762354719, meta, 100000, 105902, 12, 0, 9383
1762354730, meta, 100000, 105902, 11, 0, 9060
1762358450, meta, 10, 28, 2, 0, 407
1762358453, meta, 10, 28, 2, 0, 381
1762358453, meta, 100, 28, 2, 0, 351
1762358455, meta, 100, 28, 2, 0, 318
1762358456, meta, 1000, 889, 2, 0, 462
1762358458, meta, 1000, 889, 3, 0, 398
1762358459, meta, 3000, 2714, 3, 0, 486
1762358461, meta, 3000, 2714, 3, 0, 509
1762358462, meta, 10000, 9976, 12, 0, 1103
1762358465, meta, 10000, 9976, 11, 0, 636
1762358465, meta, 30000, 30796, 55, 0, 3040
1762358470, meta, 30000, 30796, 30, 0, 2718
1762358473, meta, 100000, 105903, 12, 0, 9204
1762358484, meta, 100000, 105903, 11, 0, 9149
1762362205, meta, 10, 28, 2, 0, 339
1762362207, meta, 10, 28, 2, 0, 385
1762362207, meta, 100, 28, 2, 0, 376
1762362210, meta, 100, 28, 2, 0, 326
1762362210, meta, 1000, 889, 3, 0, 419
1762362212, meta, 1000, 889, 3, 0, 313
1762362213, meta, 3000, 2714, 3, 0, 442
1762362215, meta, 3000, 2714, 2, 0, 616
1762362216, meta, 10000, 9975, 12, 0, 973
1762362219, meta, 10000, 9975, 11, 0, 627
1762362219, meta, 30000, 30796, 11, 0, 2255
1762362224, meta, 30000, 30796, 11, 0, 932
1762362225, meta, 100000, 105903, 556, 0, 17608
1762362244, meta, 100000, 105903, 331, 0, 7645
1762366141, meta, 10, 28, 2, 0, 496
1762366144, meta, 10, 28, 2, 0, 343
1762366144, meta, 100, 28, 2, 0, 470
1762366147, meta, 100, 28, 2, 0, 418
1762366147, meta, 1000, 889, 3, 0, 409
1762366149, meta, 1000, 889, 3, 0, 381
1762366150, meta, 3000, 2714, 3, 0, 540
1762366152, meta, 3000, 2714, 3, 0, 429
1762366153, meta, 10000, 9975, 11, 0, 970
1762366156, meta, 10000, 9975, 12, 0, 622
1762366156, meta, 30000, 30796, 533, 0, 10789
1762366169, meta, 30000, 30796, 68, 0, 3296
1762366172, meta, 100000, 105902, 12, 0, 9160
1762366184, meta, 100000, 105902, 11, 0, 9423
1762369896, meta, 10, 28, 2, 0, 348
1762369898, meta, 10, 28, 2, 0, 410
1762369899, meta, 100, 28, 2, 0, 403
1762369901, meta, 100, 28, 2, 0, 278
1762369901, meta, 1000, 889, 3, 0, 434
1762369904, meta, 1000, 889, 2, 0, 354
1762369904, meta, 3000, 2714, 3, 0, 500
1762369907, meta, 3000, 2714, 3, 0, 461
1762369907, meta, 10000, 9975, 11, 0, 1424
1762369910, meta, 10000, 9975, 3, 0, 580
1762369911, meta, 30000, 30796, 12, 0, 2246
1762369915, meta, 30000, 30796, 12, 0, 2662
1762369918, meta, 100000, 105902, 13, 0, 9223
1762369929, meta, 100000, 105902, 315, 0, 14434
1762373649, meta, 10, 28, 2, 0, 449
1762373651, meta, 10, 28, 2, 0, 447
1762373652, meta, 100, 28, 2, 0, 366
1762373654, meta, 100, 28, 2, 0, 329
1762373654, meta, 1000, 889, 3, 0, 389
1762373657, meta, 1000, 889, 3, 0, 341
1762373657, meta, 3000, 2714, 3, 0, 438
1762373659, meta, 3000, 2714, 3, 0, 451
1762373660, meta, 10000, 9975, 11, 0, 992
1762373663, meta, 10000, 9975, 11, 0, 993
1762373664, meta, 30000, 30796, 3, 0, 2120
1762373668, meta, 30000, 30796, 12, 0, 1023
1762373669, meta, 100000, 105902, 13, 0, 10170
1762373681, meta, 100000, 105902, 9, 0, 2107
1762377391, meta, 10, 28, 2, 0, 334
1762377393, meta, 10, 28, 2, 0, 281
1762377394, meta, 100, 28, 2, 0, 304
1762377396, meta, 100, 28, 2, 0, 395
1762377396, meta, 1000, 889, 3, 0, 437
1762377399, meta, 1000, 889, 3, 0, 407
1762377399, meta, 3000, 2714, 3, 0, 479
1762377402, meta, 3000, 2714, 2, 0, 1894
1762377403, meta, 10000, 9975, 11, 0, 1066
1762377407, meta, 10000, 9975, 8, 0, 671
1762377407, meta, 30000, 30796, 11, 0, 2284
1762377412, meta, 30000, 30796, 55, 0, 2909
1762377414, meta, 100000, 105902, 1072, 0, 26913
1762377443, meta, 100000, 105902, 627, 0, 11726
1762381174, meta, 10, 28, 2, 0, 403
1762381176, meta, 10, 28, 2, 0, 422
1762381176, meta, 100, 28, 2, 0, 326
1762381179, meta, 100, 28, 2, 0, 337
1762381179, meta, 1000, 889, 3, 0, 439
1762381182, meta, 1000, 889, 3, 0, 406
1762381182, meta, 3000, 2714, 3, 0, 491
1762381184, meta, 3000, 2714, 3, 0, 486
1762381185, meta, 10000, 9975, 11, 0, 1000
1762381188, meta, 10000, 9975, 11, 0, 1016
1762381189, meta, 30000, 30796, 87, 0, 3448
1762381194, meta, 30000, 30796, 48, 0, 3178
1762381198, meta, 100000, 105902, 114, 0, 11299
1762381211, meta, 100000, 105902, 301, 0, 6558
1762384927, meta, 10, 28, 2, 0, 526
1762384929, meta, 10, 28, 2, 0, 400
1762384930, meta, 100, 28, 2, 0, 372
1762384932, meta, 100, 28, 2, 0, 348
1762384933, meta, 1000, 889, 3, 0, 384
1762384935, meta, 1000, 889, 3, 0, 425
1762384935, meta, 3000, 2714, 3, 0, 462
1762384938, meta, 3000, 2714, 3, 0, 427
1762384938, meta, 10000, 9975, 11, 0, 1042
1762384941, meta, 10000, 9975, 11, 0, 1228
1762384943, meta, 30000, 30796, 282, 0, 6508
1762384951, meta, 30000, 30796, 35, 0, 2587
1762384954, meta, 100000, 105902, 12, 0, 9332
1762384965, meta, 100000, 105902, 13, 0, 9063
1762388694, meta, 10, 28, 2, 0, 310
1762388697, meta, 10, 28, 2, 0, 312
1762388697, meta, 100, 28, 2, 0, 308
1762388699, meta, 100, 28, 2, 0, 317
1762388700, meta, 1000, 889, 2, 0, 365
1762388702, meta, 1000, 889, 3, 0, 350
1762388702, meta, 3000, 2714, 3, 0, 472
1762388705, meta, 3000, 2714, 3, 0, 1013
1762388706, meta, 10000, 9975, 11, 0, 1139
1762388709, meta, 10000, 9975, 11, 0, 984
1762388710, meta, 30000, 0, 0, 0, 58843
1762388771, meta, 30000, 30796, 11, 0, 2289
1762388773, meta, 100000, 105902, 12, 0, 9235
1762388784, meta, 100000, 105902, 8, 0, 2323
1762392523, meta, 10, 28, 2, 0, 353
1762392526, meta, 10, 28, 2, 0, 417
1762392526, meta, 100, 28, 2, 0, 338
1762392528, meta, 100, 28, 2, 0, 886
1762392529, meta, 1000, 889, 3, 0, 434
1762392532, meta, 1000, 889, 3, 0, 401
1762392532, meta, 3000, 2714, 3, 0, 432
1762392534, meta, 3000, 2714, 3, 0, 444
1762392535, meta, 10000, 9975, 11, 0, 973
1762392538, meta, 10000, 9975, 11, 0, 952
1762392539, meta, 30000, 30796, 89, 0, 3403
1762392544, meta, 30000, 30796, 208, 0, 4919
1762392549, meta, 100000, 105902, 322, 0, 14615
1762392566, meta, 100000, 105902, 433, 0, 15646
1762396295, meta, 10, 28, 2, 0, 689
1762396297, meta, 10, 28, 2, 0, 372
1762396298, meta, 100, 28, 2, 0, 298
1762396300, meta, 100, 28, 2, 0, 312
1762396300, meta, 1000, 889, 2, 0, 347
1762396303, meta, 1000, 889, 2, 0, 972
1762396304, meta, 3000, 2714, 3, 0, 938
1762396306, meta, 3000, 2714, 3, 0, 398
1762396307, meta, 10000, 9975, 3, 0, 881
1762396310, meta, 10000, 9975, 11, 0, 667
1762396310, meta, 30000, 30796, 11, 0, 2364
1762396315, meta, 30000, 30796, 12, 0, 1014
1762396316, meta, 100000, 105902, 13, 0, 9133
1762396327, meta, 100000, 105902, 355, 0, 14656
1762400068, meta, 10, 28, 2, 0, 331
1762400071, meta, 10, 28, 2, 0, 347
1762400071, meta, 100, 28, 2, 0, 349
1762400073, meta, 100, 28, 2, 0, 287
1762400074, meta, 1000, 889, 3, 0, 413
1762400076, meta, 1000, 889, 3, 0, 426
1762400077, meta, 3000, 2714, 3, 0, 1039
1762400080, meta, 3000, 2714, 3, 0, 463
1762400080, meta, 10000, 9976, 3, 0, 943
1762400083, meta, 10000, 9976, 3, 0, 902
1762400084, meta, 30000, 30796, 12, 0, 2422
1762400088, meta, 30000, 30796, 11, 0, 916
1762400089, meta, 100000, 105903, 13, 0, 9289
1762400101, meta, 100000, 105903, 640, 0, 19604
1762403831, meta, 10, 28, 2, 0, 954
1762403834, meta, 10, 28, 2, 0, 369
1762403834, meta, 100, 28, 2, 0, 335
1762403836, meta, 100, 28, 2, 0, 253
1762403837, meta, 1000, 889, 3, 0, 344
1762403839, meta, 1000, 889, 3, 0, 373
1762403839, meta, 3000, 2714, 3, 0, 490
1762403842, meta, 3000, 2714, 3, 0, 425
1762403842, meta, 10000, 9975, 12, 0, 886
1762403845, meta, 10000, 9975, 3, 0, 1140
1762403846, meta, 30000, 30796, 10, 0, 2251
1762403851, meta, 30000, 30796, 11, 0, 2226
1762403853, meta, 100000, 105902, 44, 0, 9667
1762403864, meta, 100000, 105902, 11, 0, 1978
1762407587, meta, 10, 28, 2, 0, 404
1762407589, meta, 10, 28, 2, 0, 355
1762407590, meta, 100, 28, 2, 0, 362
1762407592, meta, 100, 28, 2, 0, 347
1762407592, meta, 1000, 889, 3, 0, 350
1762407595, meta, 1000, 889, 3, 0, 513
1762407595, meta, 3000, 2714, 3, 0, 450
1762407598, meta, 3000, 2714, 3, 0, 454
1762407598, meta, 10000, 9975, 11, 0, 987
1762407601, meta, 10000, 9975, 3, 0, 599
1762407602, meta, 30000, 30796, 11, 0, 2270
1762407606, meta, 30000, 30796, 11, 0, 997
1762407607, meta, 100000, 105902, 11, 0, 9135
1762407618, meta, 100000, 105902, 364, 0, 8401
1762411328, meta, 10, 28, 2, 0, 352
1762411331, meta, 10, 28, 2, 0, 326
1762411331, meta, 100, 28, 2, 0, 327
1762411333, meta, 100, 28, 2, 0, 932
1762411334, meta, 1000, 889, 3, 0, 971
1762411337, meta, 1000, 889, 3, 0, 367
1762411338, meta, 3000, 2715, 3, 0, 444
1762411340, meta, 3000, 2715, 3, 0, 454
1762411341, meta, 10000, 9976, 11, 0, 978
1762411343, meta, 10000, 9976, 11, 0, 643
1762411344, meta, 30000, 30797, 77, 0, 3039
1762411349, meta, 30000, 30797, 12, 0, 2237
1762411351, meta, 100000, 105903, 9, 0, 9193
1762411363, meta, 100000, 105903, 13, 0, 2497
1762415110, meta, 10, 28, 2, 0, 411
1762415113, meta, 10, 28, 2, 0, 356
1762415113, meta, 100, 28, 2, 0, 365
1762415116, meta, 100, 28, 2, 0, 354
1762415116, meta, 1000, 889, 3, 0, 384
1762415118, meta, 1000, 889, 2, 0, 408
1762415119, meta, 3000, 2714, 3, 0, 493
1762415121, meta, 3000, 2714, 3, 0, 1052
1762415122, meta, 10000, 9975, 11, 0, 1618
1762415126, meta, 10000, 9975, 11, 0, 1037
1762415127, meta, 30000, 30796, 67, 0, 3185
1762415132, meta, 30000, 30796, 25, 0, 1215
1762415133, meta, 100000, 105903, 507, 0, 17212
1762415153, meta, 100000, 105903, 10, 0, 8825
1762418920, meta, 10, 28, 2, 0, 326
1762418922, meta, 10, 28, 2, 0, 362
1762418923, meta, 100, 28, 2, 0, 361
1762418925, meta, 100, 28, 2, 0, 339
1762418926, meta, 1000, 889, 2, 0, 401
1762418928, meta, 1000, 889, 2, 0, 379
1762418928, meta, 3000, 2714, 3, 0, 1118
1762418931, meta, 3000, 2714, 2, 0, 543
1762418932, meta, 10000, 9975, 11, 0, 1087
1762418935, meta, 10000, 9975, 11, 0, 980
1762418936, meta, 30000, 30796, 10, 0, 2331
1762418940, meta, 30000, 30796, 8, 0, 992
1762418941, meta, 100000, 105901, 393, 0, 17366
1762418961, meta, 100000, 105901, 10, 0, 9150
1762422681, meta, 10, 28, 2, 0, 373
1762422683, meta, 10, 28, 2, 0, 350
1762422684, meta, 100, 28, 2, 0, 324
1762422686, meta, 100, 28, 2, 0, 350
1762422686, meta, 1000, 889, 3, 0, 373
1762422689, meta, 1000, 889, 3, 0, 374
1762422689, meta, 3000, 2714, 2, 0, 448
1762422692, meta, 3000, 2714, 2, 0, 403
1762422692, meta, 10000, 9975, 11, 0, 951
1762422695, meta, 10000, 9975, 3, 0, 892
1762422696, meta, 30000, 30796, 10, 0, 2836
1762422701, meta, 30000, 30796, 74, 0, 1802
1762422702, meta, 100000, 105901, 9, 0, 9223
1762422714, meta, 100000, 105901, 9, 0, 9768
1762426429, meta, 10, 28, 2, 0, 270
1762426431, meta, 10, 28, 2, 0, 249
1762426432, meta, 100, 28, 2, 0, 288
1762426434, meta, 100, 28, 2, 0, 482
1762426434, meta, 1000, 889, 2, 0, 312
1762426437, meta, 1000, 889, 2, 0, 321
1762426437, meta, 3000, 2714, 3, 0, 386
1762426439, meta, 3000, 2714, 3, 0, 374
1762426440, meta, 10000, 9975, 11, 0, 887
1762426443, meta, 10000, 9975, 11, 0, 982
1762426444, meta, 30000, 30796, 10, 0, 2501
1762426448, meta, 30000, 30796, 12, 0, 858
1762426449, meta, 100000, 105902, 11, 0, 9037
1762426460, meta, 100000, 105902, 23, 0, 2317
1762430172, meta, 10, 28, 2, 0, 437
1762430174, meta, 10, 28, 2, 0, 343
1762430175, meta, 100, 28, 2, 0, 326
1762430177, meta, 100, 28, 2, 0, 359
1762430177, meta, 1000, 889, 3, 0, 380
1762430180, meta, 1000, 889, 3, 0, 381
1762430180, meta, 3000, 2714, 3, 0, 1052
1762430183, meta, 3000, 2714, 3, 0, 401
1762430184, meta, 10000, 9975, 11, 0, 984
1762430187, meta, 10000, 9975, 11, 0, 963
1762430188, meta, 30000, 30796, 10, 0, 2187
1762430192, meta, 30000, 30796, 92, 0, 3394
1762430195, meta, 100000, 105902, 10, 0, 9096
1762430206, meta, 100000, 105902, 9, 0, 9428
1762433931, meta, 10, 28, 2, 0, 373
1762433934, meta, 10, 28, 2, 0, 347
1762433934, meta, 100, 28, 2, 0, 338
1762433937, meta, 100, 28, 2, 0, 348
1762433937, meta, 1000, 889, 3, 0, 385
1762433939, meta, 1000, 889, 3, 0, 364
1762433940, meta, 3000, 2715, 3, 0, 457
1762433942, meta, 3000, 2715, 3, 0, 1041
1762433943, meta, 10000, 9975, 3, 0, 864
1762433946, meta, 10000, 9975, 11, 0, 623
1762433947, meta, 30000, 30796, 22, 0, 2546
1762433951, meta, 30000, 30796, 66, 0, 1818
1762433953, meta, 100000, 105903, 436, 0, 16092
1762433971, meta, 100000, 105903, 9, 0, 2452
1762437677, meta, 10, 28, 2, 0, 370
1762437679, meta, 10, 28, 2, 0, 386
1762437680, meta, 100, 28, 2, 0, 360
1762437682, meta, 100, 28, 2, 0, 327
1762437682, meta, 1000, 889, 3, 0, 360
1762437685, meta, 1000, 889, 3, 0, 358
1762437685, meta, 3000, 2714, 3, 0, 489
1762437688, meta, 3000, 2714, 3, 0, 417
1762437688, meta, 10000, 9975, 11, 0, 952
1762437691, meta, 10000, 9975, 11, 0, 976
1762437692, meta, 30000, 30796, 11, 0, 4801
1762437699, meta, 30000, 30796, 73, 0, 3069
1762437702, meta, 100000, 105904, 9, 0, 9323
1762437713, meta, 100000, 105904, 11, 0, 2359
1762441421, meta, 10, 28, 2, 0, 409
1762441423, meta, 10, 28, 2, 0, 310
1762441424, meta, 100, 28, 2, 0, 265
1762441426, meta, 100, 28, 2, 0, 320
1762441426, meta, 1000, 889, 3, 0, 443
1762441429, meta, 1000, 889, 3, 0, 377
1762441429, meta, 3000, 2714, 3, 0, 480
1762441431, meta, 3000, 2714, 3, 0, 354
1762441432, meta, 10000, 9975, 11, 0, 913
1762441435, meta, 10000, 9975, 3, 0, 824
1762441436, meta, 30000, 30796, 12, 0, 2199
1762441440, meta, 30000, 30796, 12, 0, 2263
1762441442, meta, 100000, 105903, 11, 0, 9139
1762441453, meta, 100000, 105903, 13, 0, 12652
1762445232, meta, 10, 28, 2, 0, 364
1762445234, meta, 10, 28, 2, 0, 336
1762445235, meta, 100, 28, 2, 0, 395
1762445237, meta, 100, 28, 2, 0, 340
1762445237, meta, 1000, 889, 3, 0, 422
1762445240, meta, 1000, 889, 3, 0, 366
1762445240, meta, 3000, 2714, 3, 0, 473
1762445243, meta, 3000, 2714, 3, 0, 394
1762445243, meta, 10000, 9975, 11, 0, 903
1762445246, meta, 10000, 9975, 11, 0, 1223
1762445247, meta, 30000, 30796, 12, 0, 2247
1762445251, meta, 30000, 30796, 14, 0, 1089
1762445252, meta, 100000, 105903, 11, 0, 9145
1762445264, meta, 100000, 105903, 13, 0, 9351
1762448979, meta, 10, 28, 2, 0, 673
1762448982, meta, 10, 28, 2, 0, 313
1762448982, meta, 100, 28, 2, 0, 354
1762448985, meta, 100, 28, 2, 0, 280
1762448985, meta, 1000, 889, 3, 0, 312
1762448987, meta, 1000, 889, 3, 0, 433
1762448988, meta, 3000, 2714, 3, 0, 4371
1762448994, meta, 3000, 2714, 3, 0, 421
1762448995, meta, 10000, 9977, 11, 0, 1060
1762448998, meta, 10000, 9977, 11, 0, 971
1762448999, meta, 30000, 30796, 12, 0, 2254
1762449003, meta, 30000, 30796, 10, 0, 895
1762449004, meta, 100000, 105902, 9, 0, 9517
1762449015, meta, 100000, 105902, 52, 0, 3135
1762452729, meta, 10, 28, 2, 0, 272
1762452732, meta, 10, 28, 2, 0, 317
1762452732, meta, 100, 28, 2, 0, 337
1762452734, meta, 100, 28, 2, 0, 263
1762452735, meta, 1000, 889, 3, 0, 295
1762452737, meta, 1000, 889, 3, 0, 331
1762452737, meta, 3000, 2714, 3, 0, 401
1762452740, meta, 3000, 2714, 3, 0, 5384
1762452745, meta, 10000, 9975, 11, 0, 1093
1762452748, meta, 10000, 9975, 12, 0, 657
1762452749, meta, 30000, 30796, 12, 0, 3431
1762452754, meta, 30000, 30796, 80, 0, 1991
1762452756, meta, 100000, 105901, 9, 0, 9029
1762452767, meta, 100000, 105901, 10, 0, 9961
1762456542, meta, 10, 28, 2, 0, 286
1762456544, meta, 10, 28, 2, 0, 403
1762456544, meta, 100, 28, 2, 0, 326
1762456547, meta, 100, 28, 2, 0, 326
1762456547, meta, 1000, 889, 3, 0, 412
1762456549, meta, 1000, 889, 2, 0, 419
1762456550, meta, 3000, 2714, 3, 0, 4019
1762456556, meta, 3000, 2714, 3, 0, 431
1762456556, meta, 10000, 9975, 3, 0, 910
1762456559, meta, 10000, 9975, 11, 0, 648
1762456560, meta, 30000, 30796, 11, 0, 2269
1762456564, meta, 30000, 30796, 111, 0, 2351
1762456566, meta, 100000, 105902, 9, 0, 8871
1762456577, meta, 100000, 105902, 52, 0, 2718
1762460331, meta, 10, 28, 2, 0, 410
1762460333, meta, 10, 28, 2, 0, 284
1762460334, meta, 100, 28, 2, 0, 514
1762460336, meta, 100, 28, 2, 0, 256
1762460337, meta, 1000, 889, 3, 0, 448
1762460339, meta, 1000, 889, 3, 0, 458
1762460339, meta, 3000, 2714, 3, 0, 370
1762460342, meta, 3000, 2714, 3, 0, 477
1762460342, meta, 10000, 9975, 11, 0, 1068
1762460345, meta, 10000, 9975, 11, 0, 898
1762460346, meta, 30000, 30796, 11, 0, 2335
1762460351, meta, 30000, 30796, 11, 0, 1086
1762460352, meta, 100000, 105902, 11, 0, 9591
1762460363, meta, 100000, 105902, 13, 0, 9371
1762464076, meta, 10, 28, 2, 0, 872
1762464079, meta, 10, 28, 2, 0, 824
1762464080, meta, 100, 28, 2, 0, 273
1762464082, meta, 100, 28, 2, 0, 271
1762464082, meta, 1000, 889, 2, 0, 363
1762464085, meta, 1000, 889, 2, 0, 308
1762464085, meta, 3000, 2714, 3, 0, 374
1762464087, meta, 3000, 2714, 3, 0, 953
1762464088, meta, 10000, 9976, 11, 0, 1590
1762464092, meta, 10000, 9976, 11, 0, 1209
1762464093, meta, 30000, 30796, 11, 0, 2503
1762464098, meta, 30000, 30796, 60, 0, 3973
1762464102, meta, 100000, 105903, 11, 0, 9119
1762464113, meta, 100000, 105903, 11, 0, 13620
1762467888, meta, 10, 28, 2, 0, 2956
1762467893, meta, 10, 28, 2, 0, 1095
1762467894, meta, 100, 28, 2, 0, 331
1762467896, meta, 100, 28, 2, 0, 274
1762467896, meta, 1000, 889, 3, 0, 309
1762467899, meta, 1000, 889, 3, 0, 1101
1762467900, meta, 3000, 2714, 3, 0, 955
1762467903, meta, 3000, 2714, 3, 0, 416
1762467903, meta, 10000, 9975, 11, 0, 884
1762467906, meta, 10000, 9975, 11, 0, 892
1762467907, meta, 30000, 30797, 12, 0, 3909
1762467913, meta, 30000, 30797, 20, 0, 7337
1762467920, meta, 100000, 105903, 11, 0, 9808
1762467932, meta, 100000, 105903, 14, 0, 2042
1762471641, meta, 10, 28, 2, 0, 319
1762471643, meta, 10, 28, 2, 0, 320
1762471644, meta, 100, 28, 2, 0, 362
1762471646, meta, 100, 28, 2, 0, 378
1762471646, meta, 1000, 889, 3, 0, 371
1762471649, meta, 1000, 889, 3, 0, 537
1762471649, meta, 3000, 2714, 3, 0, 460
1762471652, meta, 3000, 2714, 3, 0, 497
1762471652, meta, 10000, 9976, 11, 0, 994
1762471655, meta, 10000, 9976, 11, 0, 768
1762471656, meta, 30000, 30796, 12, 0, 4988
1762471663, meta, 30000, 30796, 12, 0, 1015
1762471664, meta, 100000, 105902, 9, 0, 9711
1762471676, meta, 100000, 105902, 11, 0, 2042
1762475395, meta, 10, 28, 2, 0, 323
1762475397, meta, 10, 28, 2, 0, 354
1762475397, meta, 100, 28, 2, 0, 340
1762475400, meta, 100, 28, 2, 0, 388
1762475400, meta, 1000, 889, 3, 0, 406
1762475403, meta, 1000, 889, 3, 0, 351
1762475403, meta, 3000, 2715, 3, 0, 453
1762475405, meta, 3000, 2715, 3, 0, 415
1762475406, meta, 10000, 9975, 11, 0, 1042
1762475409, meta, 10000, 9975, 11, 0, 991
1762475410, meta, 30000, 30796, 70, 0, 3306
1762475415, meta, 30000, 30796, 11, 0, 957
1762475416, meta, 100000, 105903, 9, 0, 9244
1762475427, meta, 100000, 105903, 13, 0, 2161
1762479136, meta, 10, 28, 2, 0, 325
1762479139, meta, 10, 28, 2, 0, 327
1762479139, meta, 100, 28, 2, 0, 387
1762479141, meta, 100, 28, 2, 0, 428
1762479142, meta, 1000, 889, 2, 0, 338
1762479144, meta, 1000, 889, 2, 0, 478
1762479145, meta, 3000, 2714, 3, 0, 490
1762479147, meta, 3000, 2714, 3, 0, 468
1762479148, meta, 10000, 9975, 11, 0, 1036
1762479151, meta, 10000, 9975, 11, 0, 617
1762479151, meta, 30000, 30796, 28, 0, 2559
1762479156, meta, 30000, 30796, 10, 0, 2234
1762479158, meta, 100000, 0, 0, 0, 66181
1762479226, meta, 100000, 105903, 331, 0, 15485
1762482939, meta, 10, 28, 2, 0, 351
1762482942, meta, 10, 28, 2, 0, 340
1762482942, meta, 100, 28, 2, 0, 967
1762482945, meta, 100, 28, 2, 0, 415
1762482945, meta, 1000, 889, 3, 0, 365
1762482948, meta, 1000, 889, 3, 0, 378
1762482948, meta, 3000, 2714, 3, 0, 472
1762482951, meta, 3000, 2714, 3, 0, 482
1762482951, meta, 10000, 9975, 11, 0, 1005
1762482954, meta, 10000, 9975, 11, 0, 960
1762482955, meta, 30000, 30796, 13, 0, 2314
1762482959, meta, 30000, 30796, 12, 0, 957
1762482960, meta, 100000, 105902, 546, 0, 17465
1762482980, meta, 100000, 105902, 53, 0, 2699
1762486683, meta, 10, 28, 2, 0, 304
1762486686, meta, 10, 28, 2, 0, 336
1762486686, meta, 100, 28, 2, 0, 329
1762486688, meta, 100, 28, 2, 0, 351
1762486689, meta, 1000, 889, 3, 0, 333
1762486691, meta, 1000, 889, 3, 0, 407
1762486691, meta, 3000, 2714, 3, 0, 475
1762486694, meta, 3000, 2714, 3, 0, 538
1762486694, meta, 10000, 9975, 11, 0, 978
1762486697, meta, 10000, 9975, 11, 0, 1595
1762486699, meta, 30000, 30796, 10, 0, 2276
1762486703, meta, 30000, 30796, 464, 0, 6656
1762486710, meta, 100000, 105902, 9, 0, 9425
1762486721, meta, 100000, 105902, 9, 0, 2351
1762490504, meta, 10, 28, 2, 0, 394
1762490506, meta, 10, 28, 2, 0, 335
1762490507, meta, 100, 28, 2, 0, 342
1762490509, meta, 100, 28, 2, 0, 312
1762490509, meta, 1000, 889, 3, 0, 418
1762490512, meta, 1000, 889, 3, 0, 361
1762490512, meta, 3000, 2714, 3, 0, 453
1762490515, meta, 3000, 2714, 3, 0, 427
1762490515, meta, 10000, 9975, 11, 0, 996
1762490518, meta, 10000, 9975, 11, 0, 709
1762490519, meta, 30000, 30796, 67, 0, 3054
1762490524, meta, 30000, 30796, 13, 0, 1095
1762490525, meta, 100000, 105902, 504, 0, 16652
1762490544, meta, 100000, 105902, 10, 0, 9202
1762494261, meta, 10, 28, 2, 0, 403
1762494263, meta, 10, 28, 2, 0, 5290
1762494269, meta, 100, 28, 2, 0, 350
1762494271, meta, 100, 28, 2, 0, 347
1762494271, meta, 1000, 890, 2, 0, 419
1762494274, meta, 1000, 890, 3, 0, 360
1762494274, meta, 3000, 2714, 3, 0, 477
1762494276, meta, 3000, 2714, 2, 0, 433
1762494277, meta, 10000, 9975, 11, 0, 954
1762494280, meta, 10000, 9975, 11, 0, 667
1762494281, meta, 30000, 30796, 234, 0, 5403
1762494288, meta, 30000, 30796, 11, 0, 994
1762494289, meta, 100000, 105902, 11, 0, 9143
1762494300, meta, 100000, 105902, 9, 0, 9305
1762498020, meta, 10, 28, 2, 0, 327
1762498022, meta, 10, 28, 2, 0, 408
1762498023, meta, 100, 28, 2, 0, 331
1762498025, meta, 100, 28, 2, 0, 983
1762498026, meta, 1000, 889, 3, 0, 283
1762498028, meta, 1000, 889, 3, 0, 367
1762498029, meta, 3000, 2714, 3, 0, 1069
1762498032, meta, 3000, 2714, 3, 0, 383
1762498032, meta, 10000, 9975, 11, 0, 896
1762498035, meta, 10000, 9975, 11, 0, 520
1762498036, meta, 30000, 30796, 218, 0, 5271
1762498043, meta, 30000, 30796, 12, 0, 2231
1762498045, meta, 100000, 105902, 13, 0, 9120
1762498056, meta, 100000, 105902, 10, 0, 2297
1762501774, meta, 10, 28, 2, 0, 337
1762501776, meta, 10, 28, 2, 0, 335
1762501776, meta, 100, 28, 2, 0, 267
1762501779, meta, 100, 28, 2, 0, 414
1762501779, meta, 1000, 889, 3, 0, 324
1762501781, meta, 1000, 889, 3, 0, 328
1762501782, meta, 3000, 2714, 3, 0, 712
1762501784, meta, 3000, 2714, 3, 0, 426
1762501785, meta, 10000, 9975, 11, 0, 979
1762501788, meta, 10000, 9975, 11, 0, 1387
1762501789, meta, 30000, 30796, 40, 0, 2533
1762501794, meta, 30000, 30796, 9, 0, 2348
1762501796, meta, 100000, 105902, 9, 0, 8905
1762501807, meta, 100000, 105902, 413, 0, 16375
1762505590, meta, 10, 28, 2, 0, 269
1762505592, meta, 10, 28, 2, 0, 340
1762505592, meta, 100, 28, 2, 0, 339
1762505594, meta, 100, 28, 2, 0, 364
1762505595, meta, 1000, 890, 2, 0, 282
1762505597, meta, 1000, 890, 2, 0, 366
1762505598, meta, 3000, 2714, 3, 0, 467
1762505600, meta, 3000, 2714, 2, 0, 1038
1762505601, meta, 10000, 9975, 11, 0, 992
1762505604, meta, 10000, 9975, 11, 0, 644
1762505605, meta, 30000, 30796, 12, 0, 2270
1762505609, meta, 30000, 30796, 12, 0, 2275
1762505611, meta, 100000, 105902, 12, 0, 9220
1762505622, meta, 100000, 0, 0, 0, 74357
1762509532, meta, 10, 28, 2, 0, 384
1762509534, meta, 10, 28, 2, 0, 371
1762509535, meta, 100, 28, 2, 0, 347
1762509537, meta, 100, 28, 2, 0, 325
1762509537, meta, 1000, 889, 3, 0, 344
1762509540, meta, 1000, 889, 3, 0, 330
1762509540, meta, 3000, 2714, 3, 0, 471
1762509542, meta, 3000, 2714, 2, 0, 389
1762509543, meta, 10000, 9976, 11, 0, 970
1762509546, meta, 10000, 9976, 11, 0, 603
1762509546, meta, 30000, 30796, 11, 0, 2297
1762509551, meta, 30000, 30796, 19, 0, 1067
1762509552, meta, 100000, 105902, 11, 0, 9285
1762509563, meta, 100000, 105902, 12, 0, 9088
1762513292, meta, 10, 28, 2, 0, 325
1762513294, meta, 10, 28, 2, 0, 411
1762513294, meta, 100, 28, 2, 0, 314
1762513297, meta, 100, 28, 2, 0, 317
1762513297, meta, 1000, 889, 3, 0, 337
1762513299, meta, 1000, 889, 3, 0, 997
1762513300, meta, 3000, 2714, 3, 0, 462
1762513303, meta, 3000, 2714, 3, 0, 395
1762513303, meta, 10000, 9975, 11, 0, 906
1762513306, meta, 10000, 9975, 11, 0, 937
1762513307, meta, 30000, 30796, 14, 0, 2414
1762513311, meta, 30000, 30796, 19, 0, 2432
1762513314, meta, 100000, 105901, 11, 0, 9179
1762513325, meta, 100000, 105901, 13, 0, 2020
1762517050, meta, 10, 28, 2, 0, 336
1762517052, meta, 10, 28, 2, 0, 316
1762517053, meta, 100, 28, 2, 0, 264
1762517055, meta, 100, 28, 2, 0, 254
1762517055, meta, 1000, 889, 3, 0, 290
1762517057, meta, 1000, 889, 3, 0, 298
1762517058, meta, 3000, 2714, 3, 0, 372
1762517060, meta, 3000, 2714, 3, 0, 358
1762517060, meta, 10000, 9975, 11, 0, 897
1762517063, meta, 10000, 9975, 11, 0, 1161
1762517064, meta, 30000, 30796, 68, 0, 3958
1762517070, meta, 30000, 30796, 11, 0, 2192
1762517073, meta, 100000, 105902, 9, 0, 9136
1762517084, meta, 100000, 105902, 13, 0, 2382
1762520790, meta, 10, 28, 2, 0, 302
1762520793, meta, 10, 28, 2, 0, 432
1762520793, meta, 100, 28, 2, 0, 270
1762520795, meta, 100, 28, 2, 0, 819
1762520796, meta, 1000, 889, 3, 0, 1125
1762520799, meta, 1000, 889, 3, 0, 293
1762520800, meta, 3000, 2714, 3, 0, 1108
1762520803, meta, 3000, 2714, 3, 0, 405
1762520803, meta, 10000, 9975, 11, 0, 969
1762520806, meta, 10000, 9975, 11, 0, 961
1762520807, meta, 30000, 30796, 103, 0, 3474
1762520812, meta, 30000, 30796, 66, 0, 1645
1762520814, meta, 100000, 105902, 437, 0, 17914
1762520834, meta, 100000, 105902, 11, 0, 8985
1762524566, meta, 10, 28, 2, 0, 245
1762524568, meta, 10, 28, 2, 0, 371
1762524569, meta, 100, 28, 2, 0, 306
1762524571, meta, 100, 28, 2, 0, 280
1762524571, meta, 1000, 889, 3, 0, 284
1762524573, meta, 1000, 889, 3, 0, 334
1762524574, meta, 3000, 2714, 3, 0, 568
1762524576, meta, 3000, 2714, 3, 0, 363
1762524577, meta, 10000, 9975, 11, 0, 1060
1762524580, meta, 10000, 9975, 11, 0, 903
1762524581, meta, 30000, 30796, 13, 0, 2351
1762524585, meta, 30000, 30796, 12, 0, 2977
1762524588, meta, 100000, 105903, 10, 0, 9409
1762524599, meta, 100000, 105903, 13, 0, 9438
1762528315, meta, 10, 28, 2, 0, 276
1762528317, meta, 10, 28, 2, 0, 6871
1762528324, meta, 100, 28, 2, 0, 1687
1762528328, meta, 100, 28, 2, 0, 808
1762528329, meta, 1000, 889, 2, 0, 309
1762528331, meta, 1000, 889, 2, 0, 712
1762528332, meta, 3000, 2714, 3, 0, 415
1762528334, meta, 3000, 2714, 3, 0, 2012
1762528336, meta, 10000, 9975, 11, 0, 1394
1762528339, meta, 10000, 9975, 11, 0, 1292
1762528341, meta, 30000, 30796, 11, 0, 3270
1762528346, meta, 30000, 30796, 62, 0, 3493
1762528349, meta, 100000, 105902, 11, 0, 10329
1762528362, meta, 100000, 105902, 10, 0, 12265
1762532088, meta, 10, 28, 2, 0, 515
1762532091, meta, 10, 28, 2, 0, 338
1762532091, meta, 100, 28, 2, 0, 312
1762532093, meta, 100, 28, 2, 0, 336
1762532094, meta, 1000, 889, 3, 0, 336
1762532096, meta, 1000, 889, 3, 0, 363
1762532096, meta, 3000, 2714, 3, 0, 470
1762532099, meta, 3000, 2714, 3, 0, 400
1762532099, meta, 10000, 9975, 11, 0, 958
1762532102, meta, 10000, 9975, 11, 0, 1010
1762532103, meta, 30000, 30796, 11, 0, 2172
1762532107, meta, 30000, 30796, 10, 0, 956
1762532108, meta, 100000, 105901, 12, 0, 13985
1762532124, meta, 100000, 0, 0, 0, 76755
1762535901, meta, 10, 28, 2, 0, 307
1762535904, meta, 10, 28, 2, 0, 328
1762535904, meta, 100, 28, 2, 0, 327
1762535906, meta, 100, 28, 2, 0, 338
1762535907, meta, 1000, 889, 3, 0, 351
1762535909, meta, 1000, 889, 3, 0, 335
1762535909, meta, 3000, 2714, 3, 0, 409
1762535912, meta, 3000, 2714, 3, 0, 366
1762535912, meta, 10000, 9975, 11, 0, 858
1762535915, meta, 10000, 9975, 11, 0, 5297
1762535920, meta, 30000, 30796, 14, 0, 2313
1762535924, meta, 30000, 30796, 11, 0, 2277
1762535927, meta, 100000, 105902, 371, 0, 15778
1762535945, meta, 100000, 105902, 9, 0, 9759
1762539677, meta, 10, 28, 2, 0, 295
1762539679, meta, 10, 28, 2, 0, 269
1762539679, meta, 100, 28, 2, 0, 323
1762539682, meta, 100, 28, 2, 0, 263
1762539682, meta, 1000, 889, 3, 0, 291
1762539684, meta, 1000, 889, 2, 0, 314
1762539684, meta, 3000, 2714, 3, 0, 385
1762539687, meta, 3000, 2714, 3, 0, 341
1762539687, meta, 10000, 9975, 11, 0, 919
1762539690, meta, 10000, 9975, 11, 0, 603
1762539691, meta, 30000, 30796, 58, 0, 2845
1762539696, meta, 30000, 30796, 56, 0, 1554
1762539697, meta, 100000, 105902, 9, 0, 9334
1762539708, meta, 100000, 105902, 12, 0, 9137
1762543498, meta, 10, 28, 2, 0, 384
1762543500, meta, 10, 28, 2, 0, 453
1762543501, meta, 100, 27, 2, 0, 264
1762543503, meta, 100, 27, 2, 0, 260
1762543503, meta, 1000, 890, 3, 0, 882
1762543506, meta, 1000, 890, 3, 0, 270
1762543506, meta, 3000, 2714, 3, 0, 385
1762543509, meta, 3000, 2714, 3, 0, 773
1762543509, meta, 10000, 9975, 12, 0, 1229
1762543513, meta, 10000, 9975, 11, 0, 528
1762543513, meta, 30000, 30796, 11, 0, 2676
1762543518, meta, 30000, 30796, 11, 0, 1226
1762543519, meta, 100000, 0, 0, 0, 62104
1762543583, meta, 100000, 105902, 10, 0, 2425
1762547348, meta, 10, 28, 2, 0, 267
1762547350, meta, 10, 28, 2, 0, 842
1762547351, meta, 100, 28, 2, 0, 490
1762547353, meta, 100, 28, 2, 0, 821
1762547354, meta, 1000, 889, 3, 0, 808
1762547357, meta, 1000, 889, 3, 0, 706
1762547358, meta, 3000, 2715, 3, 0, 984
1762547361, meta, 3000, 2715, 3, 0, 390
1762547361, meta, 10000, 9976, 11, 0, 1087
1762547364, meta, 10000, 9976, 11, 0, 1053
1762547365, meta, 30000, 30796, 11, 0, 2188
1762547369, meta, 30000, 30796, 11, 0, 2623
1762547372, meta, 100000, 105902, 13, 0, 9687
1762547384, meta, 100000, 105902, 9, 0, 13220
1762551103, meta, 10, 28, 2, 0, 342
1762551106, meta, 10, 28, 2, 0, 331
1762551106, meta, 100, 28, 2, 0, 256
1762551108, meta, 100, 28, 2, 0, 284
1762551109, meta, 1000, 889, 3, 0, 300
1762551111, meta, 1000, 889, 3, 0, 289
1762551111, meta, 3000, 2714, 2, 0, 367
1762551114, meta, 3000, 2714, 2, 0, 469
1762551114, meta, 10000, 9975, 11, 0, 898
1762551117, meta, 10000, 9975, 3, 0, 456
1762551117, meta, 30000, 30796, 12, 0, 2288
1762551122, meta, 30000, 30796, 70, 0, 1698
1762551123, meta, 100000, 105902, 12, 0, 9077
1762551134, meta, 100000, 0, 0, 0, 55690
1762554894, meta, 10, 28, 2, 0, 323
1762554896, meta, 10, 28, 2, 0, 444
1762554897, meta, 100, 28, 2, 0, 388
1762554899, meta, 100, 28, 2, 0, 330
1762554900, meta, 1000, 890, 3, 0, 415
1762554902, meta, 1000, 890, 3, 0, 393
1762554902, meta, 3000, 2715, 3, 0, 519
1762554905, meta, 3000, 2715, 3, 0, 462
1762554905, meta, 10000, 9975, 11, 0, 964
1762554908, meta, 10000, 9975, 11, 0, 1045
1762554909, meta, 30000, 30796, 10, 0, 2274
1762554914, meta, 30000, 30796, 12, 0, 7197
1762554921, meta, 100000, 105902, 494, 0, 17314
1762554940, meta, 100000, 105902, 408, 0, 15538
1762558704, meta, 10, 28, 2, 0, 394
1762558707, meta, 10, 28, 2, 0, 364
1762558707, meta, 100, 28, 2, 0, 375
1762558709, meta, 100, 28, 2, 0, 318
1762558710, meta, 1000, 889, 2, 0, 382
1762558712, meta, 1000, 889, 2, 0, 346
1762558712, meta, 3000, 2714, 3, 0, 438
1762558715, meta, 3000, 2714, 3, 0, 421
1762558715, meta, 10000, 9976, 11, 0, 951
1762558718, meta, 10000, 9976, 12, 0, 953
1762558719, meta, 30000, 30796, 57, 0, 2960
1762558724, meta, 30000, 30796, 11, 0, 2889
1762558727, meta, 100000, 105902, 370, 0, 14967
1762558744, meta, 100000, 105902, 12, 0, 9074
1762562529, meta, 10, 28, 2, 0, 403
1762562531, meta, 10, 28, 2, 0, 339
1762562531, meta, 100, 28, 2, 0, 416
1762562534, meta, 100, 28, 2, 0, 327
1762562534, meta, 1000, 889, 2, 0, 372
1762562537, meta, 1000, 889, 3, 0, 426
1762562537, meta, 3000, 2714, 3, 0, 460
1762562539, meta, 3000, 2714, 3, 0, 464
1762562540, meta, 10000, 9975, 2, 0, 849
1762562543, meta, 10000, 9975, 11, 0, 525
1762562543, meta, 30000, 30796, 12, 0, 2427
1762562548, meta, 30000, 30796, 11, 0, 2206
1762562550, meta, 100000, 105903, 9, 0, 9158
1762562561, meta, 100000, 105903, 324, 0, 14523
1762566299, meta, 10, 28, 2, 0, 870
1762566302, meta, 10, 28, 2, 0, 306
1762566303, meta, 100, 28, 2, 0, 318
1762566305, meta, 100, 28, 2, 0, 383
1762566305, meta, 1000, 889, 2, 0, 349
1762566308, meta, 1000, 889, 2, 0, 354
1762566308, meta, 3000, 2714, 3, 0, 430
1762566310, meta, 3000, 2714, 3, 0, 383
1762566311, meta, 10000, 9975, 11, 0, 974
1762566314, meta, 10000, 9975, 11, 0, 574
1762566314, meta, 30000, 30796, 67, 0, 3065
1762566319, meta, 30000, 30796, 459, 0, 7465
1762566327, meta, 100000, 105901, 424, 0, 17108
1762566346, meta, 100000, 105901, 11, 0, 9124
1762570131, meta, 10, 28, 2, 0, 365
1762570133, meta, 10, 28, 2, 0, 351
1762570133, meta, 100, 28, 2, 0, 330
1762570136, meta, 100, 28, 2, 0, 966
1762570137, meta, 1000, 889, 3, 0, 378
1762570139, meta, 1000, 889, 2, 0, 366
1762570139, meta, 3000, 2714, 3, 0, 454
1762570142, meta, 3000, 2714, 3, 0, 421
1762570142, meta, 10000, 9975, 11, 0, 985
1762570145, meta, 10000, 9975, 11, 0, 969
1762570146, meta, 30000, 30796, 61, 0, 2958
1762570151, meta, 30000, 30796, 12, 0, 2286
1762570154, meta, 100000, 105903, 11, 0, 12992
1762570169, meta, 100000, 105903, 383, 0, 7895
1762573935, meta, 10, 28, 2, 0, 363
1762573938, meta, 10, 28, 2, 0, 315
1762573938, meta, 100, 28, 2, 0, 333
1762573940, meta, 100, 28, 2, 0, 327
1762573941, meta, 1000, 889, 3, 0, 337
1762573943, meta, 1000, 889, 3, 0, 314
1762573943, meta, 3000, 2714, 3, 0, 452
1762573946, meta, 3000, 2714, 3, 0, 574
1762573946, meta, 10000, 9975, 11, 0, 981
1762573949, meta, 10000, 9975, 12, 0, 679
1762573950, meta, 30000, 30796, 13, 0, 2219
1762573954, meta, 30000, 30796, 10, 0, 1003
1762573955, meta, 100000, 105903, 11, 0, 15729
1762573973, meta, 100000, 105903, 9, 0, 9013
1762577694, meta, 10, 28, 2, 0, 317
1762577696, meta, 10, 28, 2, 0, 297
1762577696, meta, 100, 28, 2, 0, 372
1762577699, meta, 100, 28, 2, 0, 378
1762577699, meta, 1000, 889, 3, 0, 335
1762577702, meta, 1000, 889, 3, 0, 291
1762577702, meta, 3000, 2714, 2, 0, 378
1762577704, meta, 3000, 2714, 3, 0, 426
1762577705, meta, 10000, 9975, 11, 0, 889
1762577708, meta, 10000, 9975, 3, 0, 492
1762577708, meta, 30000, 30796, 11, 0, 2260
1762577712, meta, 30000, 30796, 11, 0, 2817
1762577715, meta, 100000, 105902, 53, 0, 9944
1762577727, meta, 100000, 105902, 9, 0, 2158
1762581463, meta, 10, 28, 2, 0, 263
1762581466, meta, 10, 28, 2, 0, 337
1762581466, meta, 100, 28, 2, 0, 322
1762581468, meta, 100, 28, 2, 0, 288
1762581468, meta, 1000, 889, 3, 0, 334
1762581471, meta, 1000, 889, 3, 0, 335
1762581471, meta, 3000, 2714, 2, 0, 427
1762581474, meta, 3000, 2714, 3, 0, 346
1762581474, meta, 10000, 9975, 11, 0, 889
1762581477, meta, 10000, 9975, 11, 0, 1073
1762581478, meta, 30000, 30797, 11, 0, 2771
1762581483, meta, 30000, 30797, 71, 0, 1755
1762581484, meta, 100000, 105901, 12, 0, 9159
1762581496, meta, 100000, 105901, 9, 0, 9008
1762585215, meta, 10, 28, 2, 0, 259
1762585217, meta, 10, 28, 2, 0, 268
1762585217, meta, 100, 28, 2, 0, 314
1762585220, meta, 100, 28, 2, 0, 273
1762585220, meta, 1000, 889, 3, 0, 387
1762585222, meta, 1000, 889, 3, 0, 299
1762585223, meta, 3000, 2714, 3, 0, 383
1762585225, meta, 3000, 2714, 3, 0, 367
1762585225, meta, 10000, 9975, 11, 0, 880
1762585228, meta, 10000, 9975, 12, 0, 598
1762585229, meta, 30000, 30796, 12, 0, 2175
1762585233, meta, 30000, 30796, 263, 0, 4020
1762585237, meta, 100000, 105902, 275, 0, 13832
1762585253, meta, 100000, 105902, 348, 0, 9111
1762588970, meta, 10, 28, 2, 0, 358
1762588973, meta, 10, 28, 2, 0, 259
1762588973, meta, 100, 28, 2, 0, 273
1762588975, meta, 100, 28, 2, 0, 254
1762588975, meta, 1000, 889, 3, 0, 299
1762588978, meta, 1000, 889, 3, 0, 267
1762588978, meta, 3000, 2714, 3, 0, 419
1762588980, meta, 3000, 2714, 3, 0, 383
1762588981, meta, 10000, 9975, 11, 0, 873
1762588984, meta, 10000, 9975, 3, 0, 501
1762588984, meta, 30000, 30796, 10, 0, 2225
1762588988, meta, 30000, 30796, 12, 0, 2688
1762588991, meta, 100000, 0, 0, 0, 64344
1762589057, meta, 100000, 105904, 9, 0, 1963
1762592764, meta, 10, 28, 2, 0, 267
1762592766, meta, 10, 28, 2, 0, 281
1762592766, meta, 100, 28, 2, 0, 263
1762592768, meta, 100, 28, 2, 0, 252
1762592769, meta, 1000, 889, 3, 0, 263
1762592771, meta, 1000, 889, 2, 0, 335
1762592771, meta, 3000, 2714, 3, 0, 490
1762592774, meta, 3000, 2714, 3, 0, 382
1762592774, meta, 10000, 9976, 11, 0, 890
1762592777, meta, 10000, 9976, 11, 0, 526
1762592778, meta, 30000, 30797, 11, 0, 2180
1762592782, meta, 30000, 30797, 10, 0, 2157
1762592784, meta, 100000, 105902, 10, 0, 8952
1762592795, meta, 100000, 105902, 231, 0, 6124
1762596512, meta, 10, 28, 2, 0, 341
1762596514, meta, 10, 28, 2, 0, 272
1762596514, meta, 100, 28, 2, 0, 261
1762596516, meta, 100, 28, 2, 0, 274
1762596517, meta, 1000, 889, 2, 0, 314
1762596519, meta, 1000, 889, 2, 0, 284
1762596519, meta, 3000, 2714, 3, 0, 373
1762596522, meta, 3000, 2714, 3, 0, 352
1762596522, meta, 10000, 9975, 11, 0, 889
1762596525, meta, 10000, 9975, 11, 0, 6288
1762596531, meta, 30000, 30796, 58, 0, 3135
1762596536, meta, 30000, 30796, 12, 0, 958
1762596537, meta, 100000, 105902, 12, 0, 8986
1762596548, meta, 100000, 105902, 12, 0, 2013
1762600278, meta, 10, 28, 2, 0, 292
1762600281, meta, 10, 28, 2, 0, 284
1762600281, meta, 100, 28, 2, 0, 271
1762600283, meta, 100, 28, 2, 0, 255
1762600283, meta, 1000, 889, 3, 0, 282
1762600286, meta, 1000, 889, 3, 0, 440
1762600286, meta, 3000, 2714, 3, 0, 382
1762600288, meta, 3000, 2714, 3, 0, 372
1762600289, meta, 10000, 9975, 11, 0, 917
1762600292, meta, 10000, 9975, 11, 0, 948
1762600293, meta, 30000, 30796, 11, 0, 2719
1762600297, meta, 30000, 30796, 12, 0, 1542
1762600299, meta, 100000, 105902, 12, 0, 9036
1762600310, meta, 100000, 105902, 12, 0, 8928
1762604098, meta, 10, 28, 2, 0, 287
1762604101, meta, 10, 28, 2, 0, 257
1762604101, meta, 100, 28, 2, 0, 252
1762604103, meta, 100, 28, 2, 0, 283
1762604104, meta, 1000, 889, 2, 0, 299
1762604106, meta, 1000, 889, 2, 0, 281
1762604106, meta, 3000, 2714, 3, 0, 379
1762604109, meta, 3000, 2714, 3, 0, 417
1762604109, meta, 10000, 9975, 11, 0, 909
1762604112, meta, 10000, 9975, 11, 0, 539
1762604112, meta, 30000, 30796, 11, 0, 2208
1762604117, meta, 30000, 30796, 11, 0, 2213
1762604119, meta, 100000, 105901, 9, 0, 9092
1762604130, meta, 100000, 105901, 9, 0, 9031
1762607843, meta, 10, 28, 2, 0, 275
1762607845, meta, 10, 28, 2, 0, 374
1762607846, meta, 100, 28, 2, 0, 273
1762607848, meta, 100, 28, 2, 0, 259
1762607848, meta, 1000, 889, 3, 0, 273
1762607851, meta, 1000, 889, 3, 0, 367
1762607851, meta, 3000, 2714, 3, 0, 460
1762607853, meta, 3000, 2714, 2, 0, 385
1762607854, meta, 10000, 9975, 11, 0, 867
1762607857, meta, 10000, 9975, 11, 0, 1040
1762607858, meta, 30000, 30796, 11, 0, 2270
1762607862, meta, 30000, 30796, 10, 0, 2246
1762607864, meta, 100000, 105902, 9, 0, 8917
1762607875, meta, 100000, 105902, 423, 0, 9124
1762611592, meta, 10, 28, 2, 0, 264
1762611595, meta, 10, 28, 2, 0, 277
1762611595, meta, 100, 28, 2, 0, 265
1762611597, meta, 100, 28, 2, 0, 288
1762611597, meta, 1000, 889, 3, 0, 350
1762611600, meta, 1000, 889, 3, 0, 284
1762611600, meta, 3000, 2714, 3, 0, 382
1762611602, meta, 3000, 2714, 3, 0, 349
1762611603, meta, 10000, 9975, 11, 0, 956
1762611606, meta, 10000, 9975, 2, 0, 447
1762611606, meta, 30000, 30796, 127, 0, 3942
1762611612, meta, 30000, 30796, 28, 0, 2499
1762611615, meta, 100000, 105903, 11, 0, 9926
1762611627, meta, 100000, 105903, 11, 0, 8921
1762615340, meta, 10, 28, 2, 0, 343
1762615342, meta, 10, 28, 2, 0, 865
1762615343, meta, 100, 28, 2, 0, 281
1762615346, meta, 100, 28, 2, 0, 269
1762615346, meta, 1000, 889, 3, 0, 314
1762615348, meta, 1000, 889, 3, 0, 277
1762615348, meta, 3000, 2714, 3, 0, 393
1762615351, meta, 3000, 2714, 3, 0, 373
1762615351, meta, 10000, 9975, 11, 0, 989
1762615354, meta, 10000, 9975, 11, 0, 550
1762615355, meta, 30000, 30796, 11, 0, 2231
1762615359, meta, 30000, 30796, 11, 0, 803
1762615360, meta, 100000, 105902, 13, 0, 9073
1762615371, meta, 100000, 105902, 12, 0, 2197
1762619084, meta, 10, 28, 2, 0, 271
1762619087, meta, 10, 28, 2, 0, 389
1762619087, meta, 100, 28, 2, 0, 312
1762619089, meta, 100, 28, 2, 0, 270
1762619090, meta, 1000, 889, 3, 0, 288
1762619092, meta, 1000, 889, 3, 0, 297
1762619092, meta, 3000, 2714, 3, 0, 433
1762619095, meta, 3000, 2714, 3, 0, 376
1762619095, meta, 10000, 9975, 11, 0, 897
1762619098, meta, 10000, 9975, 11, 0, 528
1762619098, meta, 30000, 30796, 11, 0, 2213
1762619103, meta, 30000, 30796, 55, 0, 2099
1762619105, meta, 100000, 105901, 369, 0, 14924
1762619122, meta, 100000, 105901, 428, 0, 15914
1762622837, meta, 10, 28, 2, 0, 315
1762622839, meta, 10, 28, 2, 0, 267
1762622840, meta, 100, 28, 2, 0, 284
1762622842, meta, 100, 28, 2, 0, 272
1762622842, meta, 1000, 889, 2, 0, 295
1762622845, meta, 1000, 889, 3, 0, 342
1762622845, meta, 3000, 2714, 3, 0, 386
1762622847, meta, 3000, 2714, 3, 0, 365
1762622848, meta, 10000, 9975, 11, 0, 914
1762622851, meta, 10000, 9975, 11, 0, 615
1762622851, meta, 30000, 30796, 43, 0, 2625
1762622856, meta, 30000, 30796, 11, 0, 943
1762622857, meta, 100000, 105902, 9, 0, 12547
1762622871, meta, 100000, 105902, 10, 0, 2340
1762626578, meta, 10, 28, 2, 0, 304
1762626580, meta, 10, 28, 2, 0, 331
1762626581, meta, 100, 28, 2, 0, 303
1762626583, meta, 100, 28, 2, 0, 253
1762626583, meta, 1000, 889, 3, 0, 299
1762626586, meta, 1000, 889, 3, 0, 267
1762626586, meta, 3000, 2714, 3, 0, 380
1762626588, meta, 3000, 2714, 3, 0, 333
1762626588, meta, 10000, 9975, 12, 0, 894
1762626591, meta, 10000, 9975, 11, 0, 564
1762626592, meta, 30000, 30796, 131, 0, 4091
1762626598, meta, 30000, 30796, 51, 0, 1490
1762626600, meta, 100000, 105902, 469, 0, 16716
1762626618, meta, 100000, 105902, 52, 0, 2782
1762630394, meta, 10, 28, 2, 0, 267
1762630396, meta, 10, 28, 2, 0, 250
1762630397, meta, 100, 28, 2, 0, 260
1762630399, meta, 100, 28, 2, 0, 268
1762630399, meta, 1000, 889, 3, 0, 290
1762630402, meta, 1000, 889, 3, 0, 366
1762630402, meta, 3000, 2714, 3, 0, 403
1762630404, meta, 3000, 2714, 3, 0, 384
1762630405, meta, 10000, 9975, 12, 0, 924
1762630408, meta, 10000, 9975, 8, 0, 549
1762630408, meta, 30000, 30797, 64, 0, 2897
1762630413, meta, 30000, 30797, 12, 0, 8124
1762630421, meta, 100000, 105902, 11, 0, 9089
1762630432, meta, 100000, 105902, 11, 0, 1897
1762634140, meta, 10, 28, 2, 0, 318
1762634142, meta, 10, 28, 2, 0, 314
1762634143, meta, 100, 28, 2, 0, 323
1762634145, meta, 100, 28, 2, 0, 849
1762634146, meta, 1000, 889, 2, 0, 373
1762634148, meta, 1000, 889, 2, 0, 906
1762634149, meta, 3000, 2715, 3, 0, 951
1762634152, meta, 3000, 2715, 3, 0, 396
1762634153, meta, 10000, 9975, 11, 0, 994
1762634156, meta, 10000, 9975, 11, 0, 1114
1762634157, meta, 30000, 30797, 12, 0, 2268
1762634161, meta, 30000, 30797, 11, 0, 969
1762634162, meta, 100000, 105902, 13, 0, 9366
1762634173, meta, 100000, 105902, 10, 0, 9048
1762637894, meta, 10, 28, 2, 0, 922
1762637897, meta, 10, 28, 2, 0, 309
1762637898, meta, 100, 28, 2, 0, 295
1762637900, meta, 100, 28, 2, 0, 287
1762637900, meta, 1000, 890, 3, 0, 325
1762637903, meta, 1000, 890, 3, 0, 308
1762637903, meta, 3000, 2715, 3, 0, 407
1762637905, meta, 3000, 2715, 3, 0, 442
1762637906, meta, 10000, 9975, 11, 0, 932
1762637909, meta, 10000, 9975, 11, 0, 630
1762637909, meta, 30000, 30797, 88, 0, 3503
1762637915, meta, 30000, 30797, 96, 0, 3427
1762637918, meta, 100000, 105903, 313, 0, 14861
1762637935, meta, 100000, 105903, 9, 0, 10562
1762641650, meta, 10, 28, 2, 0, 314
1762641652, meta, 10, 28, 2, 0, 312
1762641653, meta, 100, 28, 2, 0, 303
1762641655, meta, 100, 28, 2, 0, 317
1762641655, meta, 1000, 889, 3, 0, 329
1762641658, meta, 1000, 889, 3, 0, 310
1762641658, meta, 3000, 2714, 2, 0, 435
1762641660, meta, 3000, 2714, 2, 0, 410
1762641661, meta, 10000, 9975, 11, 0, 1034
1762641664, meta, 10000, 9975, 11, 0, 1007
1762641665, meta, 30000, 30796, 10, 0, 2243
1762641669, meta, 30000, 30796, 88, 0, 4387
1762641673, meta, 100000, 105902, 9, 0, 9102
1762641685, meta, 100000, 105902, 9, 0, 9128
1762645410, meta, 10, 28, 2, 0, 288
1762645413, meta, 10, 28, 2, 0, 296
1762645413, meta, 100, 28, 2, 0, 333
1762645415, meta, 100, 28, 2, 0, 301
1762645416, meta, 1000, 889, 2, 0, 331
1762645418, meta, 1000, 889, 2, 0, 329
1762645418, meta, 3000, 2715, 3, 0, 448
1762645421, meta, 3000, 2715, 3, 0, 395
1762645421, meta, 10000, 9975, 11, 0, 947
1762645424, meta, 10000, 9975, 11, 0, 7124
1762645431, meta, 30000, 30796, 37, 0, 2776
1762645436, meta, 30000, 30796, 11, 0, 850
1762645437, meta, 100000, 105902, 13, 0, 9208
1762645448, meta, 100000, 105902, 52, 0, 2963
1762649160, meta, 10, 28, 2, 0, 330
1762649162, meta, 10, 28, 2, 0, 378
1762649162, meta, 100, 28, 2, 0, 306
1762649165, meta, 100, 28, 2, 0, 294
1762649165, meta, 1000, 890, 3, 0, 295
1762649167, meta, 1000, 890, 3, 0, 318
1762649168, meta, 3000, 2714, 3, 0, 490
1762649170, meta, 3000, 2714, 3, 0, 373
1762649171, meta, 10000, 9975, 11, 0, 933
1762649173, meta, 10000, 9975, 11, 0, 583
1762649174, meta, 30000, 30797, 11, 0, 2245
1762649178, meta, 30000, 30797, 11, 0, 892
1762649179, meta, 100000, 105902, 488, 0, 18036
1762649199, meta, 100000, 105902, 13, 0, 7556
1762652969, meta, 10, 28, 2, 0, 896
1762652972, meta, 10, 28, 2, 0, 292
1762652972, meta, 100, 28, 2, 0, 850
1762652975, meta, 100, 28, 2, 0, 294
1762652976, meta, 1000, 889, 2, 0, 323
1762652978, meta, 1000, 889, 3, 0, 338
1762652978, meta, 3000, 2714, 3, 0, 435
1762652981, meta, 3000, 2714, 3, 0, 538
1762652981, meta, 10000, 9975, 11, 0, 931
1762652984, meta, 10000, 9975, 11, 0, 923
1762652985, meta, 30000, 30796, 183, 0, 5301
1762652992, meta, 30000, 30796, 12, 0, 2279
1762652995, meta, 100000, 105902, 9, 0, 9072
1762653006, meta, 100000, 105902, 9, 0, 8966
1762656786, meta, 10, 28, 2, 0, 396
1762656788, meta, 10, 28, 2, 0, 310
1762656788, meta, 100, 28, 2, 0, 319
1762656791, meta, 100, 28, 2, 0, 300
1762656791, meta, 1000, 889, 3, 0, 359
1762656793, meta, 1000, 889, 3, 0, 349
1762656794, meta, 3000, 2714, 3, 0, 400
1762656796, meta, 3000, 2714, 3, 0, 457
1762656797, meta, 10000, 9975, 12, 0, 964
1762656800, meta, 10000, 9975, 11, 0, 603
1762656800, meta, 30000, 30796, 12, 0, 2327
1762656805, meta, 30000, 30796, 73, 0, 3312
1762656808, meta, 100000, 105903, 9, 0, 9136
1762656819, meta, 100000, 105903, 9, 0, 2289
1762660534, meta, 10, 28, 2, 0, 423
1762660536, meta, 10, 28, 2, 0, 292
1762660537, meta, 100, 28, 2, 0, 854
1762660539, meta, 100, 28, 2, 0, 863
1762660540, meta, 1000, 889, 2, 0, 315
1762660543, meta, 1000, 889, 2, 0, 329
1762660543, meta, 3000, 2714, 3, 0, 427
1762660545, meta, 3000, 2714, 3, 0, 402
1762660546, meta, 10000, 9975, 11, 0, 947
1762660549, meta, 10000, 9975, 11, 0, 598
1762660549, meta, 30000, 30796, 12, 0, 2244
1762660554, meta, 30000, 30796, 11, 0, 1048
1762660555, meta, 100000, 105903, 545, 0, 19241
1762660576, meta, 100000, 105903, 12, 0, 2161
1762664345, meta, 10, 28, 2, 0, 331
1762664348, meta, 10, 28, 2, 0, 269
1762664348, meta, 100, 28, 2, 0, 324
1762664350, meta, 100, 28, 2, 0, 280
1762664351, meta, 1000, 890, 3, 0, 344
1762664353, meta, 1000, 890, 3, 0, 325
1762664353, meta, 3000, 2714, 3, 0, 390
1762664356, meta, 3000, 2714, 3, 0, 399
1762664356, meta, 10000, 9975, 11, 0, 922
1762664359, meta, 10000, 9975, 11, 0, 954
1762664360, meta, 30000, 30796, 86, 0, 3659
1762664366, meta, 30000, 30796, 11, 0, 2794
1762664368, meta, 100000, 105903, 318, 0, 15310
1762664386, meta, 100000, 105903, 9, 0, 2224
1762668103, meta, 10, 28, 2, 0, 333
1762668105, meta, 10, 28, 2, 0, 291
1762668106, meta, 100, 28, 2, 0, 327
1762668108, meta, 100, 28, 2, 0, 302
1762668108, meta, 1000, 889, 2, 0, 329
1762668111, meta, 1000, 889, 2, 0, 318
1762668111, meta, 3000, 2714, 2, 0, 945
1762668114, meta, 3000, 2714, 3, 0, 961
1762668115, meta, 10000, 9975, 3, 0, 1426
1762668118, meta, 10000, 9975, 11, 0, 621
1762668119, meta, 30000, 0, 0, 0, 68208
1762668189, meta, 30000, 30796, 245, 0, 5925
1762668195, meta, 100000, 105903, 13, 0, 9197
1762668206, meta, 100000, 105903, 13, 0, 9097
1762671981, meta, 10, 28, 2, 0, 315
1762671983, meta, 10, 28, 2, 0, 324
1762671983, meta, 100, 28, 2, 0, 305
1762671986, meta, 100, 28, 2, 0, 313
1762671986, meta, 1000, 888, 2, 0, 356
1762671988, meta, 1000, 888, 2, 0, 378
1762671989, meta, 3000, 2714, 3, 0, 420
1762671991, meta, 3000, 2714, 3, 0, 414
1762671991, meta, 10000, 9975, 11, 0, 951
1762671994, meta, 10000, 9975, 3, 0, 845
1762671995, meta, 30000, 30796, 11, 0, 2293
1762672000, meta, 30000, 30796, 81, 0, 2094
1762672002, meta, 100000, 105902, 12, 0, 10783
1762672014, meta, 100000, 105902, 10, 0, 9197
1762675731, meta, 10, 28, 2, 0, 347
1762675734, meta, 10, 28, 2, 0, 888
1762675735, meta, 100, 28, 2, 0, 904
1762675737, meta, 100, 28, 2, 0, 878
1762675738, meta, 1000, 889, 2, 0, 354
1762675741, meta, 1000, 889, 3, 0, 944
1762675742, meta, 3000, 2714, 3, 0, 394
1762675744, meta, 3000, 2714, 3, 0, 387
1762675744, meta, 10000, 9975, 11, 0, 935
1762675747, meta, 10000, 9975, 11, 0, 708
1762675748, meta, 30000, 30797, 44, 0, 2889
1762675753, meta, 30000, 30797, 12, 0, 1064
1762675754, meta, 100000, 105901, 11, 0, 9243
1762675765, meta, 100000, 105901, 505, 0, 11804
1762679530, meta, 10, 28, 2, 0, 317
1762679533, meta, 10, 28, 2, 0, 372
1762679533, meta, 100, 28, 2, 0, 314
1762679535, meta, 100, 28, 2, 0, 378
1762679536, meta, 1000, 889, 2, 0, 375
1762679538, meta, 1000, 889, 3, 0, 326
1762679539, meta, 3000, 2714, 3, 0, 482
1762679541, meta, 3000, 2714, 3, 0, 389
1762679541, meta, 10000, 9975, 11, 0, 980
1762679544, meta, 10000, 9975, 11, 0, 977
1762679545, meta, 30000, 30796, 40, 0, 2968
1762679550, meta, 30000, 30796, 88, 0, 3388
1762679554, meta, 100000, 105901, 9, 0, 14947
1762679571, meta, 100000, 105901, 440, 0, 10967
1762683287, meta, 10, 28, 2, 0, 329
1762683290, meta, 10, 28, 2, 0, 348
1762683290, meta, 100, 28, 2, 0, 339
1762683292, meta, 100, 28, 2, 0, 323
1762683293, meta, 1000, 889, 3, 0, 315
1762683295, meta, 1000, 889, 3, 0, 332
1762683295, meta, 3000, 2714, 3, 0, 402
1762683298, meta, 3000, 2714, 3, 0, 439
1762683298, meta, 10000, 9975, 11, 0, 954
1762683301, meta, 10000, 9975, 11, 0, 1008
1762683302, meta, 30000, 30796, 11, 0, 2221
1762683306, meta, 30000, 30796, 11, 0, 2786
1762683309, meta, 100000, 105901, 9, 0, 9016
1762683320, meta, 100000, 105901, 9, 0, 2038
1762687021, meta, 10, 28, 2, 0, 307
1762687023, meta, 10, 28, 2, 0, 849
1762687024, meta, 100, 28, 2, 0, 913
1762687027, meta, 100, 28, 2, 0, 934
1762687028, meta, 1000, 889, 3, 0, 395
1762687030, meta, 1000, 889, 3, 0, 334
1762687031, meta, 3000, 2714, 3, 0, 459
1762687033, meta, 3000, 2714, 3, 0, 440
1762687034, meta, 10000, 9975, 3, 0, 880
1762687036, meta, 10000, 9975, 11, 0, 1006
1762687037, meta, 30000, 30796, 12, 0, 2247
1762687042, meta, 30000, 30796, 274, 0, 5001
1762687047, meta, 100000, 105902, 8, 0, 9088
1762687058, meta, 100000, 105902, 11, 0, 8985
1762690779, meta, 10, 28, 2, 0, 313
1762690782, meta, 10, 28, 2, 0, 316
1762690782, meta, 100, 28, 2, 0, 322
1762690784, meta, 100, 28, 2, 0, 317
1762690785, meta, 1000, 889, 3, 0, 327
1762690787, meta, 1000, 889, 3, 0, 410
1762690787, meta, 3000, 2714, 3, 0, 408
1762690790, meta, 3000, 2714, 3, 0, 405
1762690790, meta, 10000, 9975, 3, 0, 894
1762690793, meta, 10000, 9975, 11, 0, 620
1762690794, meta, 30000, 30796, 302, 0, 7194
1762690803, meta, 30000, 30796, 11, 0, 2281
1762690805, meta, 100000, 105903, 8, 0, 9637
1762690817, meta, 100000, 105903, 204, 0, 13261
1762694557, meta, 10, 28, 2, 0, 335
1762694560, meta, 10, 28, 2, 0, 322
1762694560, meta, 100, 28, 2, 0, 322
1762694562, meta, 100, 28, 2, 0, 324
1762694563, meta, 1000, 889, 3, 0, 329
1762694565, meta, 1000, 889, 2, 0, 324
1762694565, meta, 3000, 2714, 3, 0, 447
1762694568, meta, 3000, 2714, 3, 0, 432
1762694568, meta, 10000, 9975, 11, 0, 960
1762694571, meta, 10000, 9975, 11, 0, 978
1762694572, meta, 30000, 30796, 12, 0, 2299
1762694576, meta, 30000, 30796, 12, 0, 2321
1762694579, meta, 100000, 105902, 9, 0, 9068
1762694590, meta, 100000, 105902, 10, 0, 9224
1762698304, meta, 10, 28, 2, 0, 295
1762698307, meta, 10, 28, 2, 0, 312
1762698307, meta, 100, 28, 2, 0, 361
1762698309, meta, 100, 28, 2, 0, 326
1762698310, meta, 1000, 890, 3, 0, 328
1762698312, meta, 1000, 890, 3, 0, 6865
1762698319, meta, 3000, 2714, 3, 0, 515
1762698321, meta, 3000, 2714, 3, 0, 391
1762698322, meta, 10000, 9975, 11, 0, 1048
1762698325, meta, 10000, 9975, 8, 0, 572
1762698325, meta, 30000, 30796, 313, 0, 6585
1762698334, meta, 30000, 30796, 68, 0, 1809
1762698336, meta, 100000, 105903, 8, 0, 8983
1762698347, meta, 100000, 105903, 9, 0, 8959
1762702108, meta, 10, 28, 2, 0, 366
1762702110, meta, 10, 28, 2, 0, 332
1762702111, meta, 100, 28, 2, 0, 340
1762702113, meta, 100, 28, 2, 0, 343
1762702113, meta, 1000, 890, 2, 0, 319
1762702116, meta, 1000, 890, 2, 0, 351
1762702116, meta, 3000, 2714, 2, 0, 414
1762702118, meta, 3000, 2714, 3, 0, 400
1762702119, meta, 10000, 9975, 11, 0, 994
1762702122, meta, 10000, 9975, 3, 0, 928
1762702123, meta, 30000, 30796, 11, 0, 2263
1762702127, meta, 30000, 30796, 222, 0, 5636
1762702133, meta, 100000, 105902, 289, 0, 14483
1762702149, meta, 100000, 105902, 13, 0, 2088
1762705855, meta, 10, 28, 2, 0, 345
1762705857, meta, 10, 28, 2, 0, 388
1762705857, meta, 100, 28, 2, 0, 362
1762705860, meta, 100, 28, 2, 0, 357
1762705860, meta, 1000, 889, 2, 0, 359
1762705862, meta, 1000, 889, 2, 0, 317
1762705863, meta, 3000, 2714, 3, 0, 409
1762705865, meta, 3000, 2714, 3, 0, 455
1762705866, meta, 10000, 9975, 11, 0, 934
1762705868, meta, 10000, 9975, 11, 0, 638
1762705869, meta, 30000, 30796, 10, 0, 2201
1762705873, meta, 30000, 30796, 52, 0, 1521
1762705875, meta, 100000, 105903, 335, 0, 15223
1762705892, meta, 100000, 105903, 9, 0, 2056
1762709602, meta, 10, 28, 2, 0, 321
1762709604, meta, 10, 28, 2, 0, 318
1762709604, meta, 100, 28, 2, 0, 332
1762709607, meta, 100, 28, 2, 0, 393
1762709607, meta, 1000, 889, 3, 0, 323
1762709609, meta, 1000, 889, 3, 0, 366
1762709610, meta, 3000, 2714, 3, 0, 385
1762709612, meta, 3000, 2714, 2, 0, 436
1762709612, meta, 10000, 9975, 11, 0, 955
1762709615, meta, 10000, 9975, 11, 0, 1010
1762709616, meta, 30000, 30796, 11, 0, 2255
1762709621, meta, 30000, 30796, 441, 0, 7569
1762709628, meta, 100000, 105902, 330, 0, 15576
1762709646, meta, 100000, 105902, 2, 0, 2282
1762713355, meta, 10, 28, 2, 0, 304
1762713358, meta, 10, 28, 2, 0, 308
1762713358, meta, 100, 28, 2, 0, 313
1762713360, meta, 100, 28, 2, 0, 401
1762713361, meta, 1000, 889, 3, 0, 322
1762713363, meta, 1000, 889, 3, 0, 314
1762713363, meta, 3000, 2714, 3, 0, 419
1762713366, meta, 3000, 2714, 3, 0, 395
1762713366, meta, 10000, 9975, 11, 0, 908
1762713369, meta, 10000, 9975, 11, 0, 578
1762713370, meta, 30000, 30796, 11, 0, 2300
1762713374, meta, 30000, 30796, 13, 0, 2236
1762713376, meta, 100000, 105902, 13, 0, 9421
1762713388, meta, 100000, 105902, 12, 0, 2080
1762717169, meta, 10, 28, 2, 0, 331
1762717171, meta, 10, 28, 2, 0, 289
1762717172, meta, 100, 28, 2, 0, 305
1762717174, meta, 100, 28, 2, 0, 290
1762717174, meta, 1000, 889, 2, 0, 392
1762717177, meta, 1000, 889, 3, 0, 326
1762717177, meta, 3000, 2714, 3, 0, 413
1762717179, meta, 3000, 2714, 3, 0, 376
1762717180, meta, 10000, 9975, 11, 0, 1033
1762717183, meta, 10000, 9975, 11, 0, 665
1762717183, meta, 30000, 30796, 10, 0, 2267
1762717188, meta, 30000, 30796, 11, 0, 987
1762717189, meta, 100000, 105903, 320, 0, 15332
1762717206, meta, 100000, 105903, 463, 0, 17452
1762720938, meta, 10, 28, 2, 0, 296
1762720940, meta, 10, 28, 2, 0, 294
1762720941, meta, 100, 28, 2, 0, 313
1762720943, meta, 100, 28, 2, 0, 320
1762720943, meta, 1000, 889, 3, 0, 341
1762720946, meta, 1000, 889, 3, 0, 299
1762720946, meta, 3000, 2714, 3, 0, 428
1762720948, meta, 3000, 2714, 3, 0, 424
1762720949, meta, 10000, 9975, 11, 0, 960
1762720952, meta, 10000, 9975, 11, 0, 1150
1762720953, meta, 30000, 30796, 66, 0, 3125
1762720958, meta, 30000, 30796, 12, 0, 2264
1762720960, meta, 100000, 105902, 9, 0, 9200
1762720971, meta, 100000, 105902, 305, 0, 15125
1762724695, meta, 10, 28, 2, 0, 304
1762724697, meta, 10, 28, 2, 0, 316
1762724697, meta, 100, 28, 2, 0, 314
1762724700, meta, 100, 28, 2, 0, 378
1762724700, meta, 1000, 889, 3, 0, 318
1762724702, meta, 1000, 889, 3, 0, 304
1762724703, meta, 3000, 2714, 2, 0, 455
1762724705, meta, 3000, 2714, 3, 0, 421
1762724705, meta, 10000, 9975, 11, 0, 981
1762724708, meta, 10000, 9975, 12, 0, 951
1762724709, meta, 30000, 30796, 254, 0, 5895
1762724717, meta, 30000, 30796, 11, 0, 2348
1762724720, meta, 100000, 105903, 400, 0, 17112
1762724739, meta, 100000, 105903, 13, 0, 2215
1762728507, meta, 10, 28, 2, 0, 326
1762728509, meta, 10, 28, 2, 0, 302
1762728510, meta, 100, 28, 2, 0, 303
1762728512, meta, 100, 28, 2, 0, 357
1762728512, meta, 1000, 889, 3, 0, 328
1762728515, meta, 1000, 889, 3, 0, 374
1762728515, meta, 3000, 2714, 3, 0, 470
1762728518, meta, 3000, 2714, 3, 0, 919
1762728518, meta, 10000, 9975, 3, 0, 1401
1762728522, meta, 10000, 9975, 3, 0, 1447
1762728523, meta, 30000, 30798, 83, 0, 3519
1762728529, meta, 30000, 30798, 11, 0, 2247
1762728531, meta, 100000, 105903, 328, 0, 15263
1762728548, meta, 100000, 105903, 153, 0, 4840
1762732272, meta, 10, 28, 2, 0, 470
1762732274, meta, 10, 28, 2, 0, 369
1762732274, meta, 100, 28, 2, 0, 383
1762732277, meta, 100, 28, 2, 0, 420
1762732277, meta, 1000, 889, 2, 0, 337
1762732280, meta, 1000, 889, 3, 0, 353
1762732280, meta, 3000, 2714, 3, 0, 442
1762732282, meta, 3000, 2714, 3, 0, 472
1762732283, meta, 10000, 9975, 3, 0, 880
1762732286, meta, 10000, 9975, 11, 0, 563
1762732286, meta, 30000, 30796, 10, 0, 2261
1762732291, meta, 30000, 30796, 12, 0, 2317
1762732293, meta, 100000, 105903, 9, 0, 9146
1762732304, meta, 100000, 105903, 12, 0, 9141
1762736016, meta, 10, 28, 2, 0, 314
1762736019, meta, 10, 28, 2, 0, 333
1762736019, meta, 100, 28, 2, 0, 340
1762736021, meta, 100, 28, 2, 0, 379
1762736022, meta, 1000, 889, 2, 0, 356
1762736024, meta, 1000, 889, 3, 0, 337
1762736024, meta, 3000, 2714, 3, 0, 443
1762736027, meta, 3000, 2714, 3, 0, 400
1762736027, meta, 10000, 9975, 3, 0, 861
1762736030, meta, 10000, 9975, 11, 0, 935
1762736031, meta, 30000, 30796, 40, 0, 2852
1762736036, meta, 30000, 30796, 13, 0, 983
1762736037, meta, 100000, 105901, 396, 0, 17104
1762736056, meta, 100000, 105901, 10, 0, 2237
1762739773, meta, 10, 28, 2, 0, 350
1762739775, meta, 10, 28, 2, 0, 328
1762739775, meta, 100, 28, 2, 0, 295
1762739778, meta, 100, 28, 2, 0, 258
1762739778, meta, 1000, 889, 3, 0, 348
1762739780, meta, 1000, 889, 3, 0, 331
1762739781, meta, 3000, 2714, 3, 0, 432
1762739783, meta, 3000, 2714, 3, 0, 405
1762739783, meta, 10000, 9975, 11, 0, 985
1762739786, meta, 10000, 9975, 11, 0, 973
1762739787, meta, 30000, 30796, 8, 0, 2229
1762739792, meta, 30000, 30796, 57, 0, 1884
1762739794, meta, 100000, 105901, 1343, 0, 33868
1762739829, meta, 100000, 105901, 12, 0, 2463
1762743543, meta, 10, 28, 2, 0, 330
1762743545, meta, 10, 28, 2, 0, 311
1762743545, meta, 100, 28, 2, 0, 376
1762743548, meta, 100, 28, 2, 0, 325
1762743548, meta, 1000, 889, 3, 0, 364
1762743550, meta, 1000, 889, 3, 0, 366
1762743551, meta, 3000, 2714, 3, 0, 405
1762743553, meta, 3000, 2714, 3, 0, 402
1762743554, meta, 10000, 9975, 11, 0, 992
1762743556, meta, 10000, 9975, 11, 0, 663
1762743557, meta, 30000, 30796, 10, 0, 2248
1762743561, meta, 30000, 30796, 10, 0, 924
1762743562, meta, 100000, 105903, 10, 0, 15076
1762743579, meta, 100000, 105903, 10, 0, 2376
1762747283, meta, 10, 28, 2, 0, 374
1762747285, meta, 10, 28, 2, 0, 321
1762747285, meta, 100, 28, 2, 0, 297
1762747288, meta, 100, 28, 2, 0, 294
1762747288, meta, 1000, 889, 3, 0, 333
1762747290, meta, 1000, 889, 3, 0, 322
1762747291, meta, 3000, 2714, 3, 0, 414
1762747293, meta, 3000, 2714, 3, 0, 364
1762747293, meta, 10000, 9975, 11, 0, 974
1762747296, meta, 10000, 9975, 12, 0, 936
1762747297, meta, 30000, 30796, 70, 0, 3462
1762747303, meta, 30000, 30796, 11, 0, 945
1762747304, meta, 100000, 105902, 471, 0, 18664
1762747324, meta, 100000, 105902, 457, 0, 10986
1762751038, meta, 10, 28, 2, 0, 348
1762751041, meta, 10, 28, 2, 0, 316
1762751041, meta, 100, 28, 2, 0, 887
1762751044, meta, 100, 28, 2, 0, 859
1762751045, meta, 1000, 889, 3, 0, 312
1762751047, meta, 1000, 889, 3, 0, 326
1762751047, meta, 3000, 2714, 3, 0, 367
1762751050, meta, 3000, 2714, 2, 0, 397
1762751050, meta, 10000, 9975, 11, 0, 948
1762751053, meta, 10000, 9975, 11, 0, 681
1762751054, meta, 30000, 30796, 12, 0, 2289
1762751058, meta, 30000, 30796, 78, 0, 2026
1762751060, meta, 100000, 105902, 12, 0, 9131
1762751071, meta, 100000, 105902, 311, 0, 15084
1762754805, meta, 10, 28, 2, 0, 315
1762754808, meta, 10, 28, 2, 0, 332
1762754808, meta, 100, 28, 2, 0, 390
1762754810, meta, 100, 28, 2, 0, 296
1762754811, meta, 1000, 889, 3, 0, 340
1762754813, meta, 1000, 889, 3, 0, 298
1762754813, meta, 3000, 2714, 3, 0, 414
1762754816, meta, 3000, 2714, 3, 0, 438
1762754816, meta, 10000, 9975, 11, 0, 914
1762754819, meta, 10000, 9975, 11, 0, 993
1762754820, meta, 30000, 30796, 11, 0, 2241
1762754824, meta, 30000, 30796, 11, 0, 991
1762754825, meta, 100000, 105902, 10, 0, 9034
1762754836, meta, 100000, 105902, 319, 0, 15198
1762758557, meta, 10, 28, 2, 0, 324
1762758560, meta, 10, 28, 2, 0, 304
1762758560, meta, 100, 28, 2, 0, 357
1762758562, meta, 100, 28, 2, 0, 338
1762758563, meta, 1000, 889, 3, 0, 360
1762758565, meta, 1000, 889, 3, 0, 318
1762758565, meta, 3000, 2714, 3, 0, 431
1762758568, meta, 3000, 2714, 3, 0, 434
1762758568, meta, 10000, 9975, 11, 0, 993
1762758571, meta, 10000, 9975, 11, 0, 1127
1762758572, meta, 30000, 30796, 14, 0, 2274
1762758577, meta, 30000, 30796, 12, 0, 1000
1762758578, meta, 100000, 105902, 13, 0, 9149
1762758589, meta, 100000, 105902, 10, 0, 2189
1762762293, meta, 10, 28, 2, 0, 332
1762762295, meta, 10, 28, 2, 0, 597
1762762295, meta, 100, 28, 2, 0, 419
1762762298, meta, 100, 28, 2, 0, 933
1762762299, meta, 1000, 889, 3, 0, 951
1762762302, meta, 1000, 889, 3, 0, 546
1762762302, meta, 3000, 2714, 3, 0, 414
1762762305, meta, 3000, 2714, 3, 0, 428
1762762305, meta, 10000, 9975, 11, 0, 968
1762762308, meta, 10000, 9975, 11, 0, 606
1762762309, meta, 30000, 30796, 209, 0, 5189
1762762316, meta, 30000, 30796, 11, 0, 915
1762762317, meta, 100000, 105902, 10, 0, 9083
1762762328, meta, 100000, 105902, 9, 0, 1980
1762766030, meta, 10, 28, 2, 0, 320
1762766032, meta, 10, 28, 2, 0, 860
1762766033, meta, 100, 28, 2, 0, 332
1762766035, meta, 100, 28, 2, 0, 860
1762766036, meta, 1000, 889, 2, 0, 339
1762766038, meta, 1000, 889, 2, 0, 613
1762766039, meta, 3000, 2714, 3, 0, 417
1762766041, meta, 3000, 2714, 3, 0, 431
1762766042, meta, 10000, 9975, 10, 0, 928
1762766045, meta, 10000, 9975, 11, 0, 1111
1762766046, meta, 30000, 30796, 11, 0, 2241
1762766050, meta, 30000, 30796, 90, 0, 2029
1762766052, meta, 100000, 105902, 12, 0, 9256
1762766063, meta, 100000, 105902, 13, 0, 2182
1762769788, meta, 10, 28, 2, 0, 328
1762769791, meta, 10, 28, 2, 0, 331
1762769791, meta, 100, 28, 2, 0, 311
1762769793, meta, 100, 28, 2, 0, 327
1762769794, meta, 1000, 890, 3, 0, 309
1762769796, meta, 1000, 890, 3, 0, 384
1762769796, meta, 3000, 2714, 3, 0, 395
1762769799, meta, 3000, 2714, 3, 0, 412
1762769799, meta, 10000, 9975, 11, 0, 1054
1762769802, meta, 10000, 9975, 11, 0, 632
1762769803, meta, 30000, 30796, 12, 0, 2321
1762769807, meta, 30000, 30796, 11, 0, 1536
1762769809, meta, 100000, 105901, 14, 0, 9157
1762769820, meta, 100000, 105901, 398, 0, 10017
1762773611, meta, 10, 28, 2, 0, 525
1762773613, meta, 10, 28, 2, 0, 324
1762773614, meta, 100, 28, 2, 0, 377
1762773616, meta, 100, 28, 2, 0, 317
1762773617, meta, 1000, 889, 2, 0, 349
1762773619, meta, 1000, 889, 3, 0, 326
1762773619, meta, 3000, 2714, 3, 0, 410
1762773622, meta, 3000, 2714, 3, 0, 412
1762773622, meta, 10000, 9975, 11, 0, 1014
1762773625, meta, 10000, 9975, 11, 0, 637
1762773626, meta, 30000, 30796, 68, 0, 3264
1762773631, meta, 30000, 30796, 11, 0, 962
1762773632, meta, 100000, 105902, 131, 0, 11523
1762773645, meta, 100000, 105902, 419, 0, 17278
1762777367, meta, 10, 28, 2, 0, 428
1762777369, meta, 10, 28, 2, 0, 356
1762777370, meta, 100, 28, 2, 0, 307
1762777372, meta, 100, 28, 2, 0, 349
1762777372, meta, 1000, 889, 3, 0, 303
1762777375, meta, 1000, 889, 2, 0, 355
1762777375, meta, 3000, 2714, 3, 0, 533
1762777378, meta, 3000, 2714, 3, 0, 384
1762777378, meta, 10000, 9975, 11, 0, 965
1762777381, meta, 10000, 9975, 12, 0, 965
1762777382, meta, 30000, 30796, 173, 0, 5055
1762777389, meta, 30000, 30796, 11, 0, 1159
1762777390, meta, 100000, 105902, 9, 0, 9108
1762777401, meta, 100000, 105902, 13, 0, 9020
1762781115, meta, 10, 28, 2, 0, 279
1762781117, meta, 10, 28, 2, 0, 269
1762781117, meta, 100, 28, 2, 0, 527
1762781120, meta, 100, 28, 2, 0, 279
1762781120, meta, 1000, 889, 3, 0, 329
1762781122, meta, 1000, 889, 3, 0, 330
1762781123, meta, 3000, 2714, 3, 0, 380
1762781125, meta, 3000, 2714, 3, 0, 348
1762781125, meta, 10000, 9975, 11, 0, 913
1762781128, meta, 10000, 9975, 8, 0, 876
1762781129, meta, 30000, 30796, 452, 0, 7958
1762781139, meta, 30000, 30796, 13, 0, 2186
1762781141, meta, 100000, 105902, 8, 0, 9111
1762781152, meta, 100000, 105902, 340, 0, 19959
1762784894, meta, 10, 28, 2, 0, 314
1762784896, meta, 10, 28, 2, 0, 351
1762784897, meta, 100, 28, 2, 0, 296
1762784899, meta, 100, 28, 2, 0, 261
1762784899, meta, 1000, 889, 3, 0, 273
1762784902, meta, 1000, 889, 3, 0, 340
1762784902, meta, 3000, 2714, 3, 0, 425
1762784904, meta, 3000, 2714, 3, 0, 383
1762784905, meta, 10000, 9975, 12, 0, 966
1762784908, meta, 10000, 9975, 12, 0, 917
1762784909, meta, 30000, 30796, 10, 0, 2273
1762784913, meta, 30000, 30796, 11, 0, 874
1762784914, meta, 100000, 105902, 231, 0, 12971
1762784929, meta, 100000, 105902, 9, 0, 8901
1762788645, meta, 10, 28, 2, 0, 394
1762788647, meta, 10, 28, 2, 0, 329
1762788648, meta, 100, 28, 2, 0, 351
1762788650, meta, 100, 28, 2, 0, 344
1762788650, meta, 1000, 889, 2, 0, 392
1762788653, meta, 1000, 889, 2, 0, 325
1762788653, meta, 3000, 2714, 2, 0, 338
1762788655, meta, 3000, 2714, 2, 0, 420
1762788656, meta, 10000, 9975, 11, 0, 913
1762788659, meta, 10000, 9975, 11, 0, 606
1762788659, meta, 30000, 30796, 76, 0, 3143
1762788664, meta, 30000, 30796, 11, 0, 2208
1762788667, meta, 100000, 105904, 12, 0, 9193
1762788678, meta, 100000, 105904, 11, 0, 9040
1762792393, meta, 10, 28, 2, 0, 356
1762792396, meta, 10, 28, 2, 0, 472
1762792396, meta, 100, 28, 2, 0, 356
1762792398, meta, 100, 28, 2, 0, 353
1762792399, meta, 1000, 889, 3, 0, 415
1762792401, meta, 1000, 889, 3, 0, 346
1762792401, meta, 3000, 2714, 3, 0, 452
1762792404, meta, 3000, 2714, 3, 0, 490
1762792404, meta, 10000, 9975, 12, 0, 975
1762792407, meta, 10000, 9975, 11, 0, 955
1762792408, meta, 30000, 30796, 38, 0, 2661
1762792413, meta, 30000, 30796, 80, 0, 1972
1762792415, meta, 100000, 105902, 13, 0, 9199
1762792426, meta, 100000, 105902, 13, 0, 2056
1762796149, meta, 10, 28, 2, 0, 340
1762796151, meta, 10, 28, 2, 0, 382
1762796152, meta, 100, 28, 2, 0, 417
1762796154, meta, 100, 28, 2, 0, 922
1762796155, meta, 1000, 889, 3, 0, 974
1762796158, meta, 1000, 889, 3, 0, 352
1762796158, meta, 3000, 2714, 3, 0, 1104
1762796161, meta, 3000, 2714, 3, 0, 578
1762796162, meta, 10000, 9975, 11, 0, 973
1762796165, meta, 10000, 9975, 11, 0, 624
1762796165, meta, 30000, 30796, 12, 0, 2279
1762796170, meta, 30000, 30796, 11, 0, 2273
1762796172, meta, 100000, 105902, 17, 0, 9295
1762796183, meta, 100000, 105902, 381, 0, 8207
1762799893, meta, 10, 28, 2, 0, 273
1762799896, meta, 10, 28, 2, 0, 254
1762799896, meta, 100, 28, 2, 0, 284
1762799898, meta, 100, 28, 2, 0, 310
1762799899, meta, 1000, 889, 3, 0, 564
1762799901, meta, 1000, 889, 3, 0, 385
1762799902, meta, 3000, 2714, 3, 0, 379
1762799904, meta, 3000, 2714, 3, 0, 351
1762799904, meta, 10000, 9975, 11, 0, 961
1762799907, meta, 10000, 9975, 11, 0, 629
1762799908, meta, 30000, 30796, 59, 0, 2910
1762799913, meta, 30000, 30796, 87, 0, 1991
1762799915, meta, 100000, 105901, 9, 0, 12532
1762799929, meta, 100000, 105901, 9, 0, 2250
1762803633, meta, 10, 28, 2, 0, 333
1762803635, meta, 10, 28, 2, 0, 355
1762803636, meta, 100, 28, 2, 0, 969
1762803639, meta, 100, 28, 2, 0, 809
1762803640, meta, 1000, 889, 3, 0, 283
1762803642, meta, 1000, 889, 3, 0, 320
1762803642, meta, 3000, 2714, 3, 0, 444
1762803645, meta, 3000, 2714, 3, 0, 381
1762803645, meta, 10000, 9975, 11, 0, 1003
1762803648, meta, 10000, 9975, 11, 0, 582
1762803649, meta, 30000, 30796, 11, 0, 2161
1762803653, meta, 30000, 30796, 11, 0, 2205
1762803655, meta, 100000, 105902, 9, 0, 9125
1762803666, meta, 100000, 105902, 14, 0, 2188
1762807377, meta, 10, 28, 2, 0, 414
1762807380, meta, 10, 28, 2, 0, 315
1762807380, meta, 100, 28, 2, 0, 385
1762807382, meta, 100, 28, 2, 0, 302
1762807383, meta, 1000, 889, 3, 0, 274
1762807385, meta, 1000, 889, 3, 0, 311
1762807385, meta, 3000, 2714, 3, 0, 513
1762807388, meta, 3000, 2714, 3, 0, 463
1762807388, meta, 10000, 9975, 11, 0, 902
1762807391, meta, 10000, 9975, 11, 0, 649
1762807392, meta, 30000, 30796, 10, 0, 2290
1762807396, meta, 30000, 30796, 65, 0, 1647
1762807398, meta, 100000, 105902, 9, 0, 9084
1762807409, meta, 100000, 105902, 13, 0, 9043
1762811128, meta, 10, 28, 2, 0, 320
1762811131, meta, 10, 28, 2, 0, 448
1762811131, meta, 100, 28, 2, 0, 350
1762811134, meta, 100, 28, 2, 0, 344
1762811134, meta, 1000, 889, 3, 0, 273
1762811136, meta, 1000, 889, 3, 0, 276
1762811136, meta, 3000, 2714, 3, 0, 455
1762811139, meta, 3000, 2714, 3, 0, 471
1762811139, meta, 10000, 9975, 3, 0, 828
1762811142, meta, 10000, 9975, 3, 0, 665
1762811143, meta, 30000, 30796, 92, 0, 3282
1762811148, meta, 30000, 30796, 14, 0, 981
1762811149, meta, 100000, 105902, 417, 0, 22650
1762811174, meta, 100000, 105902, 11, 0, 2006
1762814885, meta, 10, 28, 2, 0, 348
1762814887, meta, 10, 28, 2, 0, 263
1762814887, meta, 100, 28, 2, 0, 380
1762814890, meta, 100, 28, 2, 0, 343
1762814890, meta, 1000, 889, 3, 0, 314
1762814892, meta, 1000, 889, 3, 0, 289
1762814893, meta, 3000, 2714, 3, 0, 491
1762814895, meta, 3000, 2714, 3, 0, 380
1762814895, meta, 10000, 9975, 11, 0, 1475
1762814899, meta, 10000, 9975, 11, 0, 1144
1762814900, meta, 30000, 30796, 54, 0, 3296
1762814905, meta, 30000, 30796, 13, 0, 2193
1762814908, meta, 100000, 105902, 531, 0, 17387
1762814927, meta, 100000, 105902, 387, 0, 8424
1762818639, meta, 10, 28, 2, 0, 356
1762818641, meta, 10, 28, 2, 0, 470
1762818642, meta, 100, 28, 2, 0, 354
1762818644, meta, 100, 28, 2, 0, 384
1762818645, meta, 1000, 890, 3, 0, 385
1762818647, meta, 1000, 890, 2, 0, 365
1762818647, meta, 3000, 2715, 3, 0, 457
1762818650, meta, 3000, 2715, 3, 0, 457
1762818650, meta, 10000, 9975, 11, 0, 982
1762818653, meta, 10000, 9975, 11, 0, 613
1762818654, meta, 30000, 30796, 92, 0, 3338
1762818659, meta, 30000, 30796, 13, 0, 2316
1762818662, meta, 100000, 105902, 14, 0, 9415
1762818673, meta, 100000, 0, 0, 0, 60414
1762822463, meta, 10, 28, 2, 0, 1014
1762822466, meta, 10, 28, 2, 0, 344
1762822466, meta, 100, 28, 2, 0, 979
1762822469, meta, 100, 28, 2, 0, 347
1762822469, meta, 1000, 889, 3, 0, 398
1762822472, meta, 1000, 889, 3, 0, 430
1762822472, meta, 3000, 2715, 3, 0, 510
1762822475, meta, 3000, 2715, 3, 0, 424
1762822475, meta, 10000, 9975, 11, 0, 997
1762822478, meta, 10000, 9975, 11, 0, 953
1762822479, meta, 30000, 30796, 13, 0, 2307
1762822483, meta, 30000, 30796, 12, 0, 1004
1762822484, meta, 100000, 105902, 277, 0, 13563
1762822500, meta, 100000, 105902, 29, 0, 2674
1762826216, meta, 10, 28, 2, 0, 338
1762826219, meta, 10, 28, 2, 0, 343
1762826219, meta, 100, 28, 2, 0, 334
1762826221, meta, 100, 28, 2, 0, 385
1762826222, meta, 1000, 889, 3, 0, 348
1762826224, meta, 1000, 889, 3, 0, 335
1762826225, meta, 3000, 2714, 3, 0, 456
1762826227, meta, 3000, 2714, 3, 0, 495
1762826227, meta, 10000, 9975, 11, 0, 939
1762826230, meta, 10000, 9975, 11, 0, 639
1762826231, meta, 30000, 30797, 11, 0, 2302
1762826235, meta, 30000, 30797, 213, 0, 4746
1762826240, meta, 100000, 105902, 508, 0, 17034
1762826259, meta, 100000, 105902, 17, 0, 14911
1762829979, meta, 10, 28, 2, 0, 392
1762829981, meta, 10, 28, 2, 0, 335
1762829982, meta, 100, 28, 2, 0, 304
1762829984, meta, 100, 28, 2, 0, 342
1762829984, meta, 1000, 889, 3, 0, 349
1762829987, meta, 1000, 889, 3, 0, 341
1762829987, meta, 3000, 2715, 3, 0, 464
1762829990, meta, 3000, 2715, 3, 0, 425
1762829990, meta, 10000, 9975, 11, 0, 951
1762829993, meta, 10000, 9975, 11, 0, 1113
1762829994, meta, 30000, 30796, 11, 0, 2271
1762829998, meta, 30000, 30796, 111, 0, 2448
1762830001, meta, 100000, 105902, 11, 0, 8943
1762830012, meta, 100000, 105902, 12, 0, 9273
1762833727, meta, 10, 28, 2, 0, 376
1762833729, meta, 10, 28, 2, 0, 445
1762833729, meta, 100, 28, 2, 0, 367
1762833732, meta, 100, 28, 2, 0, 362
1762833732, meta, 1000, 889, 3, 0, 288
1762833734, meta, 1000, 889, 3, 0, 470
1762833735, meta, 3000, 2714, 3, 0, 404
1762833737, meta, 3000, 2714, 3, 0, 469
1762833738, meta, 10000, 9976, 11, 0, 984
1762833741, meta, 10000, 9976, 11, 0, 584
1762833741, meta, 30000, 30796, 246, 0, 5427
1762833749, meta, 30000, 30796, 27, 0, 1281
1762833750, meta, 100000, 105901, 13, 0, 9200
1762833761, meta, 100000, 105901, 13, 0, 2435
1762837534, meta, 10, 28, 2, 0, 368
1762837536, meta, 10, 28, 2, 0, 318
1762837536, meta, 100, 28, 2, 0, 388
1762837539, meta, 100, 28, 2, 0, 333
1762837539, meta, 1000, 889, 3, 0, 399
1762837542, meta, 1000, 889, 3, 0, 354
1762837542, meta, 3000, 2714, 3, 0, 454
1762837544, meta, 3000, 2714, 3, 0, 451
1762837545, meta, 10000, 9975, 11, 0, 959
1762837548, meta, 10000, 9975, 11, 0, 1596
1762837549, meta, 30000, 30796, 51, 0, 3291
1762837555, meta, 30000, 30796, 11, 0, 973
1762837556, meta, 100000, 105901, 14, 0, 9266
1762837567, meta, 100000, 105901, 543, 0, 17322
1762841289, meta, 10, 28, 2, 0, 343
1762841292, meta, 10, 28, 2, 0, 338
1762841292, meta, 100, 28, 2, 0, 325
1762841294, meta, 100, 28, 2, 0, 335
1762841295, meta, 1000, 889, 3, 0, 356
1762841297, meta, 1000, 889, 3, 0, 384
1762841297, meta, 3000, 2714, 3, 0, 455
1762841300, meta, 3000, 2714, 3, 0, 381
1762841300, meta, 10000, 9975, 3, 0, 892
1762841303, meta, 10000, 9975, 11, 0, 917
1762841304, meta, 30000, 30796, 11, 0, 2300
1762841308, meta, 30000, 30796, 11, 0, 2339
1762841311, meta, 100000, 105902, 384, 0, 15190
1762841328, meta, 100000, 105902, 583, 0, 18122
1762845050, meta, 10, 28, 2, 0, 289
1762845052, meta, 10, 28, 2, 0, 324
1762845052, meta, 100, 28, 2, 0, 256
1762845055, meta, 100, 28, 2, 0, 339
1762845055, meta, 1000, 889, 3, 0, 285
1762845057, meta, 1000, 889, 3, 0, 427
1762845058, meta, 3000, 2715, 3, 0, 435
1762845060, meta, 3000, 2715, 3, 0, 426
1762845060, meta, 10000, 9975, 11, 0, 906
1762845063, meta, 10000, 9975, 11, 0, 652
1762845064, meta, 30000, 30796, 11, 0, 2293
1762845068, meta, 30000, 30796, 165, 0, 3133
1762845071, meta, 100000, 105903, 11, 0, 9232
1762845083, meta, 100000, 105903, 288, 0, 7090
1762848848, meta, 10, 28, 2, 0, 337
1762848851, meta, 10, 28, 2, 0, 329
1762848851, meta, 100, 28, 2, 0, 333
1762848853, meta, 100, 28, 2, 0, 271
1762848853, meta, 1000, 889, 2, 0, 267
1762848856, meta, 1000, 889, 2, 0, 429
1762848856, meta, 3000, 2714, 3, 0, 374
1762848859, meta, 3000, 2714, 2, 0, 460
1762848859, meta, 10000, 9975, 11, 0, 8459
1762848869, meta, 10000, 9975, 11, 0, 957
1762848870, meta, 30000, 30796, 10, 0, 2239
1762848875, meta, 30000, 30796, 86, 0, 2011
1762848877, meta, 100000, 105904, 12, 0, 9114
1762848888, meta, 100000, 105904, 427, 0, 8603
1762852609, meta, 10, 28, 2, 0, 274
1762852611, meta, 10, 28, 2, 0, 320
1762852611, meta, 100, 28, 2, 0, 394
1762852614, meta, 100, 28, 2, 0, 327
1762852614, meta, 1000, 889, 3, 0, 362
1762852617, meta, 1000, 889, 3, 0, 282
1762852617, meta, 3000, 2714, 3, 0, 553
1762852619, meta, 3000, 2714, 3, 0, 417
1762852620, meta, 10000, 9975, 3, 0, 1182
1762852623, meta, 10000, 9975, 3, 0, 647
1762852624, meta, 30000, 30796, 314, 0, 6377
1762852632, meta, 30000, 30796, 60, 0, 2867
1762852635, meta, 100000, 105902, 13, 0, 9449
1762852646, meta, 100000, 105902, 9, 0, 2062
1762856353, meta, 10, 28, 2, 0, 369
1762856355, meta, 10, 28, 2, 0, 346
1762856356, meta, 100, 28, 2, 0, 336
1762856358, meta, 100, 28, 2, 0, 355
1762856359, meta, 1000, 889, 3, 0, 288
1762856361, meta, 1000, 889, 3, 0, 358
1762856361, meta, 3000, 2714, 3, 0, 383
1762856364, meta, 3000, 2714, 3, 0, 333
1762856364, meta, 10000, 9975, 11, 0, 895
1762856367, meta, 10000, 9975, 12, 0, 1478
1762856368, meta, 30000, 30796, 11, 0, 2193
1762856372, meta, 30000, 30796, 10, 0, 2158
1762856375, meta, 100000, 105902, 11, 0, 9087
1762856386, meta, 100000, 105902, 51, 0, 10029
1762860105, meta, 10, 28, 2, 0, 272
1762860107, meta, 10, 28, 2, 0, 956
1762860108, meta, 100, 28, 2, 0, 1080
1762860111, meta, 100, 28, 2, 0, 836
1762860112, meta, 1000, 889, 3, 0, 299
1762860114, meta, 1000, 889, 3, 0, 427
1762860115, meta, 3000, 2714, 2, 0, 423
1762860117, meta, 3000, 2714, 2, 0, 376
1762860118, meta, 10000, 9976, 11, 0, 919
1762860121, meta, 10000, 9976, 11, 0, 902
1762860122, meta, 30000, 30796, 14, 0, 2211
1762860126, meta, 30000, 30796, 11, 0, 2291
1762860128, meta, 100000, 105903, 9, 0, 9210
1762860139, meta, 100000, 105903, 12, 0, 2303
1762863910, meta, 10, 28, 2, 0, 334
1762863912, meta, 10, 28, 2, 0, 261
1762863913, meta, 100, 28, 2, 0, 256
1762863915, meta, 100, 28, 2, 0, 532
1762863915, meta, 1000, 889, 3, 0, 293
1762863918, meta, 1000, 889, 3, 0, 331
1762863918, meta, 3000, 2714, 3, 0, 544
1762863921, meta, 3000, 2714, 3, 0, 360
1762863921, meta, 10000, 9975, 11, 0, 888
1762863924, meta, 10000, 9975, 11, 0, 881
1762863925, meta, 30000, 30796, 12, 0, 2349
1762863929, meta, 30000, 30796, 93, 0, 2542
1762863932, meta, 100000, 105903, 397, 0, 15989
1762863950, meta, 100000, 105903, 331, 0, 7930
1762867662, meta, 10, 28, 2, 0, 323
1762867664, meta, 10, 28, 2, 0, 318
1762867664, meta, 100, 28, 2, 0, 274
1762867667, meta, 100, 28, 2, 0, 267
1762867667, meta, 1000, 889, 3, 0, 354
1762867669, meta, 1000, 889, 3, 0, 292
1762867670, meta, 3000, 2714, 3, 0, 399
1762867672, meta, 3000, 2714, 3, 0, 562
1762867673, meta, 10000, 9975, 11, 0, 871
1762867675, meta, 10000, 9975, 11, 0, 1233
1762867677, meta, 30000, 30796, 11, 0, 2270
1762867681, meta, 30000, 30796, 55, 0, 2777
1762867684, meta, 100000, 105902, 343, 0, 14786
1762867700, meta, 100000, 0, 0, 0, 68547
1762871487, meta, 10, 28, 2, 0, 320
1762871489, meta, 10, 28, 2, 0, 358
1762871490, meta, 100, 28, 2, 0, 295
1762871492, meta, 100, 28, 2, 0, 257
1762871492, meta, 1000, 889, 3, 0, 405
1762871494, meta, 1000, 889, 3, 0, 305
1762871495, meta, 3000, 2714, 3, 0, 493
1762871497, meta, 3000, 2714, 3, 0, 402
1762871498, meta, 10000, 9975, 11, 0, 936
1762871501, meta, 10000, 9975, 11, 0, 668
1762871501, meta, 30000, 30796, 11, 0, 2256
1762871506, meta, 30000, 30796, 11, 0, 2238
1762871508, meta, 100000, 105902, 11, 0, 8950
1762871519, meta, 100000, 105902, 451, 0, 9200
1762875259, meta, 10, 28, 2, 0, 403
1762875262, meta, 10, 28, 2, 0, 362
1762875262, meta, 100, 28, 2, 0, 1003
1762875265, meta, 100, 28, 2, 0, 345
1762875265, meta, 1000, 889, 3, 0, 361
1762875268, meta, 1000, 889, 3, 0, 364
1762875268, meta, 3000, 2714, 3, 0, 456
1762875271, meta, 3000, 2714, 3, 0, 355
1762875271, meta, 10000, 9975, 11, 0, 966
1762875274, meta, 10000, 9975, 11, 0, 1352
1762875275, meta, 30000, 30796, 11, 0, 2233
1762875279, meta, 30000, 30796, 10, 0, 974
1762875280, meta, 100000, 105903, 318, 0, 14022
1762875296, meta, 100000, 105903, 15, 0, 9278
1762879009, meta, 10, 28, 2, 0, 347
1762879011, meta, 10, 28, 2, 0, 279
1762879011, meta, 100, 28, 2, 0, 342
1762879014, meta, 100, 28, 2, 0, 523
1762879014, meta, 1000, 889, 3, 0, 355
1762879017, meta, 1000, 889, 3, 0, 366
1762879017, meta, 3000, 2714, 3, 0, 445
1762879019, meta, 3000, 2714, 2, 0, 464
1762879020, meta, 10000, 9975, 11, 0, 1013
1762879023, meta, 10000, 9975, 11, 0, 500
1762879023, meta, 30000, 30796, 11, 0, 2302
1762879028, meta, 30000, 30796, 11, 0, 2274
1762879030, meta, 100000, 105902, 11, 0, 9195
1762879041, meta, 100000, 105902, 10, 0, 9213
1762882757, meta, 10, 28, 2, 0, 383
1762882760, meta, 10, 28, 2, 0, 283
1762882760, meta, 100, 28, 2, 0, 392
1762882763, meta, 100, 28, 2, 0, 346
1762882763, meta, 1000, 889, 2, 0, 314
1762882765, meta, 1000, 889, 3, 0, 312
1762882765, meta, 3000, 2714, 3, 0, 469
1762882768, meta, 3000, 2714, 3, 0, 433
1762882768, meta, 10000, 9975, 3, 0, 823
1762882771, meta, 10000, 9975, 3, 0, 577
1762882772, meta, 30000, 30798, 114, 0, 3634
1762882777, meta, 30000, 30798, 12, 0, 2247
1762882780, meta, 100000, 105902, 54, 0, 9984
1762882792, meta, 100000, 105902, 515, 0, 17126
1762886516, meta, 10, 28, 2, 0, 308
1762886519, meta, 10, 28, 2, 0, 319
1762886519, meta, 100, 28, 2, 0, 332
1762886521, meta, 100, 28, 2, 0, 260
1762886521, meta, 1000, 890, 3, 0, 334
1762886524, meta, 1000, 890, 3, 0, 286
1762886524, meta, 3000, 2714, 3, 0, 362
1762886526, meta, 3000, 2714, 2, 0, 372
1762886527, meta, 10000, 9975, 12, 0, 930
1762886530, meta, 10000, 9975, 11, 0, 641
1762886530, meta, 30000, 30796, 129, 0, 3860
1762886536, meta, 30000, 30796, 293, 0, 6126
1762886542, meta, 100000, 105902, 10, 0, 9047
1762886553, meta, 100000, 105902, 415, 0, 8581
1762890335, meta, 10, 28, 2, 0, 295
1762890337, meta, 10, 28, 2, 0, 332
1762890337, meta, 100, 28, 2, 0, 262
1762890340, meta, 100, 28, 2, 0, 326
1762890340, meta, 1000, 889, 3, 0, 288
1762890342, meta, 1000, 889, 3, 0, 1133
1762890344, meta, 3000, 2715, 3, 0, 445
1762890346, meta, 3000, 2715, 3, 0, 384
1762890346, meta, 10000, 9975, 12, 0, 911
1762890349, meta, 10000, 9975, 12, 0, 607
1762890350, meta, 30000, 30796, 10, 0, 2158
1762890354, meta, 30000, 30796, 63, 0, 3179
1762890357, meta, 100000, 105903, 9, 0, 9185
1762890368, meta, 100000, 105903, 701, 0, 13722
1762894100, meta, 10, 28, 2, 0, 384
1762894103, meta, 10, 28, 2, 0, 333
1762894103, meta, 100, 28, 2, 0, 402
1762894105, meta, 100, 28, 2, 0, 2211
1762894107, meta, 1000, 889, 2, 0, 288
1762894110, meta, 1000, 889, 3, 0, 358
1762894110, meta, 3000, 2714, 3, 0, 391
1762894113, meta, 3000, 2714, 2, 0, 394
1762894113, meta, 10000, 9975, 11, 0, 871
1762894116, meta, 10000, 9975, 11, 0, 627
1762894116, meta, 30000, 30796, 11, 0, 2177
1762894121, meta, 30000, 30796, 258, 0, 5723
1762894126, meta, 100000, 105903, 9, 0, 11235
1762894140, meta, 100000, 105903, 13, 0, 9988
1762897861, meta, 10, 28, 2, 0, 357
1762897863, meta, 10, 28, 2, 0, 419
1762897864, meta, 100, 28, 2, 0, 361
1762897866, meta, 100, 28, 2, 0, 349
1762897866, meta, 1000, 889, 3, 0, 372
1762897869, meta, 1000, 889, 3, 0, 315
1762897869, meta, 3000, 2714, 3, 0, 453
1762897871, meta, 3000, 2714, 3, 0, 480
1762897872, meta, 10000, 9975, 11, 0, 964
1762897875, meta, 10000, 9975, 11, 0, 980
1762897876, meta, 30000, 30796, 10, 0, 2349
1762897880, meta, 30000, 30796, 90, 0, 3429
1762897884, meta, 100000, 105901, 10, 0, 9369
1762897895, meta, 100000, 105901, 9, 0, 1967
1762901604, meta, 10, 28, 2, 0, 261
1762901606, meta, 10, 28, 2, 0, 265
1762901606, meta, 100, 28, 2, 0, 287
1762901609, meta, 100, 28, 2, 0, 343
1762901609, meta, 1000, 889, 2, 0, 315
1762901611, meta, 1000, 889, 2, 0, 291
1762901612, meta, 3000, 2714, 3, 0, 372
1762901614, meta, 3000, 2714, 3, 0, 331
1762901614, meta, 10000, 9975, 11, 0, 894
1762901617, meta, 10000, 9975, 11, 0, 600
1762901618, meta, 30000, 30796, 222, 0, 5285
1762901625, meta, 30000, 30796, 11, 0, 2162
1762901627, meta, 100000, 105902, 11, 0, 9183
1762901638, meta, 100000, 105902, 12, 0, 8881
1762905357, meta, 10, 28, 2, 0, 348
1762905359, meta, 10, 28, 2, 0, 352
1762905359, meta, 100, 28, 2, 0, 332
1762905362, meta, 100, 28, 2, 0, 352
1762905362, meta, 1000, 889, 3, 0, 379
1762905364, meta, 1000, 889, 3, 0, 416
1762905365, meta, 3000, 2714, 3, 0, 461
1762905367, meta, 3000, 2714, 3, 0, 424
1762905368, meta, 10000, 9975, 11, 0, 1012
1762905371, meta, 10000, 9975, 10, 0, 933
1762905372, meta, 30000, 30796, 73, 0, 3019
1762905377, meta, 30000, 30796, 302, 0, 4930
1762905382, meta, 100000, 105903, 8, 0, 9003
1762905393, meta, 100000, 105903, 52, 0, 9731
1762909117, meta, 10, 28, 2, 0, 323
1762909119, meta, 10, 28, 2, 0, 408
1762909120, meta, 100, 28, 2, 0, 368
1762909122, meta, 100, 28, 2, 0, 413
1762909123, meta, 1000, 889, 3, 0, 410
1762909125, meta, 1000, 889, 3, 0, 281
1762909125, meta, 3000, 2714, 3, 0, 478
1762909128, meta, 3000, 2714, 3, 0, 400
1762909128, meta, 10000, 9975, 11, 0, 978
1762909131, meta, 10000, 9975, 11, 0, 902
1762909132, meta, 30000, 30798, 11, 0, 2253
1762909136, meta, 30000, 30798, 78, 0, 3065
1762909139, meta, 100000, 0, 0, 0, 57916
1762909199, meta, 100000, 105902, 425, 0, 15593
1762912922, meta, 10, 28, 2, 0, 361
1762912924, meta, 10, 28, 2, 0, 389
1762912925, meta, 100, 28, 2, 0, 338
1762912927, meta, 100, 28, 2, 0, 352
1762912927, meta, 1000, 889, 2, 0, 296
1762912930, meta, 1000, 889, 2, 0, 370
1762912930, meta, 3000, 2715, 3, 0, 455
1762912932, meta, 3000, 2715, 3, 0, 481
1762912933, meta, 10000, 9975, 11, 0, 1014
1762912936, meta, 10000, 9975, 3, 0, 489
1762912936, meta, 30000, 30796, 11, 0, 2260
1762912941, meta, 30000, 30796, 8, 0, 855
1762912942, meta, 100000, 105902, 375, 0, 14991
1762912959, meta, 100000, 105902, 386, 0, 7771
1762916672, meta, 10, 28, 2, 0, 308
1762916674, meta, 10, 28, 2, 0, 341
1762916674, meta, 100, 28, 2, 0, 370
1762916677, meta, 100, 28, 2, 0, 347
1762916677, meta, 1000, 889, 3, 0, 367
1762916680, meta, 1000, 889, 3, 0, 369
1762916680, meta, 3000, 2714, 3, 0, 442
1762916682, meta, 3000, 2714, 3, 0, 437
1762916683, meta, 10000, 9976, 11, 0, 978
1762916686, meta, 10000, 9976, 11, 0, 664
1762916686, meta, 30000, 30796, 9, 0, 2280
1762916691, meta, 30000, 30796, 26, 0, 1173
1762916692, meta, 100000, 105903, 9, 0, 9098
1762916703, meta, 100000, 105903, 10, 0, 9094
1762920492, meta, 10, 28, 2, 0, 361
1762920495, meta, 10, 28, 2, 0, 357
1762920495, meta, 100, 28, 2, 0, 330
1762920497, meta, 100, 28, 2, 0, 347
1762920498, meta, 1000, 889, 3, 0, 350
1762920500, meta, 1000, 889, 3, 0, 384
1762920500, meta, 3000, 2714, 3, 0, 431
1762920503, meta, 3000, 2714, 3, 0, 399
1762920503, meta, 10000, 9975, 11, 0, 931
1762920506, meta, 10000, 9975, 11, 0, 678
1762920507, meta, 30000, 30796, 12, 0, 2315
1762920511, meta, 30000, 30796, 82, 0, 3260
1762920514, meta, 100000, 105903, 9, 0, 9149
1762920526, meta, 100000, 105903, 225, 0, 12804
1762924245, meta, 10, 28, 2, 0, 351
1762924247, meta, 10, 28, 2, 0, 369
1762924247, meta, 100, 28, 2, 0, 385
1762924250, meta, 100, 28, 2, 0, 333
1762924250, meta, 1000, 889, 3, 0, 374
1762924253, meta, 1000, 889, 3, 0, 356
1762924253, meta, 3000, 2714, 3, 0, 489
1762924255, meta, 3000, 2714, 3, 0, 448
1762924256, meta, 10000, 9975, 11, 0, 974
1762924259, meta, 10000, 9975, 11, 0, 543
1762924259, meta, 30000, 30796, 218, 0, 4974
1762924266, meta, 30000, 30796, 11, 0, 968
1762924267, meta, 100000, 105900, 13, 0, 9353
1762924279, meta, 100000, 105900, 13, 0, 2077
1762927994, meta, 10, 28, 2, 0, 274
1762927996, meta, 10, 28, 2, 0, 281
1762927996, meta, 100, 28, 2, 0, 364
1762927999, meta, 100, 28, 2, 0, 285
1762927999, meta, 1000, 889, 3, 0, 373
1762928001, meta, 1000, 889, 3, 0, 413
1762928002, meta, 3000, 2714, 3, 0, 434
1762928004, meta, 3000, 2714, 3, 0, 425
1762928004, meta, 10000, 9975, 11, 0, 900
1762928007, meta, 10000, 9975, 3, 0, 787
1762928008, meta, 30000, 30796, 60, 0, 2927
1762928013, meta, 30000, 30796, 12, 0, 2246
1762928015, meta, 100000, 105903, 10, 0, 9203
1762928027, meta, 100000, 105903, 9, 0, 2598
1762931735, meta, 10, 28, 2, 0, 353
1762931738, meta, 10, 28, 2, 0, 349
1762931738, meta, 100, 28, 2, 0, 346
1762931740, meta, 100, 28, 2, 0, 342
1762931741, meta, 1000, 890, 3, 0, 375
1762931743, meta, 1000, 890, 3, 0, 369
1762931743, meta, 3000, 2714, 2, 0, 469
1762931746, meta, 3000, 2714, 3, 0, 424
1762931746, meta, 10000, 9975, 11, 0, 868
1762931749, meta, 10000, 9975, 11, 0, 976
1762931750, meta, 30000, 30798, 10, 0, 2268
1762931754, meta, 30000, 30798, 66, 0, 3012
1762931758, meta, 100000, 105903, 12, 0, 9146
1762931769, meta, 100000, 105903, 13, 0, 2232
1762935491, meta, 10, 28, 2, 0, 413
1762935493, meta, 10, 28, 2, 0, 366
1762935493, meta, 100, 28, 2, 0, 328
1762935496, meta, 100, 28, 2, 0, 266
1762935496, meta, 1000, 890, 3, 0, 377
1762935498, meta, 1000, 890, 3, 0, 356
1762935499, meta, 3000, 2714, 2, 0, 473
1762935501, meta, 3000, 2714, 2, 0, 402
1762935502, meta, 10000, 9975, 11, 0, 971
1762935505, meta, 10000, 9975, 11, 0, 962
1762935505, meta, 30000, 30796, 39, 0, 2577
1762935510, meta, 30000, 30796, 10, 0, 2223
1762935512, meta, 100000, 105902, 196, 0, 12006
1762935526, meta, 100000, 105902, 13, 0, 2176
1762939237, meta, 10, 28, 2, 0, 342
1762939239, meta, 10, 28, 2, 0, 339
1762939239, meta, 100, 28, 2, 0, 320
1762939242, meta, 100, 28, 2, 0, 416
1762939242, meta, 1000, 889, 3, 0, 283
1762939244, meta, 1000, 889, 3, 0, 379
1762939245, meta, 3000, 2714, 3, 0, 447
1762939247, meta, 3000, 2714, 3, 0, 424
1762939248, meta, 10000, 9975, 11, 0, 973
1762939251, meta, 10000, 9975, 11, 0, 976
1762939252, meta, 30000, 30796, 11, 0, 2261
1762939256, meta, 30000, 30796, 36, 0, 2601
1762939258, meta, 100000, 105902, 14, 0, 9217
1762939270, meta, 100000, 105902, 10, 0, 9229
1762942982, meta, 10, 28, 2, 0, 268
1762942984, meta, 10, 28, 2, 0, 312
1762942985, meta, 100, 28, 2, 0, 274
1762942987, meta, 100, 28, 2, 0, 261
1762942987, meta, 1000, 889, 3, 0, 362
1762942990, meta, 1000, 889, 3, 0, 362
1762942990, meta, 3000, 2714, 3, 0, 522
1762942992, meta, 3000, 2714, 3, 0, 376
1762942993, meta, 10000, 9975, 11, 0, 919
1762942996, meta, 10000, 9975, 11, 0, 880
1762942997, meta, 30000, 30796, 11, 0, 2284
1762943001, meta, 30000, 30796, 144, 0, 3976
1762943005, meta, 100000, 105902, 8, 0, 9214
1762943016, meta, 100000, 105902, 412, 0, 15075
1762946742, meta, 10, 28, 2, 0, 351
1762946744, meta, 10, 28, 2, 0, 317
1762946745, meta, 100, 28, 2, 0, 338
1762946747, meta, 100, 28, 2, 0, 311
1762946747, meta, 1000, 889, 3, 0, 412
1762946750, meta, 1000, 889, 3, 0, 426
1762946750, meta, 3000, 2714, 2, 0, 410
1762946752, meta, 3000, 2714, 3, 0, 431
1762946753, meta, 10000, 9975, 11, 0, 1000
1762946756, meta, 10000, 9975, 11, 0, 951
1762946757, meta, 30000, 30796, 19, 0, 2420
1762946761, meta, 30000, 30796, 7, 0, 964
1762946762, meta, 100000, 105902, 201, 0, 12239
1762946776, meta, 100000, 105902, 13, 0, 9180
1762950507, meta, 10, 28, 2, 0, 273
1762950509, meta, 10, 28, 2, 0, 282
1762950509, meta, 100, 28, 2, 0, 331
1762950512, meta, 100, 28, 2, 0, 330
1762950512, meta, 1000, 889, 2, 0, 370
1762950514, meta, 1000, 889, 2, 0, 318
1762950515, meta, 3000, 2715, 3, 0, 509
1762950517, meta, 3000, 2715, 3, 0, 335
1762950517, meta, 10000, 9975, 11, 0, 895
1762950520, meta, 10000, 9975, 11, 0, 896
1762950521, meta, 30000, 30796, 11, 0, 2344
1762950526, meta, 30000, 30796, 12, 0, 2156
1762950528, meta, 100000, 105903, 13, 0, 9077
1762950539, meta, 100000, 105903, 9, 0, 9115
1762954272, meta, 10, 28, 2, 0, 354
1762954275, meta, 10, 28, 2, 0, 395
1762954275, meta, 100, 28, 2, 0, 337
1762954277, meta, 100, 28, 2, 0, 390
1762954278, meta, 1000, 889, 2, 0, 415
1762954280, meta, 1000, 889, 3, 0, 374
1762954281, meta, 3000, 2714, 3, 0, 456
1762954283, meta, 3000, 2714, 3, 0, 439
1762954284, meta, 10000, 9975, 11, 0, 954
1762954286, meta, 10000, 9975, 12, 0, 964
1762954287, meta, 30000, 30796, 11, 0, 2316
1762954292, meta, 30000, 30796, 11, 0, 999
1762954293, meta, 100000, 105903, 18, 0, 9239
1762954304, meta, 100000, 105903, 9, 0, 2623
1762958100, meta, 10, 28, 2, 0, 344
1762958103, meta, 10, 28, 2, 0, 364
1762958103, meta, 100, 28, 2, 0, 355
1762958105, meta, 100, 28, 2, 0, 284
1762958106, meta, 1000, 889, 3, 0, 366
1762958108, meta, 1000, 889, 3, 0, 356
1762958108, meta, 3000, 2714, 3, 0, 461
1762958111, meta, 3000, 2714, 3, 0, 406
1762958111, meta, 10000, 9975, 11, 0, 971
1762958114, meta, 10000, 9975, 11, 0, 618
1762958115, meta, 30000, 30796, 11, 0, 2247
1762958119, meta, 30000, 30796, 13, 0, 2342
1762958121, meta, 100000, 105902, 12, 0, 9162
1762958132, meta, 100000, 105902, 285, 0, 13507
1762961857, meta, 10, 28, 2, 0, 380
1762961859, meta, 10, 28, 2, 0, 345
1762961859, meta, 100, 28, 2, 0, 363
1762961862, meta, 100, 28, 2, 0, 351
1762961862, meta, 1000, 889, 3, 0, 424
1762961864, meta, 1000, 889, 3, 0, 363
1762961865, meta, 3000, 2714, 3, 0, 454
1762961867, meta, 3000, 2714, 3, 0, 455
1762961868, meta, 10000, 9975, 11, 0, 1015
1762961871, meta, 10000, 9975, 12, 0, 964
1762961872, meta, 30000, 30796, 216, 0, 4941
1762961879, meta, 30000, 30796, 11, 0, 1166
1762961880, meta, 100000, 105902, 341, 0, 14508
1762961896, meta, 100000, 105902, 9, 0, 9235
1762965627, meta, 10, 28, 2, 0, 359
1762965629, meta, 10, 28, 2, 0, 365
1762965629, meta, 100, 28, 2, 0, 314
1762965632, meta, 100, 28, 2, 0, 355
1762965632, meta, 1000, 889, 2, 0, 378
1762965634, meta, 1000, 889, 2, 0, 412
1762965635, meta, 3000, 2714, 3, 0, 466
1762965637, meta, 3000, 2714, 3, 0, 464
1762965638, meta, 10000, 9975, 11, 0, 978
1762965641, meta, 10000, 9975, 11, 0, 671
1762965641, meta, 30000, 30796, 12, 0, 2398
1762965646, meta, 30000, 30796, 10, 0, 1097
1762965647, meta, 100000, 105902, 9, 0, 9211
1762965658, meta, 100000, 105902, 9, 0, 9005
1762969377, meta, 10, 28, 2, 0, 415
1762969380, meta, 10, 28, 2, 0, 340
1762969380, meta, 100, 28, 2, 0, 343
1762969382, meta, 100, 28, 2, 0, 347
1762969383, meta, 1000, 889, 3, 0, 472
1762969385, meta, 1000, 889, 3, 0, 362
1762969386, meta, 3000, 2714, 3, 0, 438
1762969388, meta, 3000, 2714, 3, 0, 463
1762969388, meta, 10000, 9975, 11, 0, 1003
1762969391, meta, 10000, 9975, 11, 0, 1022
1762969392, meta, 30000, 30796, 11, 0, 2306
1762969397, meta, 30000, 30796, 11, 0, 2467
1762969399, meta, 100000, 105902, 366, 0, 14756
1762969416, meta, 100000, 105902, 369, 0, 7704
1762973139, meta, 10, 28, 2, 0, 357
1762973141, meta, 10, 28, 2, 0, 333
1762973142, meta, 100, 28, 2, 0, 311
1762973144, meta, 100, 28, 2, 0, 324
1762973144, meta, 1000, 889, 3, 0, 357
1762973147, meta, 1000, 889, 3, 0, 349
1762973147, meta, 3000, 2714, 3, 0, 477
1762973149, meta, 3000, 2714, 3, 0, 502
1762973150, meta, 10000, 9975, 11, 0, 976
1762973153, meta, 10000, 9975, 12, 0, 972
1762973154, meta, 30000, 30796, 290, 0, 5916
1762973162, meta, 30000, 30796, 89, 0, 3426
1762973165, meta, 100000, 105902, 9, 0, 9145
1762973176, meta, 100000, 105902, 606, 0, 17851
1762977002, meta, 10, 28, 2, 0, 375
1762977005, meta, 10, 28, 2, 0, 340
1762977005, meta, 100, 28, 2, 0, 340
1762977007, meta, 100, 28, 2, 0, 318
1762977008, meta, 1000, 889, 3, 0, 371
1762977010, meta, 1000, 889, 3, 0, 349
1762977010, meta, 3000, 2714, 3, 0, 503
1762977013, meta, 3000, 2714, 3, 0, 437
1762977013, meta, 10000, 9975, 11, 0, 972
1762977016, meta, 10000, 9975, 3, 0, 797
1762977017, meta, 30000, 30796, 11, 0, 2267
1762977021, meta, 30000, 30796, 195, 0, 4821
1762977026, meta, 100000, 105903, 11, 0, 9054
1762977037, meta, 100000, 105903, 14, 0, 9231
1762980789, meta, 10, 28, 2, 0, 353
1762980791, meta, 10, 28, 2, 0, 350
1762980792, meta, 100, 28, 2, 0, 346
1762980794, meta, 100, 28, 2, 0, 314
1762980794, meta, 1000, 889, 3, 0, 303
1762980797, meta, 1000, 889, 3, 0, 392
1762980797, meta, 3000, 2714, 3, 0, 419
1762980800, meta, 3000, 2714, 3, 0, 478
1762980800, meta, 10000, 9975, 11, 0, 966
1762980803, meta, 10000, 9975, 11, 0, 527
1762980804, meta, 30000, 30796, 13, 0, 2298
1762980808, meta, 30000, 30796, 11, 0, 1003
1762980809, meta, 100000, 105903, 9, 0, 9083
1762980820, meta, 100000, 105903, 12, 0, 2194
1762984525, meta, 10, 28, 2, 0, 376
1762984527, meta, 10, 28, 2, 0, 360
1762984528, meta, 100, 28, 2, 0, 360
1762984530, meta, 100, 28, 2, 0, 355
1762984531, meta, 1000, 889, 3, 0, 394
1762984533, meta, 1000, 889, 3, 0, 358
1762984533, meta, 3000, 2714, 3, 0, 476
1762984536, meta, 3000, 2714, 3, 0, 464
1762984536, meta, 10000, 9975, 11, 0, 978
1762984539, meta, 10000, 9975, 11, 0, 966
1762984540, meta, 30000, 30796, 10, 0, 2349
1762984545, meta, 30000, 30796, 12, 0, 1057
1762984546, meta, 100000, 105902, 764, 0, 20820
1762984568, meta, 100000, 105902, 349, 0, 7296
1762988286, meta, 10, 28, 2, 0, 368
1762988288, meta, 10, 28, 2, 0, 374
1762988288, meta, 100, 28, 2, 0, 359
1762988291, meta, 100, 28, 2, 0, 338
1762988291, meta, 1000, 890, 3, 0, 353
1762988293, meta, 1000, 890, 3, 0, 360
1762988294, meta, 3000, 2714, 3, 0, 449
1762988296, meta, 3000, 2714, 3, 0, 447
1762988297, meta, 10000, 9975, 3, 0, 867
1762988300, meta, 10000, 9975, 11, 0, 671
1762988300, meta, 30000, 30796, 11, 0, 2264
1762988305, meta, 30000, 30796, 11, 0, 2219
1762988307, meta, 100000, 105902, 12, 0, 9043
1762988318, meta, 100000, 105902, 320, 0, 13993
1762992038, meta, 10, 28, 2, 0, 450
1762992041, meta, 10, 28, 2, 0, 326
1762992041, meta, 100, 28, 2, 0, 368
1762992044, meta, 100, 28, 2, 0, 326
1762992044, meta, 1000, 889, 3, 0, 412
1762992046, meta, 1000, 889, 2, 0, 360
1762992047, meta, 3000, 2714, 3, 0, 511
1762992049, meta, 3000, 2714, 3, 0, 465
1762992050, meta, 10000, 9975, 11, 0, 975
1762992053, meta, 10000, 9975, 11, 0, 953
1762992054, meta, 30000, 30796, 31, 0, 2785
1762992058, meta, 30000, 30796, 11, 0, 955
1762992059, meta, 100000, 105902, 11, 0, 9103
1762992070, meta, 100000, 105902, 341, 0, 7025
1762995788, meta, 10, 28, 2, 0, 347
1762995791, meta, 10, 28, 2, 0, 416
1762995791, meta, 100, 28, 2, 0, 418
1762995793, meta, 100, 28, 2, 0, 343
1762995794, meta, 1000, 889, 3, 0, 391
1762995796, meta, 1000, 889, 3, 0, 373
1762995797, meta, 3000, 2714, 3, 0, 448
1762995799, meta, 3000, 2714, 3, 0, 418
1762995799, meta, 10000, 9975, 11, 0, 978
1762995802, meta, 10000, 9975, 11, 0, 628
1762995803, meta, 30000, 30796, 11, 0, 2284
1762995807, meta, 30000, 30796, 110, 0, 3687
1762995811, meta, 100000, 105902, 11, 0, 9165
1762995822, meta, 100000, 105902, 12, 0, 2156
1762999620, meta, 10, 28, 2, 0, 401
1762999623, meta, 10, 28, 2, 0, 366
1762999623, meta, 100, 28, 2, 0, 348
1762999625, meta, 100, 28, 2, 0, 336
1762999626, meta, 1000, 889, 3, 0, 338
1762999628, meta, 1000, 889, 2, 0, 373
1762999628, meta, 3000, 2714, 3, 0, 448
1762999631, meta, 3000, 2714, 3, 0, 371
1762999631, meta, 10000, 9975, 11, 0, 973
1762999634, meta, 10000, 9975, 12, 0, 617
1762999635, meta, 30000, 30796, 11, 0, 2287
1762999639, meta, 30000, 30796, 268, 0, 5951
1762999645, meta, 100000, 105903, 12, 0, 9449
1762999656, meta, 100000, 105903, 13, 0, 2107
1763003373, meta, 10, 28, 2, 0, 395
1763003376, meta, 10, 28, 2, 0, 375
1763003376, meta, 100, 28, 2, 0, 337
1763003378, meta, 100, 28, 2, 0, 353
1763003379, meta, 1000, 889, 3, 0, 361
1763003381, meta, 1000, 889, 3, 0, 391
1763003381, meta, 3000, 2714, 2, 0, 464
1763003384, meta, 3000, 2714, 3, 0, 458
1763003384, meta, 10000, 9975, 11, 0, 973
1763003387, meta, 10000, 9975, 11, 0, 627
1763003388, meta, 30000, 30796, 11, 0, 2308
1763003392, meta, 30000, 30796, 294, 0, 5948
1763003398, meta, 100000, 105903, 13, 0, 9147
1763003409, meta, 100000, 105903, 8, 0, 8940
1763007210, meta, 10, 28, 2, 0, 440
1763007212, meta, 10, 28, 2, 0, 334
1763007212, meta, 100, 28, 2, 0, 345
1763007215, meta, 100, 28, 2, 0, 390
1763007215, meta, 1000, 889, 3, 0, 412
1763007218, meta, 1000, 889, 2, 0, 373
1763007218, meta, 3000, 2715, 3, 0, 390
1763007220, meta, 3000, 2715, 3, 0, 455
1763007221, meta, 10000, 9975, 11, 0, 901
1763007224, meta, 10000, 9975, 11, 0, 980
1763007225, meta, 30000, 30796, 11, 0, 2313
1763007229, meta, 30000, 30796, 11, 0, 2235
1763007231, meta, 100000, 105904, 9, 0, 9072
1763007242, meta, 100000, 105904, 9, 0, 9017
1763011054, meta, 10, 28, 2, 0, 334
1763011057, meta, 10, 28, 2, 0, 344
1763011057, meta, 100, 28, 2, 0, 352
1763011059, meta, 100, 28, 2, 0, 353
1763011060, meta, 1000, 889, 2, 0, 375
1763011062, meta, 1000, 889, 2, 0, 425
1763011063, meta, 3000, 2714, 3, 0, 463
1763011065, meta, 3000, 2714, 3, 0, 449
1763011065, meta, 10000, 9975, 11, 0, 995
1763011068, meta, 10000, 9975, 11, 0, 744
1763011069, meta, 30000, 30796, 54, 0, 2830
1763011074, meta, 30000, 30796, 75, 0, 1967
1763011076, meta, 100000, 105901, 9, 0, 9254
1763011087, meta, 100000, 105901, 13, 0, 2053
1763014881, meta, 10, 28, 2, 0, 355
1763014883, meta, 10, 28, 2, 0, 331
1763014884, meta, 100, 28, 2, 0, 404
1763014886, meta, 100, 28, 2, 0, 260
1763014886, meta, 1000, 889, 2, 0, 305
1763014888, meta, 1000, 889, 3, 0, 370
1763014889, meta, 3000, 2714, 3, 0, 478
1763014891, meta, 3000, 2714, 3, 0, 471
1763014892, meta, 10000, 9975, 11, 0, 965
1763014895, meta, 10000, 9975, 11, 0, 601
1763014895, meta, 30000, 30796, 193, 0, 4638
1763014902, meta, 30000, 30796, 12, 0, 2231
1763014904, meta, 100000, 105903, 12, 0, 9084
1763014915, meta, 100000, 105903, 8, 0, 9091
1763018713, meta, 10, 28, 2, 0, 394
1763018715, meta, 10, 28, 2, 0, 366
1763018716, meta, 100, 28, 2, 0, 391
1763018718, meta, 100, 28, 2, 0, 382
1763018718, meta, 1000, 889, 2, 0, 472
1763018721, meta, 1000, 889, 2, 0, 467
1763018721, meta, 3000, 2714, 3, 0, 458
1763018724, meta, 3000, 2714, 3, 0, 475
1763018724, meta, 10000, 9975, 11, 0, 1000
1763018727, meta, 10000, 9975, 12, 0, 1001
1763018728, meta, 30000, 30796, 12, 0, 2267
1763018733, meta, 30000, 30796, 61, 0, 2871
1763018735, meta, 100000, 105902, 3, 0, 9101
1763018746, meta, 100000, 105902, 321, 0, 7210
1763022461, meta, 10, 28, 2, 0, 349
1763022464, meta, 10, 28, 2, 0, 360
1763022464, meta, 100, 28, 2, 0, 340
1763022466, meta, 100, 28, 2, 0, 370
1763022467, meta, 1000, 889, 3, 0, 441
1763022469, meta, 1000, 889, 3, 0, 378
1763022469, meta, 3000, 2714, 3, 0, 472
1763022472, meta, 3000, 2714, 3, 0, 511
1763022472, meta, 10000, 9975, 12, 0, 984
1763022475, meta, 10000, 9975, 3, 0, 875
1763022476, meta, 30000, 30796, 25, 0, 2484
1763022481, meta, 30000, 30796, 12, 0, 1291
1763022482, meta, 100000, 105902, 524, 0, 16171
1763022500, meta, 100000, 105902, 564, 0, 17497
1763026306, meta, 10, 28, 2, 0, 356
1763026309, meta, 10, 28, 2, 0, 355
1763026309, meta, 100, 28, 2, 0, 381
1763026312, meta, 100, 28, 2, 0, 342
1763026312, meta, 1000, 889, 3, 0, 370
1763026314, meta, 1000, 889, 3, 0, 379
1763026315, meta, 3000, 2714, 3, 0, 445
1763026317, meta, 3000, 2714, 3, 0, 439
1763026318, meta, 10000, 9975, 11, 0, 986
1763026321, meta, 10000, 9975, 11, 0, 653
1763026321, meta, 30000, 30796, 11, 0, 2274
1763026325, meta, 30000, 30796, 11, 0, 894
1763026326, meta, 100000, 105904, 11, 0, 9121
1763026337, meta, 100000, 105904, 11, 0, 9160
1763030048, meta, 10, 28, 2, 0, 345
1763030050, meta, 10, 28, 2, 0, 278
1763030050, meta, 100, 28, 2, 0, 416
1763030053, meta, 100, 28, 2, 0, 294
1763030053, meta, 1000, 889, 3, 0, 342
1763030055, meta, 1000, 889, 3, 0, 383
1763030056, meta, 3000, 2714, 3, 0, 466
1763030058, meta, 3000, 2714, 3, 0, 451
1763030059, meta, 10000, 9976, 11, 0, 898
1763030062, meta, 10000, 9976, 11, 0, 967
1763030063, meta, 30000, 30796, 56, 0, 2968
1763030068, meta, 30000, 30796, 11, 0, 833
1763030068, meta, 100000, 105903, 12, 0, 9138
1763030079, meta, 100000, 105903, 460, 0, 16011
1763033813, meta, 10, 28, 2, 0, 362
1763033816, meta, 10, 28, 2, 0, 341
1763033816, meta, 100, 28, 2, 0, 347
1763033818, meta, 100, 28, 2, 0, 413
1763033819, meta, 1000, 889, 3, 0, 430
1763033821, meta, 1000, 889, 3, 0, 381
1763033822, meta, 3000, 2714, 3, 0, 488
1763033824, meta, 3000, 2714, 3, 0, 597
1763033825, meta, 10000, 9975, 11, 0, 962
1763033828, meta, 10000, 9975, 8, 0, 905
1763033829, meta, 30000, 30796, 91, 0, 3252
1763033834, meta, 30000, 30796, 12, 0, 1031
1763033835, meta, 100000, 105902, 9, 0, 9148
1763033846, meta, 100000, 105902, 13, 0, 9294
1763037638, meta, 10, 28, 2, 0, 279
1763037640, meta, 10, 28, 2, 0, 262
1763037640, meta, 100, 28, 2, 0, 269
1763037643, meta, 100, 28, 2, 0, 374
1763037643, meta, 1000, 889, 3, 0, 308
1763037645, meta, 1000, 889, 3, 0, 313
1763037646, meta, 3000, 2714, 3, 0, 389
1763037648, meta, 3000, 2714, 3, 0, 516
1763037648, meta, 10000, 9975, 11, 0, 979
1763037651, meta, 10000, 9975, 11, 0, 537
1763037652, meta, 30000, 30796, 11, 0, 2296
1763037656, meta, 30000, 30796, 14, 0, 1308
1763037658, meta, 100000, 105901, 9, 0, 8981
1763037669, meta, 100000, 105901, 12, 0, 1845
1763041382, meta, 10, 28, 2, 0, 288
1763041384, meta, 10, 28, 2, 0, 1073
1763041385, meta, 100, 28, 2, 0, 388
1763041388, meta, 100, 28, 2, 0, 378
1763041388, meta, 1000, 889, 3, 0, 344
1763041391, meta, 1000, 889, 3, 0, 377
1763041391, meta, 3000, 2716, 3, 0, 410
1763041393, meta, 3000, 2716, 3, 0, 438
1763041394, meta, 10000, 9975, 11, 0, 988
1763041397, meta, 10000, 9975, 11, 0, 999
1763041398, meta, 30000, 30797, 28, 0, 2628
1763041402, meta, 30000, 30797, 10, 0, 899
1763041403, meta, 100000, 105901, 361, 0, 15510
1763041421, meta, 100000, 105901, 12, 0, 9050
1763045217, meta, 10, 28, 2, 0, 405
1763045219, meta, 10, 28, 2, 0, 350
1763045220, meta, 100, 28, 2, 0, 282
1763045222, meta, 100, 28, 2, 0, 387
1763045222, meta, 1000, 889, 3, 0, 383
1763045225, meta, 1000, 889, 3, 0, 365
1763045225, meta, 3000, 2714, 3, 0, 436
1763045227, meta, 3000, 2714, 3, 0, 493
1763045228, meta, 10000, 9975, 3, 0, 814
1763045231, meta, 10000, 9975, 11, 0, 997
1763045232, meta, 30000, 30796, 11, 0, 2194
1763045236, meta, 30000, 30796, 11, 0, 2213
1763045238, meta, 100000, 105902, 482, 0, 17054
1763045257, meta, 100000, 105902, 107, 0, 10634
1763049059, meta, 10, 28, 2, 0, 385
1763049061, meta, 10, 28, 2, 0, 343
1763049061, meta, 100, 28, 2, 0, 386
1763049064, meta, 100, 28, 2, 0, 366
1763049064, meta, 1000, 889, 3, 0, 401
1763049066, meta, 1000, 889, 3, 0, 405
1763049067, meta, 3000, 2714, 3, 0, 433
1763049069, meta, 3000, 2714, 3, 0, 497
1763049070, meta, 10000, 9975, 11, 0, 966
1763049073, meta, 10000, 9975, 11, 0, 982
1763049074, meta, 30000, 30796, 10, 0, 2289
1763049078, meta, 30000, 30796, 11, 0, 2316
1763049080, meta, 100000, 105903, 14, 0, 9185
1763049092, meta, 100000, 105903, 9, 0, 2012
1763052824, meta, 10, 28, 2, 0, 333
1763052826, meta, 10, 28, 2, 0, 413
1763052827, meta, 100, 28, 2, 0, 350
1763052829, meta, 100, 28, 2, 0, 421
1763052829, meta, 1000, 889, 3, 0, 420
1763052832, meta, 1000, 889, 2, 0, 381
1763052832, meta, 3000, 2714, 3, 0, 460
1763052835, meta, 3000, 2714, 3, 0, 432
1763052835, meta, 10000, 9975, 11, 0, 1059
1763052838, meta, 10000, 9975, 11, 0, 994
1763052839, meta, 30000, 30796, 11, 0, 2279
1763052843, meta, 30000, 30796, 295, 0, 4522
1763052848, meta, 100000, 105903, 9, 0, 9164
1763052859, meta, 100000, 105903, 392, 0, 15296
1763056579, meta, 10, 28, 2, 0, 364
1763056582, meta, 10, 28, 2, 0, 387
1763056582, meta, 100, 28, 2, 0, 382
1763056584, meta, 100, 28, 2, 0, 381
1763056585, meta, 1000, 890, 3, 0, 377
1763056587, meta, 1000, 890, 3, 0, 366
1763056587, meta, 3000, 2714, 3, 0, 431
1763056590, meta, 3000, 2714, 3, 0, 627
1763056590, meta, 10000, 9975, 11, 0, 1032
1763056594, meta, 10000, 9975, 11, 0, 978
1763056594, meta, 30000, 30796, 13, 0, 2293
1763056599, meta, 30000, 30796, 12, 0, 2275
1763056601, meta, 100000, 105902, 10, 0, 9232
1763056612, meta, 100000, 105902, 12, 0, 9274
1763060421, meta, 10, 28, 2, 0, 371
1763060424, meta, 10, 28, 2, 0, 333
1763060424, meta, 100, 28, 2, 0, 338
1763060427, meta, 100, 28, 2, 0, 583
1763060427, meta, 1000, 890, 3, 0, 367
1763060429, meta, 1000, 890, 3, 0, 364
1763060430, meta, 3000, 2714, 3, 0, 434
1763060432, meta, 3000, 2714, 3, 0, 446
1763060433, meta, 10000, 9975, 11, 0, 989
1763060436, meta, 10000, 9975, 3, 0, 532
1763060436, meta, 30000, 30796, 11, 0, 2246
1763060440, meta, 30000, 30796, 11, 0, 1184
1763060442, meta, 100000, 105903, 336, 0, 14165
1763060458, meta, 100000, 105903, 10, 0, 9021
1763064233, meta, 10, 28, 2, 0, 345
1763064236, meta, 10, 28, 2, 0, 364
1763064236, meta, 100, 28, 2, 0, 418
1763064239, meta, 100, 28, 2, 0, 340
1763064239, meta, 1000, 889, 3, 0, 380
1763064241, meta, 1000, 889, 3, 0, 363
1763064242, meta, 3000, 2714, 3, 0, 486
1763064244, meta, 3000, 2714, 3, 0, 442
1763064245, meta, 10000, 9975, 11, 0, 986
1763064248, meta, 10000, 9975, 11, 0, 631
1763064248, meta, 30000, 30796, 71, 0, 3004
1763064253, meta, 30000, 30796, 11, 0, 950
1763064254, meta, 100000, 105903, 13, 0, 9079
1763064265, meta, 100000, 105903, 12, 0, 9142
1763068008, meta, 10, 28, 2, 0, 417
1763068010, meta, 10, 28, 2, 0, 393
1763068011, meta, 100, 28, 2, 0, 362
1763068013, meta, 100, 28, 2, 0, 401
1763068013, meta, 1000, 889, 3, 0, 477
1763068016, meta, 1000, 889, 3, 0, 349
1763068016, meta, 3000, 2714, 3, 0, 386
1763068019, meta, 3000, 2714, 3, 0, 439
1763068019, meta, 10000, 9975, 11, 0, 1031
1763068022, meta, 10000, 9975, 41, 0, 1083
1763068023, meta, 30000, 30796, 11, 0, 2173
1763068027, meta, 30000, 30796, 35, 0, 1327
1763068029, meta, 100000, 105902, 11, 0, 9108
1763068040, meta, 100000, 105902, 11, 0, 2186
1763071747, meta, 10, 28, 2, 0, 393
1763071749, meta, 10, 28, 2, 0, 347
1763071749, meta, 100, 28, 2, 0, 339
1763071752, meta, 100, 28, 2, 0, 348
1763071752, meta, 1000, 889, 2, 0, 362
1763071755, meta, 1000, 889, 3, 0, 359
1763071755, meta, 3000, 2714, 3, 0, 461
1763071757, meta, 3000, 2714, 3, 0, 393
1763071758, meta, 10000, 9975, 11, 0, 1000
1763071761, meta, 10000, 9975, 11, 0, 978
1763071762, meta, 30000, 30796, 11, 0, 2261
1763071766, meta, 30000, 30796, 11, 0, 1014
1763071767, meta, 100000, 105902, 9, 0, 9155
1763071778, meta, 100000, 105902, 13, 0, 2158
1763075653, meta, 10, 28, 2, 0, 310
1763075656, meta, 10, 28, 2, 0, 328
1763075656, meta, 100, 28, 2, 0, 310
1763075658, meta, 100, 28, 2, 0, 302
1763075659, meta, 1000, 889, 3, 0, 348
1763075661, meta, 1000, 889, 3, 0, 362
1763075661, meta, 3000, 2714, 3, 0, 424
1763075664, meta, 3000, 2714, 3, 0, 408
1763075664, meta, 10000, 9975, 11, 0, 938
1763075667, meta, 10000, 9975, 11, 0, 944
1763075668, meta, 30000, 30796, 8, 0, 2254
1763075672, meta, 30000, 30796, 13, 0, 2275
1763075675, meta, 100000, 105902, 419, 0, 15776
1763075692, meta, 100000, 105902, 11, 0, 9040
1763079405, meta, 10, 28, 2, 0, 326
1763079407, meta, 10, 28, 2, 0, 334
1763079408, meta, 100, 28, 2, 0, 349
1763079410, meta, 100, 28, 2, 0, 334
1763079410, meta, 1000, 889, 3, 0, 361
1763079413, meta, 1000, 889, 3, 0, 374
1763079413, meta, 3000, 2714, 3, 0, 454
1763079416, meta, 3000, 2714, 3, 0, 438
1763079416, meta, 10000, 9976, 11, 0, 894
1763079419, meta, 10000, 9976, 11, 0, 956
1763079420, meta, 30000, 30796, 11, 0, 2272
1763079424, meta, 30000, 30796, 123, 0, 2472
1763079427, meta, 100000, 105903, 11, 0, 9177
1763079438, meta, 100000, 105903, 504, 0, 16490
1763083334, meta, 10, 28, 2, 0, 415
1763083336, meta, 10, 28, 2, 0, 411
1763083337, meta, 100, 28, 2, 0, 342
1763083339, meta, 100, 28, 2, 0, 344
1763083340, meta, 1000, 890, 3, 0, 365
1763083342, meta, 1000, 890, 3, 0, 388
1763083342, meta, 3000, 2714, 3, 0, 455
1763083345, meta, 3000, 2714, 3, 0, 424
1763083345, meta, 10000, 9975, 11, 0, 979
1763083348, meta, 10000, 9975, 11, 0, 788
1763083349, meta, 30000, 30796, 13, 0, 2294
1763083353, meta, 30000, 30796, 13, 0, 2378
1763083356, meta, 100000, 105902, 12, 0, 9242
1763083367, meta, 100000, 105902, 10, 0, 9214
1763087164, meta, 10, 28, 2, 0, 358
1763087166, meta, 10, 28, 2, 0, 401
1763087166, meta, 100, 28, 2, 0, 400
1763087169, meta, 100, 28, 2, 0, 329
1763087169, meta, 1000, 889, 3, 0, 421
1763087172, meta, 1000, 889, 2, 0, 435
1763087172, meta, 3000, 2714, 3, 0, 429
1763087174, meta, 3000, 2714, 3, 0, 405
1763087175, meta, 10000, 9976, 11, 0, 976
1763087178, meta, 10000, 9976, 11, 0, 656
1763087178, meta, 30000, 30796, 12, 0, 2292
1763087183, meta, 30000, 30796, 12, 0, 2400
1763087185, meta, 100000, 105903, 441, 0, 16061
1763087203, meta, 100000, 105903, 443, 0, 16138
1763090928, meta, 10, 28, 2, 0, 440
1763090930, meta, 10, 28, 2, 0, 398
1763090931, meta, 100, 28, 2, 0, 348
1763090933, meta, 100, 28, 2, 0, 332
1763090933, meta, 1000, 889, 3, 0, 353
1763090936, meta, 1000, 889, 3, 0, 331
1763090936, meta, 3000, 2714, 3, 0, 457
1763090939, meta, 3000, 2714, 3, 0, 336
1763090939, meta, 10000, 9975, 12, 0, 969
1763090942, meta, 10000, 9975, 3, 0, 793
1763090943, meta, 30000, 30796, 11, 0, 2289
1763090947, meta, 30000, 30796, 11, 0, 2185
1763090949, meta, 100000, 105903, 333, 0, 13986
1763090965, meta, 100000, 105903, 11, 0, 8931
1763094771, meta, 10, 28, 2, 0, 334
1763094773, meta, 10, 28, 2, 0, 272
1763094774, meta, 100, 28, 2, 0, 346
1763094776, meta, 100, 28, 2, 0, 346
1763094776, meta, 1000, 890, 2, 0, 349
1763094779, meta, 1000, 890, 2, 0, 363
1763094779, meta, 3000, 2714, 3, 0, 441
1763094781, meta, 3000, 2714, 2, 0, 435
1763094782, meta, 10000, 9975, 11, 0, 975
1763094785, meta, 10000, 9975, 11, 0, 875
1763094786, meta, 30000, 30796, 93, 0, 3443
1763094791, meta, 30000, 30796, 77, 0, 3141
1763094794, meta, 100000, 105903, 11, 0, 9144
1763094806, meta, 100000, 105903, 11, 0, 9170
1763098610, meta, 10, 28, 2, 0, 333
1763098612, meta, 10, 28, 2, 0, 326
1763098612, meta, 100, 28, 2, 0, 332
1763098615, meta, 100, 28, 2, 0, 313
1763098615, meta, 1000, 889, 3, 0, 344
1763098617, meta, 1000, 889, 3, 0, 358
1763098618, meta, 3000, 2714, 3, 0, 414
1763098620, meta, 3000, 2714, 3, 0, 396
1763098620, meta, 10000, 9975, 11, 0, 950
1763098623, meta, 10000, 9975, 11, 0, 601
1763098624, meta, 30000, 30796, 10, 0, 2205
1763098628, meta, 30000, 30796, 13, 0, 937
1763098629, meta, 100000, 105903, 9, 0, 9142
1763098640, meta, 100000, 105903, 9, 0, 8944
1763102573, meta, 10, 28, 2, 0, 416
1763102576, meta, 10, 28, 2, 0, 452
1763102576, meta, 100, 28, 2, 0, 365
1763102579, meta, 100, 28, 2, 0, 333
1763102579, meta, 1000, 889, 3, 0, 344
1763102581, meta, 1000, 889, 3, 0, 420
1763102582, meta, 3000, 2714, 3, 0, 452
1763102584, meta, 3000, 2714, 3, 0, 431
1763102585, meta, 10000, 9975, 11, 0, 1002
1763102588, meta, 10000, 9975, 11, 0, 688
1763102588, meta, 30000, 30796, 11, 0, 2252
1763102593, meta, 30000, 30796, 196, 0, 3381
1763102596, meta, 100000, 105902, 336, 0, 14403
1763102612, meta, 100000, 105902, 12, 0, 2155
1763106320, meta, 10, 28, 2, 0, 281
1763106323, meta, 10, 28, 2, 0, 351
1763106323, meta, 100, 28, 2, 0, 364
1763106325, meta, 100, 28, 2, 0, 309
1763106326, meta, 1000, 889, 2, 0, 355
1763106328, meta, 1000, 889, 3, 0, 368
1763106329, meta, 3000, 2714, 3, 0, 441
1763106331, meta, 3000, 2714, 3, 0, 336
1763106331, meta, 10000, 9975, 3, 0, 785
1763106334, meta, 10000, 9975, 11, 0, 648
1763106335, meta, 30000, 30796, 12, 0, 2316
1763106339, meta, 30000, 30796, 12, 0, 2291
1763106341, meta, 100000, 105903, 54, 0, 9752
1763106353, meta, 100000, 105903, 483, 0, 16092
1763110160, meta, 10, 28, 2, 0, 340
1763110163, meta, 10, 28, 2, 0, 449
1763110163, meta, 100, 28, 2, 0, 350
1763110166, meta, 100, 28, 2, 0, 322
1763110166, meta, 1000, 889, 3, 0, 369
1763110168, meta, 1000, 889, 3, 0, 449
1763110169, meta, 3000, 2714, 3, 0, 462
1763110171, meta, 3000, 2714, 3, 0, 420
1763110172, meta, 10000, 9975, 11, 0, 964
1763110175, meta, 10000, 9975, 11, 0, 979
1763110176, meta, 30000, 30796, 254, 0, 5612
1763110183, meta, 30000, 30796, 11, 0, 1006
1763110184, meta, 100000, 105902, 439, 0, 15803
1763110202, meta, 100000, 105902, 11, 0, 2261
1763113999, meta, 10, 28, 2, 0, 368
1763114001, meta, 10, 28, 2, 0, 339
1763114002, meta, 100, 28, 2, 0, 354
1763114004, meta, 100, 28, 2, 0, 354
1763114004, meta, 1000, 889, 3, 0, 346
1763114007, meta, 1000, 889, 3, 0, 369
1763114007, meta, 3000, 2714, 3, 0, 432
1763114010, meta, 3000, 2714, 3, 0, 446
1763114010, meta, 10000, 9975, 11, 0, 1006
1763114013, meta, 10000, 9975, 11, 0, 1058
1763114014, meta, 30000, 30796, 11, 0, 2267
1763114018, meta, 30000, 30796, 11, 0, 973
1763114019, meta, 100000, 105903, 9, 0, 9110
1763114030, meta, 100000, 105903, 9, 0, 9064
1763117748, meta, 10, 28, 2, 0, 365
1763117751, meta, 10, 28, 2, 0, 336
1763117751, meta, 100, 28, 2, 0, 346
1763117753, meta, 100, 28, 2, 0, 327
1763117754, meta, 1000, 889, 2, 0, 365
1763117756, meta, 1000, 889, 2, 0, 374
1763117756, meta, 3000, 2714, 2, 0, 375
1763117759, meta, 3000, 2714, 2, 0, 424
1763117759, meta, 10000, 9975, 11, 0, 895
1763117762, meta, 10000, 9975, 11, 0, 989
1763117763, meta, 30000, 30796, 70, 0, 3049
1763117768, meta, 30000, 30796, 11, 0, 2232
1763117770, meta, 100000, 105902, 18, 0, 9185
1763117781, meta, 100000, 105902, 401, 0, 14722
1763121498, meta, 10, 28, 2, 0, 345
1763121500, meta, 10, 28, 2, 0, 325
1763121500, meta, 100, 28, 2, 0, 326
1763121503, meta, 100, 28, 2, 0, 339
1763121503, meta, 1000, 890, 3, 0, 347
1763121505, meta, 1000, 890, 3, 0, 359
1763121506, meta, 3000, 2714, 3, 0, 454
1763121508, meta, 3000, 2714, 3, 0, 421
1763121509, meta, 10000, 9976, 11, 0, 973
1763121512, meta, 10000, 9976, 11, 0, 1024
1763121513, meta, 30000, 30796, 11, 0, 2266
1763121517, meta, 30000, 30796, 94, 0, 2130
1763121519, meta, 100000, 105903, 10, 0, 9298
1763121530, meta, 100000, 105903, 10, 0, 2098
1763125250, meta, 10, 28, 2, 0, 460
1763125253, meta, 10, 28, 2, 0, 377
1763125253, meta, 100, 28, 2, 0, 388
1763125255, meta, 100, 28, 2, 0, 275
1763125256, meta, 1000, 889, 3, 0, 362
1763125258, meta, 1000, 889, 3, 0, 403
1763125258, meta, 3000, 2714, 3, 0, 591
1763125261, meta, 3000, 2714, 3, 0, 530
1763125261, meta, 10000, 9975, 11, 0, 904
1763125264, meta, 10000, 9975, 11, 0, 645
1763125265, meta, 30000, 30796, 273, 0, 5777
1763125273, meta, 30000, 30796, 173, 0, 3043
1763125276, meta, 100000, 105902, 272, 0, 13320
1763125291, meta, 100000, 105902, 13, 0, 3081
1763128995, meta, 10, 28, 2, 0, 357
1763128998, meta, 10, 28, 2, 0, 338
1763128998, meta, 100, 28, 2, 0, 406
1763129000, meta, 100, 28, 2, 0, 339
1763129001, meta, 1000, 889, 3, 0, 431
1763129003, meta, 1000, 889, 2, 0, 412
1763129003, meta, 3000, 2714, 3, 0, 495
1763129006, meta, 3000, 2714, 3, 0, 546
1763129007, meta, 10000, 9975, 11, 0, 990
1763129010, meta, 10000, 9975, 2, 0, 885
1763129010, meta, 30000, 30796, 10, 0, 2235
1763129015, meta, 30000, 30796, 221, 0, 5179
1763129020, meta, 100000, 105902, 11, 0, 8995
1763129031, meta, 100000, 105902, 11, 0, 1942
1763132911, meta, 10, 28, 2, 0, 370
1763132913, meta, 10, 28, 2, 0, 386
1763132914, meta, 100, 28, 2, 0, 383
1763132916, meta, 100, 28, 2, 0, 510
1763132917, meta, 1000, 889, 3, 0, 445
1763132919, meta, 1000, 889, 3, 0, 407
1763132919, meta, 3000, 2714, 2, 0, 661
1763132922, meta, 3000, 2714, 3, 0, 457
1763132923, meta, 10000, 9975, 11, 0, 946
1763132926, meta, 10000, 9975, 3, 0, 540
1763132926, meta, 30000, 30796, 80, 0, 3075
1763132931, meta, 30000, 30796, 14, 0, 910
1763132932, meta, 100000, 105901, 349, 0, 14629
1763132949, meta, 100000, 105901, 9, 0, 2069
1763136787, meta, 10, 28, 2, 0, 364
1763136789, meta, 10, 28, 2, 0, 386
1763136790, meta, 100, 28, 2, 0, 352
1763136792, meta, 100, 28, 2, 0, 399
1763136792, meta, 1000, 889, 3, 0, 367
1763136795, meta, 1000, 889, 3, 0, 387
1763136795, meta, 3000, 2714, 3, 0, 439
1763136798, meta, 3000, 2714, 3, 0, 562
1763136798, meta, 10000, 9975, 11, 0, 895
1763136801, meta, 10000, 9975, 11, 0, 1085
1763136802, meta, 30000, 30796, 11, 0, 3254
1763136807, meta, 30000, 30796, 11, 0, 936
1763136808, meta, 100000, 105904, 223, 0, 12710
1763136823, meta, 100000, 105904, 9, 0, 9194
1763140560, meta, 10, 28, 2, 0, 269
1763140562, meta, 10, 28, 2, 0, 352
1763140562, meta, 100, 28, 2, 0, 344
1763140565, meta, 100, 28, 2, 0, 366
1763140565, meta, 1000, 889, 3, 0, 392
1763140567, meta, 1000, 889, 3, 0, 366
1763140568, meta, 3000, 2714, 3, 0, 465
1763140570, meta, 3000, 2714, 2, 0, 460
1763140571, meta, 10000, 9975, 7, 0, 926
1763140574, meta, 10000, 9975, 12, 0, 620
1763140574, meta, 30000, 30796, 12, 0, 2183
1763140578, meta, 30000, 30796, 19, 0, 1010
1763140579, meta, 100000, 105903, 205, 0, 11942
1763140593, meta, 100000, 105903, 1026, 0, 17710
1763144400, meta, 10, 28, 2, 0, 338
1763144402, meta, 10, 28, 2, 0, 330
1763144402, meta, 100, 28, 2, 0, 349
1763144405, meta, 100, 28, 2, 0, 359
1763144405, meta, 1000, 889, 3, 0, 357
1763144408, meta, 1000, 889, 3, 0, 349
1763144408, meta, 3000, 2714, 3, 0, 461
1763144410, meta, 3000, 2714, 3, 0, 438
1763144411, meta, 10000, 9976, 11, 0, 961
1763144414, meta, 10000, 9976, 12, 0, 627
1763144414, meta, 30000, 30796, 11, 0, 2245
1763144419, meta, 30000, 30796, 11, 0, 1156
1763144420, meta, 100000, 105902, 19, 0, 9205
1763144431, meta, 100000, 105902, 404, 0, 8192
1763148273, meta, 10, 28, 2, 0, 345
1763148276, meta, 10, 28, 2, 0, 379
1763148276, meta, 100, 28, 2, 0, 346
1763148278, meta, 100, 28, 2, 0, 333
1763148279, meta, 1000, 889, 2, 0, 272
1763148281, meta, 1000, 889, 3, 0, 383
1763148281, meta, 3000, 2715, 3, 0, 475
1763148284, meta, 3000, 2715, 3, 0, 481
1763148284, meta, 10000, 9975, 11, 0, 940
1763148287, meta, 10000, 9975, 8, 0, 581
1763148288, meta, 30000, 30796, 88, 0, 3344
1763148293, meta, 30000, 30796, 11, 0, 927
1763148294, meta, 100000, 105902, 12, 0, 9064
1763148305, meta, 100000, 105902, 14, 0, 9271
1763152035, meta, 10, 28, 2, 0, 329
1763152037, meta, 10, 28, 2, 0, 404
1763152037, meta, 100, 28, 2, 0, 352
1763152040, meta, 100, 28, 2, 0, 329
1763152040, meta, 1000, 889, 2, 0, 383
1763152043, meta, 1000, 889, 3, 0, 372
1763152043, meta, 3000, 2714, 3, 0, 429
1763152045, meta, 3000, 2714, 3, 0, 411
1763152046, meta, 10000, 9975, 11, 0, 1009
1763152049, meta, 10000, 9975, 11, 0, 620
1763152049, meta, 30000, 30796, 14, 0, 2349
1763152054, meta, 30000, 30796, 14, 0, 983
1763152055, meta, 100000, 105903, 8, 0, 9094
1763152066, meta, 100000, 105903, 11, 0, 2222
1763155859, meta, 10, 28, 2, 0, 335
1763155861, meta, 10, 28, 2, 0, 336
1763155862, meta, 100, 28, 2, 0, 336
1763155864, meta, 100, 28, 2, 0, 332
1763155864, meta, 1000, 889, 3, 0, 358
1763155867, meta, 1000, 889, 3, 0, 360
1763155867, meta, 3000, 2714, 3, 0, 432
1763155870, meta, 3000, 2714, 3, 0, 431
1763155870, meta, 10000, 9975, 11, 0, 977
1763155873, meta, 10000, 9975, 11, 0, 674
1763155874, meta, 30000, 30796, 212, 0, 5135
1763155881, meta, 30000, 30796, 72, 0, 1690
1763155883, meta, 100000, 105902, 3, 0, 9293
1763155894, meta, 100000, 105902, 11, 0, 2204
1763159600, meta, 10, 28, 2, 0, 339
1763159602, meta, 10, 28, 2, 0, 379
1763159603, meta, 100, 28, 2, 0, 396
1763159605, meta, 100, 28, 2, 0, 341
1763159605, meta, 1000, 889, 3, 0, 352
1763159608, meta, 1000, 889, 3, 0, 360
1763159608, meta, 3000, 2714, 3, 0, 537
1763159611, meta, 3000, 2714, 3, 0, 429
1763159611, meta, 10000, 9975, 11, 0, 896
1763159614, meta, 10000, 9975, 12, 0, 972
1763159615, meta, 30000, 30796, 11, 0, 2253
1763159619, meta, 30000, 30796, 189, 0, 3389
1763159623, meta, 100000, 105902, 62, 0, 9846
1763159635, meta, 100000, 105902, 9, 0, 2222
1763163400, meta, 10, 28, 2, 0, 347
1763163402, meta, 10, 28, 2, 0, 350
1763163403, meta, 100, 28, 2, 0, 342
1763163405, meta, 100, 28, 2, 0, 473
1763163406, meta, 1000, 889, 3, 0, 349
1763163408, meta, 1000, 889, 3, 0, 365
1763163408, meta, 3000, 2714, 3, 0, 450
1763163411, meta, 3000, 2714, 3, 0, 453
1763163411, meta, 10000, 9975, 11, 0, 942
1763163414, meta, 10000, 9975, 11, 0, 932
1763163415, meta, 30000, 30796, 35, 0, 2577
1763163420, meta, 30000, 30796, 61, 0, 1507
1763163421, meta, 100000, 105903, 9, 0, 9064
1763163432, meta, 100000, 105903, 333, 0, 14050
1763167156, meta, 10, 28, 2, 0, 323
1763167158, meta, 10, 28, 2, 0, 389
1763167159, meta, 100, 28, 2, 0, 355
1763167161, meta, 100, 28, 2, 0, 348
1763167162, meta, 1000, 889, 3, 0, 363
1763167164, meta, 1000, 889, 3, 0, 313
1763167164, meta, 3000, 2714, 3, 0, 423
1763167167, meta, 3000, 2714, 3, 0, 400
1763167167, meta, 10000, 9975, 11, 0, 975
1763167170, meta, 10000, 9975, 11, 0, 952
1763167171, meta, 30000, 30796, 252, 0, 5387
1763167178, meta, 30000, 30796, 14, 0, 2265
1763167181, meta, 100000, 105902, 12, 0, 9184
1763167192, meta, 100000, 105902, 12, 0, 2091
1763170908, meta, 10, 28, 2, 0, 312
1763170911, meta, 10, 28, 2, 0, 373
1763170911, meta, 100, 28, 2, 0, 321
1763170913, meta, 100, 28, 2, 0, 321
1763170914, meta, 1000, 889, 3, 0, 321
1763170916, meta, 1000, 889, 3, 0, 324
1763170916, meta, 3000, 2714, 3, 0, 421
1763170919, meta, 3000, 2714, 3, 0, 483
1763170919, meta, 10000, 9975, 11, 0, 933
1763170922, meta, 10000, 9975, 12, 0, 579
1763170923, meta, 30000, 30796, 13, 0, 2290
1763170927, meta, 30000, 30796, 13, 0, 923
1763170928, meta, 100000, 105902, 9, 0, 9029
1763170939, meta, 100000, 105902, 317, 0, 7082
1763174659, meta, 10, 28, 2, 0, 331
1763174661, meta, 10, 28, 2, 0, 360
1763174661, meta, 100, 28, 2, 0, 274
1763174664, meta, 100, 28, 2, 0, 334
1763174664, meta, 1000, 890, 3, 0, 337
1763174666, meta, 1000, 890, 3, 0, 340
1763174667, meta, 3000, 2714, 3, 0, 453
1763174669, meta, 3000, 2714, 3, 0, 429
1763174670, meta, 10000, 9975, 3, 0, 890
1763174673, meta, 10000, 9975, 11, 0, 1055
1763174674, meta, 30000, 30796, 34, 0, 2523
1763174678, meta, 30000, 30796, 56, 0, 2823
1763174681, meta, 100000, 105901, 13, 0, 9203
1763174692, meta, 100000, 105901, 9, 0, 9009
1763178411, meta, 10, 28, 2, 0, 444
1763178413, meta, 10, 28, 2, 0, 337
1763178413, meta, 100, 28, 2, 0, 392
1763178416, meta, 100, 28, 2, 0, 346
1763178416, meta, 1000, 889, 3, 0, 362
1763178419, meta, 1000, 889, 3, 0, 284
1763178419, meta, 3000, 2715, 2, 0, 452
1763178421, meta, 3000, 2715, 2, 0, 484
1763178422, meta, 10000, 9975, 11, 0, 982
1763178425, meta, 10000, 9975, 3, 0, 851
1763178426, meta, 30000, 30796, 11, 0, 2240
1763178430, meta, 30000, 30796, 12, 0, 2251
1763178432, meta, 100000, 105901, 9, 0, 9062
1763178443, meta, 100000, 105901, 11, 0, 9132
1763182159, meta, 10, 28, 2, 0, 315
1763182162, meta, 10, 28, 2, 0, 340
1763182162, meta, 100, 28, 2, 0, 341
1763182164, meta, 100, 28, 2, 0, 331
1763182165, meta, 1000, 889, 3, 0, 348
1763182167, meta, 1000, 889, 3, 0, 309
1763182167, meta, 3000, 2714, 3, 0, 429
1763182170, meta, 3000, 2714, 3, 0, 394
1763182170, meta, 10000, 9975, 11, 0, 970
1763182173, meta, 10000, 9975, 11, 0, 638
1763182174, meta, 30000, 30797, 12, 0, 2248
1763182178, meta, 30000, 30797, 117, 0, 2487
1763182180, meta, 100000, 105902, 8, 0, 9131
1763182191, meta, 100000, 105902, 11, 0, 2171
1763185946, meta, 10, 28, 2, 0, 353
1763185948, meta, 10, 28, 2, 0, 335
1763185949, meta, 100, 28, 2, 0, 332
1763185951, meta, 100, 28, 2, 0, 326
1763185951, meta, 1000, 889, 2, 0, 305
1763185954, meta, 1000, 889, 2, 0, 369
1763185954, meta, 3000, 2714, 3, 0, 493
1763185956, meta, 3000, 2714, 2, 0, 403
1763185957, meta, 10000, 9975, 11, 0, 965
1763185960, meta, 10000, 9975, 10, 0, 929
1763185961, meta, 30000, 30796, 12, 0, 2289
1763185965, meta, 30000, 30796, 12, 0, 904
1763185966, meta, 100000, 105901, 11, 0, 8918
1763185977, meta, 100000, 105901, 9, 0, 8918
1763189822, meta, 10, 28, 2, 0, 347
1763189825, meta, 10, 28, 2, 0, 335
1763189825, meta, 100, 28, 2, 0, 315
1763189827, meta, 100, 28, 2, 0, 393
1763189828, meta, 1000, 889, 2, 0, 449
1763189830, meta, 1000, 889, 2, 0, 397
1763189831, meta, 3000, 2714, 3, 0, 513
1763189833, meta, 3000, 2714, 3, 0, 415
1763189833, meta, 10000, 9975, 11, 0, 941
1763189836, meta, 10000, 9975, 11, 0, 727
1763189837, meta, 30000, 30796, 61, 0, 2995
1763189842, meta, 30000, 30796, 10, 0, 2229
1763189844, meta, 100000, 105901, 13, 0, 9168
1763189856, meta, 100000, 105901, 11, 0, 2110
1763193615, meta, 10, 28, 2, 0, 330
1763193617, meta, 10, 28, 2, 0, 339
1763193618, meta, 100, 28, 2, 0, 327
1763193620, meta, 100, 28, 2, 0, 332
1763193620, meta, 1000, 889, 3, 0, 329
1763193623, meta, 1000, 889, 3, 0, 356
1763193623, meta, 3000, 2714, 3, 0, 474
1763193626, meta, 3000, 2714, 3, 0, 453
1763193626, meta, 10000, 9975, 12, 0, 973
1763193629, meta, 10000, 9975, 11, 0, 633
1763193630, meta, 30000, 30796, 11, 0, 2226
1763193634, meta, 30000, 30796, 11, 0, 958
1763193635, meta, 100000, 105902, 9, 0, 9066
1763193646, meta, 100000, 105902, 9, 0, 8958
1763197361, meta, 10, 28, 2, 0, 418
1763197364, meta, 10, 28, 2, 0, 406
1763197364, meta, 100, 28, 2, 0, 326
1763197366, meta, 100, 28, 2, 0, 370
1763197367, meta, 1000, 889, 2, 0, 405
1763197369, meta, 1000, 889, 2, 0, 424
1763197369, meta, 3000, 2714, 3, 0, 354
1763197372, meta, 3000, 2714, 3, 0, 462
1763197372, meta, 10000, 9975, 11, 0, 990
1763197375, meta, 10000, 9975, 11, 0, 629
1763197376, meta, 30000, 30796, 11, 0, 2272
1763197380, meta, 30000, 30796, 11, 0, 2205
1763197382, meta, 100000, 105902, 16, 0, 9255
1763197394, meta, 100000, 105902, 15, 0, 9035
1763201108, meta, 10, 28, 2, 0, 363
1763201111, meta, 10, 28, 2, 0, 360
1763201111, meta, 100, 28, 2, 0, 355
1763201113, meta, 100, 28, 2, 0, 379
1763201114, meta, 1000, 889, 3, 0, 367
1763201116, meta, 1000, 889, 3, 0, 357
1763201116, meta, 3000, 2714, 2, 0, 416
1763201119, meta, 3000, 2714, 3, 0, 505
1763201119, meta, 10000, 9975, 3, 0, 885
1763201122, meta, 10000, 9975, 3, 0, 661
1763201123, meta, 30000, 30796, 12, 0, 2234
1763201127, meta, 30000, 30796, 11, 0, 1101
1763201128, meta, 100000, 105902, 12, 0, 9115
1763201139, meta, 100000, 105902, 13, 0, 9041
1763204854, meta, 10, 28, 2, 0, 349
1763204857, meta, 10, 28, 2, 0, 269
1763204857, meta, 100, 28, 2, 0, 292
1763204859, meta, 100, 28, 2, 0, 299
1763204860, meta, 1000, 889, 2, 0, 397
1763204862, meta, 1000, 889, 2, 0, 446
1763204862, meta, 3000, 2714, 3, 0, 418
1763204865, meta, 3000, 2714, 3, 0, 391
1763204865, meta, 10000, 9975, 11, 0, 968
1763204868, meta, 10000, 9975, 11, 0, 958
1763204869, meta, 30000, 30796, 258, 0, 5459
1763204877, meta, 30000, 30796, 12, 0, 2188
1763204879, meta, 100000, 105903, 12, 0, 9058
1763204890, meta, 100000, 105903, 13, 0, 2004
1763208651, meta, 10, 28, 2, 0, 348
1763208654, meta, 10, 28, 2, 0, 365
1763208654, meta, 100, 28, 2, 0, 336
1763208656, meta, 100, 28, 2, 0, 306
1763208657, meta, 1000, 889, 3, 0, 351
1763208659, meta, 1000, 889, 3, 0, 359
1763208659, meta, 3000, 2715, 3, 0, 436
1763208662, meta, 3000, 2715, 3, 0, 468
1763208662, meta, 10000, 9975, 3, 0, 870
1763208665, meta, 10000, 9975, 3, 0, 581
1763208666, meta, 30000, 30796, 203, 0, 4852
1763208672, meta, 30000, 30796, 66, 0, 3106
1763208676, meta, 100000, 105902, 43, 0, 9488
1763208687, meta, 100000, 105902, 9, 0, 8905
1763212483, meta, 10, 28, 2, 0, 395
1763212486, meta, 10, 28, 2, 0, 354
1763212486, meta, 100, 28, 2, 0, 338
1763212489, meta, 100, 28, 2, 0, 289
1763212489, meta, 1000, 889, 3, 0, 495
1763212491, meta, 1000, 889, 3, 0, 391
1763212492, meta, 3000, 2714, 3, 0, 436
1763212494, meta, 3000, 2714, 3, 0, 364
1763212494, meta, 10000, 9975, 12, 0, 964
1763212497, meta, 10000, 9975, 11, 0, 636
1763212498, meta, 30000, 30796, 14, 0, 2238
1763212502, meta, 30000, 30796, 9, 0, 2236
1763212505, meta, 100000, 105902, 12, 0, 9215
1763212516, meta, 100000, 105902, 12, 0, 8995
1763216233, meta, 10, 28, 2, 0, 349
1763216236, meta, 10, 28, 2, 0, 409
1763216236, meta, 100, 28, 2, 0, 364
1763216238, meta, 100, 28, 2, 0, 397
1763216239, meta, 1000, 889, 3, 0, 350
1763216241, meta, 1000, 889, 3, 0, 370
1763216241, meta, 3000, 2714, 3, 0, 433
1763216244, meta, 3000, 2714, 3, 0, 472
1763216244, meta, 10000, 9975, 11, 0, 961
1763216247, meta, 10000, 9975, 12, 0, 606
1763216248, meta, 30000, 30797, 69, 0, 3009
1763216253, meta, 30000, 30797, 11, 0, 2321
1763216255, meta, 100000, 105902, 10, 0, 9148
1763216266, meta, 100000, 105902, 23, 0, 2912
1763220051, meta, 10, 28, 2, 0, 338
1763220053, meta, 10, 28, 2, 0, 343
1763220053, meta, 100, 28, 2, 0, 273
1763220056, meta, 100, 28, 2, 0, 318
1763220056, meta, 1000, 889, 3, 0, 482
1763220058, meta, 1000, 889, 3, 0, 318
1763220059, meta, 3000, 2714, 3, 0, 497
1763220061, meta, 3000, 2714, 3, 0, 576
1763220062, meta, 10000, 9975, 11, 0, 1016
1763220065, meta, 10000, 9975, 11, 0, 907
1763220066, meta, 30000, 30796, 12, 0, 2371
1763220070, meta, 30000, 30796, 12, 0, 1081
1763220071, meta, 100000, 105902, 13, 0, 9184
1763220082, meta, 100000, 105902, 11, 0, 9058
1763223894, meta, 10, 28, 2, 0, 357
1763223897, meta, 10, 28, 2, 0, 368
1763223897, meta, 100, 28, 2, 0, 375
1763223900, meta, 100, 28, 2, 0, 357
1763223900, meta, 1000, 889, 3, 0, 375
1763223902, meta, 1000, 889, 2, 0, 398
1763223903, meta, 3000, 2714, 3, 0, 472
1763223905, meta, 3000, 2714, 3, 0, 476
1763223906, meta, 10000, 9975, 11, 0, 959
1763223909, meta, 10000, 9975, 11, 0, 953
1763223910, meta, 30000, 30796, 10, 0, 2321
1763223914, meta, 30000, 30796, 11, 0, 910
1763223915, meta, 100000, 105901, 8, 0, 9011
1763223926, meta, 100000, 105901, 11, 0, 1950
1763227630, meta, 10, 28, 2, 0, 337
1763227632, meta, 10, 28, 2, 0, 332
1763227633, meta, 100, 28, 2, 0, 325
1763227635, meta, 100, 28, 2, 0, 335
1763227635, meta, 1000, 889, 3, 0, 374
1763227638, meta, 1000, 889, 3, 0, 355
1763227638, meta, 3000, 2714, 2, 0, 450
1763227641, meta, 3000, 2714, 3, 0, 428
1763227641, meta, 10000, 9975, 11, 0, 1007
1763227644, meta, 10000, 9975, 12, 0, 614
1763227645, meta, 30000, 30796, 11, 0, 2273
1763227649, meta, 30000, 30796, 11, 0, 961
1763227650, meta, 100000, 105902, 314, 0, 13628
1763227666, meta, 100000, 105902, 441, 0, 15742
1763231402, meta, 10, 28, 2, 0, 449
1763231404, meta, 10, 28, 2, 0, 345
1763231404, meta, 100, 28, 2, 0, 443
1763231407, meta, 100, 28, 2, 0, 406
1763231407, meta, 1000, 889, 3, 0, 363
1763231410, meta, 1000, 889, 3, 0, 442
1763231410, meta, 3000, 2714, 3, 0, 473
1763231412, meta, 3000, 2714, 3, 0, 476
1763231413, meta, 10000, 9975, 11, 0, 1082
1763231416, meta, 10000, 9975, 12, 0, 1027
1763231417, meta, 30000, 30796, 140, 0, 4066
1763231423, meta, 30000, 30796, 14, 0, 981
1763231424, meta, 100000, 105902, 13, 0, 9203
1763231435, meta, 100000, 0, 0, 0, 68468
1763235306, meta, 10, 28, 2, 0, 300
1763235308, meta, 10, 28, 2, 0, 351
1763235309, meta, 100, 28, 2, 0, 332
1763235311, meta, 100, 28, 2, 0, 285
1763235311, meta, 1000, 889, 2, 0, 286
1763235313, meta, 1000, 889, 2, 0, 351
1763235314, meta, 3000, 2714, 3, 0, 458
1763235316, meta, 3000, 2714, 3, 0, 427
1763235317, meta, 10000, 9975, 11, 0, 976
1763235320, meta, 10000, 9975, 11, 0, 586
1763235320, meta, 30000, 30796, 254, 0, 5400
1763235328, meta, 30000, 30796, 12, 0, 913
1763235329, meta, 100000, 105902, 13, 0, 9025
1763235340, meta, 100000, 105902, 378, 0, 14511
1763239152, meta, 10, 28, 2, 0, 275
1763239154, meta, 10, 28, 2, 0, 309
1763239154, meta, 100, 28, 2, 0, 331
1763239157, meta, 100, 28, 2, 0, 338
1763239157, meta, 1000, 889, 2, 0, 386
1763239159, meta, 1000, 889, 2, 0, 348
1763239160, meta, 3000, 2714, 3, 0, 450
1763239162, meta, 3000, 2714, 3, 0, 418
1763239162, meta, 10000, 9975, 11, 0, 929
1763239165, meta, 10000, 9975, 11, 0, 594
1763239166, meta, 30000, 30796, 11, 0, 2250
1763239170, meta, 30000, 30796, 14, 0, 841
1763239171, meta, 100000, 105902, 410, 0, 15424
1763239189, meta, 100000, 105902, 13, 0, 9094
1763242923, meta, 10, 28, 2, 0, 361
1763242926, meta, 10, 28, 2, 0, 353
1763242926, meta, 100, 28, 2, 0, 342
1763242928, meta, 100, 28, 2, 0, 341
1763242929, meta, 1000, 889, 3, 0, 364
1763242931, meta, 1000, 889, 3, 0, 378
1763242931, meta, 3000, 2714, 3, 0, 519
1763242934, meta, 3000, 2714, 3, 0, 394
1763242934, meta, 10000, 9975, 11, 0, 972
1763242937, meta, 10000, 9975, 11, 0, 977
1763242938, meta, 30000, 30796, 11, 0, 2258
1763242943, meta, 30000, 30796, 36, 0, 1207
1763242944, meta, 100000, 105902, 57, 0, 9816
1763242956, meta, 100000, 105902, 273, 0, 13475
1763246680, meta, 10, 28, 2, 0, 571
1763246682, meta, 10, 28, 2, 0, 341
1763246683, meta, 100, 28, 2, 0, 342
1763246685, meta, 100, 28, 2, 0, 328
1763246685, meta, 1000, 889, 3, 0, 317
1763246688, meta, 1000, 889, 3, 0, 596
1763246688, meta, 3000, 2714, 3, 0, 401
1763246691, meta, 3000, 2714, 3, 0, 444
1763246691, meta, 10000, 9975, 11, 0, 979
1763246694, meta, 10000, 9975, 11, 0, 689
1763246695, meta, 30000, 30796, 12, 0, 2286
1763246699, meta, 30000, 30796, 12, 0, 2326
1763246701, meta, 100000, 105903, 11, 0, 9072
1763246712, meta, 100000, 105903, 13, 0, 9077
1763250440, meta, 10, 28, 2, 0, 337
1763250442, meta, 10, 28, 2, 0, 341
1763250443, meta, 100, 28, 2, 0, 316
1763250445, meta, 100, 28, 2, 0, 337
1763250445, meta, 1000, 889, 3, 0, 291
1763250448, meta, 1000, 889, 3, 0, 332
1763250448, meta, 3000, 2714, 3, 0, 445
1763250450, meta, 3000, 2714, 3, 0, 359
1763250451, meta, 10000, 9975, 11, 0, 907
1763250454, meta, 10000, 9975, 12, 0, 962
1763250455, meta, 30000, 30796, 239, 0, 5418
1763250462, meta, 30000, 30796, 14, 0, 2356
1763250464, meta, 100000, 105902, 13, 0, 9224
1763250476, meta, 100000, 105902, 9, 0, 9170
1763254282, meta, 10, 28, 2, 0, 366
1763254285, meta, 10, 28, 2, 0, 275
1763254285, meta, 100, 28, 2, 0, 331
1763254287, meta, 100, 28, 2, 0, 346
1763254288, meta, 1000, 889, 3, 0, 386
1763254290, meta, 1000, 889, 3, 0, 327
1763254290, meta, 3000, 2714, 3, 0, 432
1763254293, meta, 3000, 2714, 3, 0, 553
1763254293, meta, 10000, 9975, 11, 0, 1115
1763254297, meta, 10000, 9975, 11, 0, 616
1763254297, meta, 30000, 30796, 241, 0, 5395
1763254305, meta, 30000, 30796, 223, 0, 4998
1763254310, meta, 100000, 105901, 9, 0, 9053
1763254321, meta, 100000, 105901, 13, 0, 9205
1763258200, meta, 10, 28, 2, 0, 336
1763258202, meta, 10, 28, 2, 0, 399
1763258202, meta, 100, 28, 2, 0, 360
1763258205, meta, 100, 28, 2, 0, 353
1763258205, meta, 1000, 889, 3, 0, 483
1763258208, meta, 1000, 889, 3, 0, 368
1763258208, meta, 3000, 2714, 3, 0, 617
1763258211, meta, 3000, 2714, 3, 0, 402
1763258211, meta, 10000, 9975, 11, 0, 1053
1763258214, meta, 10000, 9975, 11, 0, 721
1763258215, meta, 30000, 30796, 74, 0, 3157
1763258220, meta, 30000, 30796, 29, 0, 1202
1763258221, meta, 100000, 105902, 12, 0, 9052
1763258232, meta, 100000, 105902, 11, 0, 2596
1763262114, meta, 10, 28, 2, 0, 349
1763262116, meta, 10, 28, 2, 0, 348
1763262117, meta, 100, 28, 2, 0, 329
1763262119, meta, 100, 28, 2, 0, 417
1763262119, meta, 1000, 890, 2, 0, 418
1763262122, meta, 1000, 890, 3, 0, 301
1763262122, meta, 3000, 2714, 3, 0, 408
1763262124, meta, 3000, 2714, 3, 0, 450
1763262125, meta, 10000, 9975, 11, 0, 950
1763262128, meta, 10000, 9975, 11, 0, 982
1763262129, meta, 30000, 30796, 38, 0, 2796
1763262134, meta, 30000, 30796, 503, 0, 8428
1763262142, meta, 100000, 105902, 12, 0, 9187
1763262153, meta, 100000, 105902, 13, 0, 9150
1763266040, meta, 10, 28, 2, 0, 344
1763266042, meta, 10, 28, 2, 0, 328
1763266043, meta, 100, 28, 2, 0, 313
1763266045, meta, 100, 28, 2, 0, 333
1763266045, meta, 1000, 889, 3, 0, 370
1763266048, meta, 1000, 889, 3, 0, 360
1763266048, meta, 3000, 2714, 3, 0, 451
1763266050, meta, 3000, 2714, 3, 0, 517
1763266051, meta, 10000, 9975, 11, 0, 1003
1763266054, meta, 10000, 9975, 3, 0, 897
1763266055, meta, 30000, 30796, 11, 0, 2367
1763266059, meta, 30000, 30796, 11, 0, 2211
1763266061, meta, 100000, 105901, 554, 0, 17380
1763266081, meta, 100000, 105901, 509, 0, 9525
1763269801, meta, 10, 28, 2, 0, 327
1763269803, meta, 10, 28, 2, 0, 275
1763269803, meta, 100, 28, 2, 0, 337
1763269806, meta, 100, 28, 2, 0, 417
1763269806, meta, 1000, 889, 3, 0, 365
1763269809, meta, 1000, 889, 3, 0, 365
1763269809, meta, 3000, 2714, 3, 0, 441
1763269811, meta, 3000, 2714, 3, 0, 412
1763269812, meta, 10000, 9975, 11, 0, 1106
1763269815, meta, 10000, 9975, 11, 0, 966
1763269816, meta, 30000, 30796, 11, 0, 2249
1763269820, meta, 30000, 30796, 363, 0, 6679
1763269827, meta, 100000, 105903, 11, 0, 8956
1763269838, meta, 100000, 105903, 9, 0, 8964
1763273554, meta, 10, 28, 2, 0, 354
1763273556, meta, 10, 28, 2, 0, 351
1763273556, meta, 100, 28, 2, 0, 357
1763273559, meta, 100, 28, 2, 0, 276
1763273559, meta, 1000, 889, 3, 0, 384
1763273561, meta, 1000, 889, 3, 0, 390
1763273562, meta, 3000, 2714, 3, 0, 413
1763273564, meta, 3000, 2714, 2, 0, 365
1763273565, meta, 10000, 9975, 3, 0, 890
1763273567, meta, 10000, 9975, 11, 0, 977
1763273568, meta, 30000, 30796, 56, 0, 2797
1763273573, meta, 30000, 30796, 11, 0, 2119
1763273575, meta, 100000, 105901, 234, 0, 12795
1763273590, meta, 100000, 105901, 10, 0, 9036
1763277390, meta, 10, 28, 2, 0, 433
1763277392, meta, 10, 28, 2, 0, 343
1763277393, meta, 100, 28, 2, 0, 324
1763277395, meta, 100, 28, 2, 0, 309
1763277395, meta, 1000, 889, 3, 0, 331
1763277398, meta, 1000, 889, 3, 0, 456
1763277398, meta, 3000, 2714, 3, 0, 434
1763277401, meta, 3000, 2714, 3, 0, 463
1763277401, meta, 10000, 9975, 11, 0, 978
1763277404, meta, 10000, 9975, 11, 0, 948
1763277405, meta, 30000, 30796, 10, 0, 2362
1763277409, meta, 30000, 30796, 12, 0, 2166
1763277412, meta, 100000, 105904, 13, 0, 9146
1763277423, meta, 100000, 105904, 416, 0, 15418
1763281152, meta, 10, 28, 2, 0, 343
1763281154, meta, 10, 28, 2, 0, 345
1763281154, meta, 100, 28, 2, 0, 260
1763281157, meta, 100, 28, 2, 0, 349
1763281157, meta, 1000, 889, 3, 0, 355
1763281159, meta, 1000, 889, 2, 0, 393
1763281160, meta, 3000, 2714, 3, 0, 387
1763281162, meta, 3000, 2714, 3, 0, 413
1763281162, meta, 10000, 9975, 11, 0, 971
1763281165, meta, 10000, 9975, 11, 0, 978
1763281166, meta, 30000, 30796, 12, 0, 2468
1763281171, meta, 30000, 30796, 63, 0, 1590
1763281173, meta, 100000, 105902, 9, 0, 8994
1763281183, meta, 100000, 105902, 22, 0, 2434
1763284904, meta, 10, 28, 2, 0, 322
1763284906, meta, 10, 28, 2, 0, 360
1763284907, meta, 100, 28, 2, 0, 342
1763284909, meta, 100, 28, 2, 0, 318
1763284910, meta, 1000, 889, 3, 0, 387
1763284912, meta, 1000, 889, 3, 0, 349
1763284912, meta, 3000, 2714, 3, 0, 483
1763284915, meta, 3000, 2714, 3, 0, 451
1763284915, meta, 10000, 9977, 11, 0, 999
1763284918, meta, 10000, 9977, 11, 0, 941
1763284919, meta, 30000, 30796, 326, 0, 6142
1763284927, meta, 30000, 30796, 12, 0, 918
1763284928, meta, 100000, 105903, 9, 0, 9154
1763284939, meta, 100000, 105903, 8, 0, 2129
1763288735, meta, 10, 28, 2, 0, 397
1763288738, meta, 10, 28, 2, 0, 345
1763288738, meta, 100, 28, 2, 0, 385
1763288741, meta, 100, 28, 2, 0, 316
1763288741, meta, 1000, 889, 2, 0, 290
1763288743, meta, 1000, 889, 3, 0, 350
1763288744, meta, 3000, 2714, 3, 0, 453
1763288746, meta, 3000, 2714, 3, 0, 387
1763288746, meta, 10000, 9975, 11, 0, 962
1763288749, meta, 10000, 9975, 11, 0, 563
1763288750, meta, 30000, 30796, 101, 0, 3439
1763288755, meta, 30000, 30796, 82, 0, 1907
1763288757, meta, 100000, 105902, 289, 0, 13390
1763288773, meta, 100000, 105902, 12, 0, 9040
1763292490, meta, 10, 28, 2, 0, 456
1763292493, meta, 10, 28, 2, 0, 369
1763292493, meta, 100, 28, 2, 0, 344
1763292495, meta, 100, 28, 2, 0, 392
1763292496, meta, 1000, 889, 3, 0, 357
1763292498, meta, 1000, 889, 3, 0, 351
1763292498, meta, 3000, 2714, 3, 0, 465
1763292501, meta, 3000, 2714, 3, 0, 463
1763292501, meta, 10000, 9975, 11, 0, 979
1763292504, meta, 10000, 9975, 11, 0, 584
1763292505, meta, 30000, 30796, 12, 0, 2218
1763292509, meta, 30000, 30796, 266, 0, 5247
1763292514, meta, 100000, 105903, 11, 0, 9094
1763292525, meta, 100000, 105903, 11, 0, 2085
1763296324, meta, 10, 28, 2, 0, 373
1763296326, meta, 10, 28, 2, 0, 366
1763296327, meta, 100, 28, 2, 0, 352
1763296329, meta, 100, 28, 2, 0, 362
1763296329, meta, 1000, 889, 3, 0, 369
1763296332, meta, 1000, 889, 3, 0, 406
1763296332, meta, 3000, 2714, 3, 0, 455
1763296335, meta, 3000, 2714, 3, 0, 406
1763296335, meta, 10000, 9975, 12, 0, 1005
1763296338, meta, 10000, 9975, 11, 0, 531
1763296339, meta, 30000, 30796, 11, 0, 2277
1763296343, meta, 30000, 30796, 12, 0, 2307
1763296345, meta, 100000, 105902, 12, 0, 9024
1763296356, meta, 100000, 105902, 10, 0, 8877
1763300069, meta, 10, 28, 2, 0, 390
1763300071, meta, 10, 28, 2, 0, 341
1763300072, meta, 100, 28, 2, 0, 423
1763300074, meta, 100, 28, 2, 0, 359
1763300075, meta, 1000, 889, 3, 0, 366
1763300077, meta, 1000, 889, 3, 0, 377
1763300077, meta, 3000, 2714, 2, 0, 643
1763300080, meta, 3000, 2714, 2, 0, 465
1763300080, meta, 10000, 9976, 12, 0, 1025
1763300083, meta, 10000, 9976, 11, 0, 1141
1763300085, meta, 30000, 30796, 12, 0, 2350
1763300089, meta, 30000, 30796, 12, 0, 1002
1763300090, meta, 100000, 105903, 473, 0, 16741
1763300109, meta, 100000, 105903, 9, 0, 2048
1763303905, meta, 10, 28, 2, 0, 366
1763303907, meta, 10, 28, 2, 0, 328
1763303907, meta, 100, 28, 2, 0, 360
1763303910, meta, 100, 28, 2, 0, 343
1763303910, meta, 1000, 889, 2, 0, 393
1763303912, meta, 1000, 889, 3, 0, 361
1763303913, meta, 3000, 2714, 3, 0, 450
1763303915, meta, 3000, 2714, 3, 0, 472
1763303916, meta, 10000, 9975, 12, 0, 1052
1763303919, meta, 10000, 9975, 11, 0, 981
1763303920, meta, 30000, 30797, 11, 0, 2217
1763303924, meta, 30000, 30797, 115, 0, 3769
1763303928, meta, 100000, 105902, 368, 0, 14714
1763303945, meta, 100000, 105902, 14, 0, 2114
1763307649, meta, 10, 28, 2, 0, 323
1763307652, meta, 10, 28, 2, 0, 343
1763307652, meta, 100, 28, 2, 0, 370
1763307654, meta, 100, 28, 2, 0, 367
1763307655, meta, 1000, 889, 2, 0, 415
1763307657, meta, 1000, 889, 3, 0, 365
1763307658, meta, 3000, 2714, 3, 0, 519
1763307660, meta, 3000, 2714, 3, 0, 425
1763307661, meta, 10000, 9975, 11, 0, 1008
1763307664, meta, 10000, 9975, 11, 0, 614
1763307664, meta, 30000, 30796, 11, 0, 2329
1763307669, meta, 30000, 30796, 10, 0, 1027
1763307670, meta, 100000, 105902, 13, 0, 9142
1763307681, meta, 100000, 105902, 10, 0, 9068
1763311405, meta, 10, 28, 2, 0, 606
1763311408, meta, 10, 28, 2, 0, 583
1763311408, meta, 100, 28, 2, 0, 406
1763311411, meta, 100, 28, 2, 0, 402
1763311411, meta, 1000, 890, 3, 0, 387
1763311413, meta, 1000, 890, 3, 0, 402
1763311414, meta, 3000, 2714, 2, 0, 452
1763311416, meta, 3000, 2714, 2, 0, 455
1763311417, meta, 10000, 9975, 11, 0, 985
1763311420, meta, 10000, 9975, 11, 0, 618
1763311420, meta, 30000, 30796, 12, 0, 2259
1763311425, meta, 30000, 30796, 12, 0, 947
1763311425, meta, 100000, 105903, 9, 0, 9097
1763311437, meta, 100000, 105903, 9, 0, 9124
1763315372, meta, 10, 28, 2, 0, 348
1763315375, meta, 10, 28, 2, 0, 445
1763315375, meta, 100, 28, 2, 0, 415
1763315377, meta, 100, 28, 2, 0, 331
1763315378, meta, 1000, 889, 2, 0, 353
1763315380, meta, 1000, 889, 2, 0, 391
1763315381, meta, 3000, 2714, 3, 0, 498
1763315383, meta, 3000, 2714, 3, 0, 450
1763315383, meta, 10000, 9975, 11, 0, 984
1763315386, meta, 10000, 9975, 11, 0, 671
1763315387, meta, 30000, 30796, 15, 0, 2383
1763315392, meta, 30000, 30796, 75, 0, 1751
1763315393, meta, 100000, 105902, 403, 0, 15086
1763315410, meta, 100000, 105902, 10, 0, 9041
1763319128, meta, 10, 28, 2, 0, 394
1763319130, meta, 10, 28, 2, 0, 336
1763319131, meta, 100, 28, 2, 0, 318
1763319133, meta, 100, 28, 2, 0, 330
1763319133, meta, 1000, 889, 3, 0, 387
1763319136, meta, 1000, 889, 3, 0, 358
1763319136, meta, 3000, 2714, 3, 0, 377
1763319138, meta, 3000, 2714, 3, 0, 472
1763319139, meta, 10000, 9975, 11, 0, 928
1763319142, meta, 10000, 9975, 11, 0, 612
1763319142, meta, 30000, 30796, 11, 0, 2295
1763319147, meta, 30000, 30796, 14, 0, 2281
1763319149, meta, 100000, 105902, 335, 0, 14042
1763319165, meta, 100000, 105902, 563, 0, 10916
1763322928, meta, 10, 28, 2, 0, 260
1763322930, meta, 10, 28, 2, 0, 256
1763322930, meta, 100, 28, 2, 0, 274
1763322932, meta, 100, 28, 2, 0, 270
1763322933, meta, 1000, 889, 3, 0, 307
1763322935, meta, 1000, 889, 2, 0, 292
1763322935, meta, 3000, 2714, 3, 0, 369
1763322938, meta, 3000, 2714, 3, 0, 418
1763322938, meta, 10000, 9975, 11, 0, 902
1763322941, meta, 10000, 9975, 11, 0, 962
1763322942, meta, 30000, 30797, 11, 0, 2478
1763322946, meta, 30000, 30797, 14, 0, 2291
1763322949, meta, 100000, 105901, 311, 0, 14708
1763322965, meta, 100000, 105901, 12, 0, 9474
1763326690, meta, 10, 28, 2, 0, 358
1763326692, meta, 10, 28, 2, 0, 352
1763326693, meta, 100, 28, 2, 0, 312
1763326695, meta, 100, 28, 2, 0, 456
1763326696, meta, 1000, 889, 3, 0, 289
1763326698, meta, 1000, 889, 3, 0, 349
1763326698, meta, 3000, 2714, 3, 0, 445
1763326701, meta, 3000, 2714, 3, 0, 514
1763326701, meta, 10000, 9975, 11, 0, 1020
1763326704, meta, 10000, 9975, 11, 0, 559
1763326705, meta, 30000, 30796, 35, 0, 2609
1763326709, meta, 30000, 30796, 112, 0, 3391
1763326713, meta, 100000, 105902, 8, 0, 9157
1763326724, meta, 100000, 105902, 861, 0, 14339
1763330582, meta, 10, 28, 2, 0, 322
1763330584, meta, 10, 28, 2, 0, 386
1763330585, meta, 100, 28, 2, 0, 334
1763330587, meta, 100, 28, 2, 0, 333
1763330587, meta, 1000, 889, 2, 0, 372
1763330590, meta, 1000, 889, 2, 0, 385
1763330590, meta, 3000, 2714, 3, 0, 471
1763330593, meta, 3000, 2714, 3, 0, 466
1763330593, meta, 10000, 9975, 11, 0, 977
1763330596, meta, 10000, 9975, 11, 0, 674
1763330597, meta, 30000, 30796, 212, 0, 4829
1763330604, meta, 30000, 30796, 11, 0, 894
1763330605, meta, 100000, 105902, 10, 0, 9399
1763330616, meta, 100000, 105902, 9, 0, 9073
1763334339, meta, 10, 28, 2, 0, 361
1763334341, meta, 10, 28, 2, 0, 403
1763334342, meta, 100, 28, 2, 0, 310
1763334344, meta, 100, 28, 2, 0, 391
1763334344, meta, 1000, 889, 3, 0, 371
1763334347, meta, 1000, 889, 3, 0, 368
1763334347, meta, 3000, 2714, 3, 0, 505
1763334350, meta, 3000, 2714, 3, 0, 368
1763334350, meta, 10000, 9975, 11, 0, 963
1763334353, meta, 10000, 9975, 11, 0, 663
1763334354, meta, 30000, 30796, 12, 0, 2288
1763334358, meta, 30000, 30796, 18, 0, 901
1763334359, meta, 100000, 105902, 9, 0, 9332
1763334370, meta, 100000, 105902, 10, 0, 9032
1763338081, meta, 10, 28, 2, 0, 379
1763338083, meta, 10, 28, 2, 0, 466
1763338084, meta, 100, 28, 2, 0, 496
1763338086, meta, 100, 28, 2, 0, 435
1763338087, meta, 1000, 889, 2, 0, 439
1763338089, meta, 1000, 889, 3, 0, 337
1763338090, meta, 3000, 2714, 3, 0, 461
1763338092, meta, 3000, 2714, 3, 0, 490
1763338093, meta, 10000, 9975, 11, 0, 1000
1763338096, meta, 10000, 9975, 11, 0, 667
1763338096, meta, 30000, 30796, 11, 0, 2378
1763338101, meta, 30000, 30796, 29, 0, 2518
1763338103, meta, 100000, 0, 0, 0, 56056
1763338161, meta, 100000, 105902, 340, 0, 14744
1763341966, meta, 10, 28, 2, 0, 344
1763341968, meta, 10, 28, 2, 0, 329
1763341968, meta, 100, 28, 2, 0, 363
1763341971, meta, 100, 28, 2, 0, 367
1763341971, meta, 1000, 889, 3, 0, 397
1763341973, meta, 1000, 889, 3, 0, 394
1763341974, meta, 3000, 2714, 3, 0, 475
1763341976, meta, 3000, 2714, 3, 0, 470
1763341977, meta, 10000, 9975, 11, 0, 957
1763341980, meta, 10000, 9975, 11, 0, 608
1763341980, meta, 30000, 30796, 11, 0, 2271
1763341985, meta, 30000, 30796, 8, 0, 2255
1763341987, meta, 100000, 105902, 10, 0, 9376
1763341998, meta, 100000, 105902, 13, 0, 2554
1763345791, meta, 10, 28, 2, 0, 352
1763345794, meta, 10, 28, 2, 0, 350
1763345794, meta, 100, 28, 2, 0, 411
1763345796, meta, 100, 28, 2, 0, 262
1763345797, meta, 1000, 889, 3, 0, 362
1763345799, meta, 1000, 889, 3, 0, 365
1763345799, meta, 3000, 2714, 3, 0, 556
1763345802, meta, 3000, 2714, 3, 0, 450
1763345802, meta, 10000, 9975, 11, 0, 985
1763345805, meta, 10000, 9975, 11, 0, 950
1763345806, meta, 30000, 30797, 10, 0, 2300
1763345811, meta, 30000, 30797, 11, 0, 1038
1763345812, meta, 100000, 105902, 22, 0, 9328
1763345823, meta, 100000, 105902, 11, 0, 2205
1763349544, meta, 10, 28, 2, 0, 347
1763349546, meta, 10, 28, 2, 0, 396
1763349546, meta, 100, 28, 2, 0, 350
1763349549, meta, 100, 28, 2, 0, 322
1763349549, meta, 1000, 889, 3, 0, 374
1763349552, meta, 1000, 889, 3, 0, 393
1763349552, meta, 3000, 2714, 3, 0, 443
1763349554, meta, 3000, 2714, 3, 0, 336
1763349555, meta, 10000, 9975, 11, 0, 1000
1763349558, meta, 10000, 9975, 11, 0, 724
1763349558, meta, 30000, 30796, 50, 0, 2787
1763349563, meta, 30000, 30796, 22, 0, 2451
1763349566, meta, 100000, 105902, 9, 0, 9044
1763349577, meta, 100000, 105902, 13, 0, 2024
1763353440, meta, 10, 28, 2, 0, 358
1763353442, meta, 10, 28, 2, 0, 354
1763353442, meta, 100, 28, 2, 0, 346
1763353445, meta, 100, 28, 2, 0, 365
1763353445, meta, 1000, 889, 2, 0, 365
1763353448, meta, 1000, 889, 2, 0, 362
1763353448, meta, 3000, 2715, 3, 0, 486
1763353450, meta, 3000, 2715, 3, 0, 428
1763353451, meta, 10000, 9975, 11, 0, 1000
1763353454, meta, 10000, 9975, 3, 0, 509
1763353454, meta, 30000, 30796, 54, 0, 3010
1763353459, meta, 30000, 30796, 11, 0, 905
1763353460, meta, 100000, 105903, 10, 0, 8972
1763353471, meta, 100000, 105903, 11, 0, 8839
1763357347, meta, 10, 28, 2, 0, 336
1763357350, meta, 10, 28, 2, 0, 326
1763357350, meta, 100, 28, 2, 0, 329
1763357352, meta, 100, 28, 2, 0, 337
1763357353, meta, 1000, 889, 3, 0, 361
1763357355, meta, 1000, 889, 3, 0, 286
1763357355, meta, 3000, 2714, 3, 0, 493
1763357358, meta, 3000, 2714, 3, 0, 446
1763357358, meta, 10000, 9975, 11, 0, 972
1763357361, meta, 10000, 9975, 11, 0, 594
1763357362, meta, 30000, 30796, 13, 0, 2305
1763357366, meta, 30000, 30796, 11, 0, 2245
1763357368, meta, 100000, 105902, 683, 0, 19365
1763357390, meta, 100000, 105902, 11, 0, 2197
1763361257, meta, 10, 28, 2, 0, 340
1763361260, meta, 10, 28, 2, 0, 377
1763361260, meta, 100, 28, 2, 0, 329
1763361262, meta, 100, 28, 2, 0, 274
1763361263, meta, 1000, 889, 3, 0, 402
1763361265, meta, 1000, 889, 2, 0, 368
1763361265, meta, 3000, 2714, 3, 0, 394
1763361268, meta, 3000, 2714, 3, 0, 459
1763361268, meta, 10000, 9975, 11, 0, 951
1763361271, meta, 10000, 9975, 11, 0, 596
1763361272, meta, 30000, 30796, 18, 0, 2370
1763361276, meta, 30000, 30796, 52, 0, 1525
1763361278, meta, 100000, 0, 0, 0, 58692
1763361338, meta, 100000, 105902, 9, 0, 2475
1763365056, meta, 10, 28, 2, 0, 353
1763365058, meta, 10, 28, 2, 0, 324
1763365059, meta, 100, 28, 2, 0, 272
1763365061, meta, 100, 28, 2, 0, 368
1763365061, meta, 1000, 889, 3, 0, 376
1763365064, meta, 1000, 889, 3, 0, 332
1763365064, meta, 3000, 2714, 3, 0, 430
1763365066, meta, 3000, 2714, 3, 0, 445
1763365067, meta, 10000, 9975, 11, 0, 942
1763365070, meta, 10000, 9975, 11, 0, 636
1763365070, meta, 30000, 30796, 10, 0, 2173
1763365075, meta, 30000, 30796, 10, 0, 2262
1763365077, meta, 100000, 105902, 52, 0, 9656
1763365089, meta, 100000, 105902, 9, 0, 9005
1763368804, meta, 10, 28, 2, 0, 344
1763368807, meta, 10, 28, 2, 0, 307
1763368807, meta, 100, 28, 2, 0, 288
1763368809, meta, 100, 28, 2, 0, 343
1763368810, meta, 1000, 889, 3, 0, 375
1763368812, meta, 1000, 889, 3, 0, 343
1763368812, meta, 3000, 2715, 2, 0, 463
1763368815, meta, 3000, 2715, 3, 0, 475
1763368815, meta, 10000, 9975, 11, 0, 987
1763368818, meta, 10000, 9975, 11, 0, 978
1763368819, meta, 30000, 30796, 67, 0, 3005
1763368824, meta, 30000, 30796, 11, 0, 2286
1763368827, meta, 100000, 105902, 11, 0, 9132
1763368838, meta, 100000, 105902, 315, 0, 6953
1763372560, meta, 10, 28, 2, 0, 304
1763372562, meta, 10, 28, 2, 0, 333
1763372562, meta, 100, 28, 2, 0, 318
1763372565, meta, 100, 28, 2, 0, 387
1763372565, meta, 1000, 889, 3, 0, 338
1763372567, meta, 1000, 889, 3, 0, 364
1763372568, meta, 3000, 2714, 3, 0, 504
1763372570, meta, 3000, 2714, 3, 0, 443
1763372571, meta, 10000, 9975, 11, 0, 965
1763372574, meta, 10000, 9975, 3, 0, 836
1763372574, meta, 30000, 30797, 10, 0, 2213
1763372579, meta, 30000, 30797, 11, 0, 2208
1763372581, meta, 100000, 105901, 480, 0, 16189
1763372599, meta, 100000, 105901, 11, 0, 1947
1763376319, meta, 10, 28, 2, 0, 269
1763376322, meta, 10, 28, 2, 0, 394
1763376322, meta, 100, 28, 2, 0, 348
1763376324, meta, 100, 28, 2, 0, 263
1763376325, meta, 1000, 889, 3, 0, 365
1763376327, meta, 1000, 889, 2, 0, 280
1763376327, meta, 3000, 2714, 3, 0, 392
1763376330, meta, 3000, 2714, 3, 0, 357
1763376330, meta, 10000, 9975, 11, 0, 881
1763376333, meta, 10000, 9975, 3, 0, 508
1763376333, meta, 30000, 30796, 14, 0, 2220
1763376338, meta, 30000, 30796, 12, 0, 2191
1763376340, meta, 100000, 105901, 9, 0, 9268
1763376351, meta, 100000, 105901, 11, 0, 9160
1763380147, meta, 10, 28, 2, 0, 478
1763380149, meta, 10, 28, 2, 0, 336
1763380150, meta, 100, 28, 2, 0, 333
1763380152, meta, 100, 28, 2, 0, 398
1763380152, meta, 1000, 889, 2, 0, 391
1763380155, meta, 1000, 889, 3, 0, 331
1763380155, meta, 3000, 2714, 3, 0, 517
1763380158, meta, 3000, 2714, 3, 0, 443
1763380158, meta, 10000, 9975, 11, 0, 1020
1763380161, meta, 10000, 9975, 11, 0, 683
1763380162, meta, 30000, 30796, 37, 0, 2785
1763380167, meta, 30000, 30796, 33, 0, 1215
1763380168, meta, 100000, 105901, 13, 0, 9155
1763380179, meta, 100000, 105901, 11, 0, 9294
1763383978, meta, 10, 28, 2, 0, 337
1763383981, meta, 10, 28, 2, 0, 361
1763383981, meta, 100, 28, 2, 0, 345
1763383983, meta, 100, 28, 2, 0, 292
1763383984, meta, 1000, 889, 3, 0, 377
1763383986, meta, 1000, 889, 3, 0, 375
1763383986, meta, 3000, 2714, 3, 0, 385
1763383989, meta, 3000, 2714, 3, 0, 442
1763383989, meta, 10000, 9975, 3, 0, 889
1763383992, meta, 10000, 9975, 2, 0, 848
1763383993, meta, 30000, 30796, 11, 0, 2210
1763383997, meta, 30000, 30796, 11, 0, 2246
1763383999, meta, 100000, 105903, 8, 0, 8932
1763384010, meta, 100000, 105903, 13, 0, 2059
1763387715, meta, 10, 28, 2, 0, 341
1763387718, meta, 10, 28, 2, 0, 291
1763387718, meta, 100, 28, 2, 0, 295
1763387720, meta, 100, 28, 2, 0, 386
1763387721, meta, 1000, 891, 2, 0, 399
1763387723, meta, 1000, 891, 3, 0, 380
1763387723, meta, 3000, 2714, 3, 0, 389
1763387726, meta, 3000, 2714, 3, 0, 451
1763387726, meta, 10000, 9975, 11, 0, 944
1763387729, meta, 10000, 9975, 11, 0, 611
1763387730, meta, 30000, 0, 0, 0, 58680
1763387791, meta, 30000, 30796, 58, 0, 2921
1763387793, meta, 100000, 105903, 18, 0, 9243
1763387805, meta, 100000, 105903, 324, 0, 6890
1763391603, meta, 10, 28, 2, 0, 392
1763391605, meta, 10, 28, 2, 0, 358
1763391606, meta, 100, 28, 2, 0, 343
1763391608, meta, 100, 28, 2, 0, 348
1763391608, meta, 1000, 889, 2, 0, 418
1763391611, meta, 1000, 889, 2, 0, 389
1763391611, meta, 3000, 2714, 3, 0, 441
1763391614, meta, 3000, 2714, 3, 0, 442
1763391614, meta, 10000, 9975, 11, 0, 957
1763391617, meta, 10000, 9975, 11, 0, 1026
1763391618, meta, 30000, 30796, 66, 0, 3012
1763391623, meta, 30000, 30796, 9, 0, 2312
1763391625, meta, 100000, 105903, 374, 0, 14713
1763391642, meta, 100000, 105903, 9, 0, 2193
1763395357, meta, 10, 28, 2, 0, 387
1763395359, meta, 10, 28, 2, 0, 275
1763395359, meta, 100, 28, 2, 0, 271
1763395362, meta, 100, 28, 2, 0, 289
1763395362, meta, 1000, 889, 2, 0, 293
1763395364, meta, 1000, 889, 2, 0, 297
1763395364, meta, 3000, 2715, 2, 0, 390
1763395367, meta, 3000, 2715, 3, 0, 469
1763395367, meta, 10000, 9975, 11, 0, 927
1763395370, meta, 10000, 9975, 11, 0, 993
1763395371, meta, 30000, 30796, 12, 0, 2212
1763395375, meta, 30000, 30796, 11, 0, 891
1763395376, meta, 100000, 105903, 9, 0, 9060
1763395387, meta, 100000, 105903, 9, 0, 8938
1763399272, meta, 10, 28, 2, 0, 422
1763399274, meta, 10, 28, 2, 0, 347
1763399274, meta, 100, 28, 2, 0, 387
1763399277, meta, 100, 28, 2, 0, 393
1763399277, meta, 1000, 889, 3, 0, 448
1763399280, meta, 1000, 889, 3, 0, 351
1763399280, meta, 3000, 2714, 3, 0, 425
1763399282, meta, 3000, 2714, 3, 0, 457
1763399283, meta, 10000, 9975, 11, 0, 1025
1763399286, meta, 10000, 9975, 11, 0, 546
1763399286, meta, 30000, 30796, 452, 0, 7642
1763399296, meta, 30000, 30796, 13, 0, 2351
1763399298, meta, 100000, 105903, 9, 0, 9051
1763399310, meta, 100000, 105903, 10, 0, 2243
1763403030, meta, 10, 28, 2, 0, 352
1763403033, meta, 10, 28, 2, 0, 330
1763403033, meta, 100, 28, 2, 0, 480
1763403035, meta, 100, 28, 2, 0, 455
1763403036, meta, 1000, 889, 3, 0, 284
1763403038, meta, 1000, 889, 3, 0, 378
1763403039, meta, 3000, 2714, 3, 0, 494
1763403041, meta, 3000, 2714, 3, 0, 375
1763403041, meta, 10000, 9975, 11, 0, 1013
1763403044, meta, 10000, 9975, 11, 0, 678
1763403045, meta, 30000, 30796, 11, 0, 2290
1763403049, meta, 30000, 30796, 78, 0, 3200
1763403053, meta, 100000, 105904, 10, 0, 9153
1763403064, meta, 100000, 105904, 11, 0, 8992
1763406786, meta, 10, 28, 2, 0, 412
1763406788, meta, 10, 28, 2, 0, 328
1763406789, meta, 100, 28, 2, 0, 328
1763406791, meta, 100, 28, 2, 0, 332
1763406791, meta, 1000, 889, 3, 0, 353
1763406794, meta, 1000, 889, 3, 0, 296
1763406794, meta, 3000, 2714, 3, 0, 400
1763406797, meta, 3000, 2714, 2, 0, 432
1763406797, meta, 10000, 9975, 11, 0, 944
1763406800, meta, 10000, 9975, 11, 0, 975
1763406801, meta, 30000, 30796, 11, 0, 2272
1763406805, meta, 30000, 30796, 11, 0, 823
1763406806, meta, 100000, 105901, 10, 0, 9065
1763406817, meta, 100000, 105901, 11, 0, 9010
1763410700, meta, 10, 28, 2, 0, 353
1763410703, meta, 10, 28, 2, 0, 347
1763410703, meta, 100, 28, 2, 0, 345
1763410705, meta, 100, 28, 2, 0, 330
1763410706, meta, 1000, 889, 3, 0, 286
1763410708, meta, 1000, 889, 3, 0, 304
1763410708, meta, 3000, 2714, 3, 0, 457
1763410711, meta, 3000, 2714, 3, 0, 459
1763410711, meta, 10000, 9975, 11, 0, 972
1763410714, meta, 10000, 9975, 3, 0, 505
1763410715, meta, 30000, 30796, 95, 0, 3469
1763410720, meta, 30000, 30796, 55, 0, 1441
1763410722, meta, 100000, 105903, 172, 0, 11958
1763410736, meta, 100000, 105903, 467, 0, 9267
1763414559, meta, 10, 28, 2, 0, 340
1763414562, meta, 10, 28, 2, 0, 350
1763414562, meta, 100, 28, 2, 0, 325
1763414565, meta, 100, 28, 2, 0, 331
1763414565, meta, 1000, 889, 3, 0, 355
1763414567, meta, 1000, 889, 3, 0, 369
1763414568, meta, 3000, 2714, 3, 0, 439
1763414570, meta, 3000, 2714, 3, 0, 443
1763414570, meta, 10000, 9975, 11, 0, 975
1763414573, meta, 10000, 9975, 11, 0, 946
1763414574, meta, 30000, 30796, 246, 0, 5291
1763414582, meta, 30000, 30796, 28, 0, 1185
1763414583, meta, 100000, 105903, 12, 0, 9024
1763414594, meta, 100000, 105903, 11, 0, 2000
1763418295, meta, 10, 28, 2, 0, 361
1763418297, meta, 10, 28, 2, 0, 543
1763418298, meta, 100, 28, 2, 0, 324
1763418300, meta, 100, 28, 2, 0, 466
1763418301, meta, 1000, 890, 3, 0, 344
1763418303, meta, 1000, 890, 3, 0, 529
1763418303, meta, 3000, 2714, 3, 0, 474
1763418306, meta, 3000, 2714, 3, 0, 555
1763418306, meta, 10000, 9975, 12, 0, 1026
1763418309, meta, 10000, 9975, 11, 0, 664
1763418310, meta, 30000, 30796, 71, 0, 3185
1763418315, meta, 30000, 30796, 30, 0, 2574
1763418318, meta, 100000, 105902, 11, 0, 9184
1763418329, meta, 100000, 105902, 13, 0, 2364
1763422126, meta, 10, 28, 2, 0, 326
1763422128, meta, 10, 28, 2, 0, 337
1763422128, meta, 100, 28, 2, 0, 358
1763422131, meta, 100, 28, 2, 0, 332
1763422131, meta, 1000, 889, 2, 0, 403
1763422133, meta, 1000, 889, 2, 0, 391
1763422134, meta, 3000, 2715, 3, 0, 446
1763422136, meta, 3000, 2715, 3, 0, 418
1763422137, meta, 10000, 9975, 12, 0, 1038
1763422140, meta, 10000, 9975, 11, 0, 583
1763422140, meta, 30000, 30796, 55, 0, 2862
1763422145, meta, 30000, 30796, 58, 0, 2891
1763422148, meta, 100000, 0, 0, 0, 58908
1763422209, meta, 100000, 105901, 9, 0, 9225
1763426005, meta, 10, 28, 2, 0, 381
1763426007, meta, 10, 28, 2, 0, 283
1763426008, meta, 100, 28, 2, 0, 349
1763426010, meta, 100, 28, 2, 0, 379
1763426010, meta, 1000, 889, 3, 0, 373
1763426013, meta, 1000, 889, 3, 0, 415
1763426013, meta, 3000, 2714, 3, 0, 383
1763426015, meta, 3000, 2714, 3, 0, 473
1763426016, meta, 10000, 9975, 11, 0, 960
1763426019, meta, 10000, 9975, 11, 0, 980
1763426020, meta, 30000, 30797, 79, 0, 3269
1763426025, meta, 30000, 30797, 250, 0, 5628
1763426031, meta, 100000, 105902, 9, 0, 8989
1763426042, meta, 100000, 105902, 9, 0, 9008
1763429763, meta, 10, 28, 2, 0, 399
1763429765, meta, 10, 28, 2, 0, 391
1763429766, meta, 100, 28, 2, 0, 328
1763429768, meta, 100, 28, 2, 0, 391
1763429769, meta, 1000, 889, 2, 0, 351
1763429771, meta, 1000, 889, 2, 0, 419
1763429771, meta, 3000, 2714, 3, 0, 386
1763429774, meta, 3000, 2714, 3, 0, 412
1763429774, meta, 10000, 9975, 3, 0, 850
1763429777, meta, 10000, 9975, 11, 0, 526
1763429778, meta, 30000, 30796, 11, 0, 2202
1763429782, meta, 30000, 30796, 14, 0, 861
1763429783, meta, 100000, 105901, 48, 0, 9924
1763429795, meta, 100000, 105901, 13, 0, 9200
1763433596, meta, 10, 28, 2, 0, 272
1763433598, meta, 10, 28, 2, 0, 340
1763433599, meta, 100, 28, 2, 0, 361
1763433601, meta, 100, 28, 2, 0, 351
1763433601, meta, 1000, 889, 2, 0, 373
1763433604, meta, 1000, 889, 3, 0, 400
1763433604, meta, 3000, 2714, 3, 0, 382
1763433607, meta, 3000, 2714, 3, 0, 356
1763433607, meta, 10000, 9975, 11, 0, 877
1763433610, meta, 10000, 9975, 11, 0, 1056
1763433611, meta, 30000, 30796, 11, 0, 2259
1763433615, meta, 30000, 30796, 13, 0, 2223
1763433617, meta, 100000, 105902, 9, 0, 9232
1763433629, meta, 100000, 105902, 378, 0, 14518
1763437356, meta, 10, 28, 2, 0, 373
1763437358, meta, 10, 28, 2, 0, 341
1763437358, meta, 100, 28, 2, 0, 324
1763437361, meta, 100, 28, 2, 0, 297
1763437361, meta, 1000, 889, 2, 0, 365
1763437363, meta, 1000, 889, 3, 0, 368
1763437364, meta, 3000, 2714, 3, 0, 439
1763437366, meta, 3000, 2714, 3, 0, 425
1763437367, meta, 10000, 9975, 11, 0, 972
1763437370, meta, 10000, 9975, 11, 0, 952
1763437371, meta, 30000, 30796, 14, 0, 2315
1763437375, meta, 30000, 30796, 12, 0, 1274
1763437376, meta, 100000, 105904, 10, 0, 9059
1763437387, meta, 100000, 105904, 9, 0, 2165
1763441193, meta, 10, 28, 2, 0, 339
1763441195, meta, 10, 28, 2, 0, 314
1763441196, meta, 100, 28, 2, 0, 329
1763441198, meta, 100, 28, 2, 0, 339
1763441198, meta, 1000, 889, 3, 0, 372
1763441201, meta, 1000, 889, 3, 0, 374
1763441201, meta, 3000, 2714, 3, 0, 492
1763441203, meta, 3000, 2714, 3, 0, 480
1763441204, meta, 10000, 9975, 11, 0, 916
1763441207, meta, 10000, 9975, 11, 0, 963
1763441208, meta, 30000, 30796, 12, 0, 2278
1763441212, meta, 30000, 30796, 12, 0, 905
1763441213, meta, 100000, 105903, 55, 0, 9835
1763441225, meta, 100000, 105903, 8, 0, 2499
1763444933, meta, 10, 28, 2, 0, 380
1763444935, meta, 10, 28, 2, 0, 396
1763444936, meta, 100, 28, 2, 0, 459
1763444938, meta, 100, 28, 2, 0, 372
1763444938, meta, 1000, 889, 2, 0, 530
1763444941, meta, 1000, 889, 2, 0, 500
1763444941, meta, 3000, 2714, 3, 0, 563
1763444944, meta, 3000, 2714, 3, 0, 499
1763444945, meta, 10000, 9975, 11, 0, 1046
1763444948, meta, 10000, 9975, 11, 0, 681
1763444948, meta, 30000, 30796, 61, 0, 3002
1763444953, meta, 30000, 30796, 11, 0, 2445
1763444956, meta, 100000, 105903, 13, 0, 9317
1763444967, meta, 100000, 105903, 13, 0, 2213
1763448692, meta, 10, 28, 2, 0, 337
1763448694, meta, 10, 28, 2, 0, 331
1763448695, meta, 100, 28, 2, 0, 336
1763448697, meta, 100, 28, 2, 0, 336
1763448697, meta, 1000, 889, 2, 0, 358
1763448700, meta, 1000, 889, 2, 0, 348
1763448700, meta, 3000, 2714, 3, 0, 402
1763448703, meta, 3000, 2714, 3, 0, 422
1763448703, meta, 10000, 9975, 12, 0, 971
1763448706, meta, 10000, 9975, 12, 0, 602
1763448707, meta, 30000, 30796, 11, 0, 2189
1763448711, meta, 30000, 30796, 12, 0, 992
1763448712, meta, 100000, 105901, 9, 0, 8907
1763448723, meta, 100000, 105901, 521, 0, 10021
1763452612, meta, 10, 28, 2, 0, 340
1763452614, meta, 10, 28, 2, 0, 343
1763452614, meta, 100, 28, 2, 0, 331
1763452617, meta, 100, 28, 2, 0, 344
1763452617, meta, 1000, 889, 3, 0, 383
1763452619, meta, 1000, 889, 3, 0, 413
1763452620, meta, 3000, 2714, 3, 0, 431
1763452622, meta, 3000, 2714, 3, 0, 409
1763452623, meta, 10000, 9975, 11, 0, 982
1763452626, meta, 10000, 9975, 11, 0, 606
1763452626, meta, 30000, 30796, 260, 0, 5483
1763452634, meta, 30000, 30796, 8, 0, 2229
1763452636, meta, 100000, 105901, 9, 0, 9231
1763452647, meta, 100000, 105901, 9, 0, 2454
1763456443, meta, 10, 28, 2, 0, 501
1763456446, meta, 10, 28, 2, 0, 349
1763456446, meta, 100, 28, 2, 0, 340
1763456448, meta, 100, 28, 2, 0, 414
1763456449, meta, 1000, 889, 2, 0, 449
1763456451, meta, 1000, 889, 2, 0, 295
1763456452, meta, 3000, 2714, 3, 0, 450
1763456454, meta, 3000, 2714, 3, 0, 451
1763456455, meta, 10000, 9976, 11, 0, 971
1763456457, meta, 10000, 9976, 11, 0, 713
1763456458, meta, 30000, 30796, 123, 0, 3798
1763456464, meta, 30000, 30796, 11, 0, 921
1763456465, meta, 100000, 105902, 491, 0, 16362
1763456483, meta, 100000, 105902, 311, 0, 6908
1763460197, meta, 10, 28, 2, 0, 316
1763460199, meta, 10, 28, 2, 0, 346
1763460200, meta, 100, 28, 2, 0, 512
1763460202, meta, 100, 28, 2, 0, 260
1763460202, meta, 1000, 889, 3, 0, 375
1763460205, meta, 1000, 889, 3, 0, 372
1763460205, meta, 3000, 2714, 3, 0, 456
1763460207, meta, 3000, 2714, 3, 0, 457
1763460208, meta, 10000, 9975, 12, 0, 957
1763460211, meta, 10000, 9975, 12, 0, 966
1763460212, meta, 30000, 30796, 69, 0, 3019
1763460217, meta, 30000, 30796, 8, 0, 2214
1763460219, meta, 100000, 105901, 9, 0, 9143
1763460230, meta, 100000, 105901, 13, 0, 8985
1763464013, meta, 10, 28, 2, 0, 264
1763464015, meta, 10, 28, 2, 0, 349
1763464015, meta, 100, 28, 2, 0, 354
1763464018, meta, 100, 28, 2, 0, 273
1763464018, meta, 1000, 889, 3, 0, 288
1763464020, meta, 1000, 889, 3, 0, 294
1763464020, meta, 3000, 2714, 3, 0, 364
1763464023, meta, 3000, 2714, 3, 0, 358
1763464023, meta, 10000, 9975, 11, 0, 918
1763464026, meta, 10000, 9975, 11, 0, 693
1763464027, meta, 30000, 30796, 10, 0, 2163
1763464031, meta, 30000, 30796, 11, 0, 957
1763464032, meta, 100000, 105903, 10, 0, 8939
1763464043, meta, 100000, 105903, 345, 0, 14338
1763467777, meta, 10, 28, 2, 0, 464
1763467780, meta, 10, 28, 2, 0, 386
1763467780, meta, 100, 28, 2, 0, 317
1763467782, meta, 100, 28, 2, 0, 382
1763467783, meta, 1000, 889, 2, 0, 416
1763467785, meta, 1000, 889, 2, 0, 348
1763467785, meta, 3000, 2714, 3, 0, 510
1763467788, meta, 3000, 2714, 2, 0, 528
1763467788, meta, 10000, 9975, 11, 0, 1068
1763467792, meta, 10000, 9975, 12, 0, 953
1763467792, meta, 30000, 30796, 11, 0, 2471
1763467797, meta, 30000, 30796, 11, 0, 2252
1763467799, meta, 100000, 105902, 9, 0, 9058
1763467810, meta, 100000, 105902, 11, 0, 2184
1763471604, meta, 10, 28, 2, 0, 334
1763471606, meta, 10, 28, 2, 0, 346
1763471606, meta, 100, 28, 2, 0, 397
1763471609, meta, 100, 28, 2, 0, 312
1763471609, meta, 1000, 889, 3, 0, 338
1763471611, meta, 1000, 889, 3, 0, 423
1763471612, meta, 3000, 2714, 3, 0, 518
1763471614, meta, 3000, 2714, 3, 0, 470
1763471615, meta, 10000, 9975, 3, 0, 883
1763471618, meta, 10000, 9975, 11, 0, 628
1763471618, meta, 30000, 30796, 12, 0, 2314
1763471623, meta, 30000, 30796, 13, 0, 1046
1763471624, meta, 100000, 105902, 377, 0, 15048
1763471641, meta, 100000, 105902, 12, 0, 2295
1763475427, meta, 10, 28, 2, 0, 314
1763475429, meta, 10, 28, 2, 0, 389
1763475429, meta, 100, 28, 2, 0, 308
1763475432, meta, 100, 28, 2, 0, 315
1763475432, meta, 1000, 889, 3, 0, 426
1763475434, meta, 1000, 889, 3, 0, 412
1763475435, meta, 3000, 2715, 3, 0, 409
1763475437, meta, 3000, 2715, 3, 0, 437
1763475438, meta, 10000, 9975, 11, 0, 1008
1763475441, meta, 10000, 9975, 11, 0, 641
1763475441, meta, 30000, 30796, 11, 0, 2317
1763475446, meta, 30000, 30796, 10, 0, 947
1763475447, meta, 100000, 105902, 11, 0, 9298
1763475458, meta, 100000, 105902, 10, 0, 9166
1763479233, meta, 10, 28, 2, 0, 293
1763479236, meta, 10, 28, 2, 0, 342
1763479236, meta, 100, 28, 2, 0, 269
1763479238, meta, 100, 28, 2, 0, 266
1763479239, meta, 1000, 889, 3, 0, 362
1763479241, meta, 1000, 889, 2, 0, 405
1763479241, meta, 3000, 2714, 3, 0, 458
1763479244, meta, 3000, 2714, 3, 0, 421
1763479244, meta, 10000, 9975, 11, 0, 967
1763479247, meta, 10000, 9975, 11, 0, 530
1763479248, meta, 30000, 30796, 12, 0, 2194
1763479252, meta, 30000, 30796, 12, 0, 2207
1763479254, meta, 100000, 105902, 10, 0, 8935
1763479265, meta, 100000, 105902, 9, 0, 9213
1763482980, meta, 10, 28, 2, 0, 341
1763482982, meta, 10, 28, 2, 0, 330
1763482982, meta, 100, 28, 2, 0, 343
1763482985, meta, 100, 28, 2, 0, 327
1763482985, meta, 1000, 889, 3, 0, 363
1763482987, meta, 1000, 889, 3, 0, 381
1763482988, meta, 3000, 2714, 3, 0, 430
1763482990, meta, 3000, 2714, 3, 0, 457
1763482991, meta, 10000, 9975, 12, 0, 1008
1763482994, meta, 10000, 9975, 11, 0, 646
1763482994, meta, 30000, 0, 0, 0, 58013
1763483054, meta, 30000, 30796, 11, 0, 950
1763483055, meta, 100000, 105902, 331, 0, 14328
1763483071, meta, 100000, 105902, 12, 0, 2168
1763486776, meta, 10, 28, 2, 0, 355
1763486779, meta, 10, 28, 2, 0, 353
1763486779, meta, 100, 28, 2, 0, 394
1763486781, meta, 100, 28, 2, 0, 325
1763486782, meta, 1000, 889, 3, 0, 486
1763486784, meta, 1000, 889, 3, 0, 423
1763486785, meta, 3000, 2714, 3, 0, 467
1763486787, meta, 3000, 2714, 3, 0, 454
1763486788, meta, 10000, 9975, 11, 0, 977
1763486791, meta, 10000, 9975, 11, 0, 648
1763486791, meta, 30000, 30796, 80, 0, 3251
1763486796, meta, 30000, 30796, 143, 0, 3933
1763486800, meta, 100000, 105903, 13, 0, 8968
1763486811, meta, 100000, 105903, 13, 0, 2230
1763490608, meta, 10, 28, 2, 0, 336
1763490610, meta, 10, 28, 2, 0, 290
1763490610, meta, 100, 28, 2, 0, 267
1763490613, meta, 100, 28, 2, 0, 434
1763490613, meta, 1000, 889, 2, 0, 303
1763490615, meta, 1000, 889, 3, 0, 320
1763490616, meta, 3000, 2714, 3, 0, 359
1763490618, meta, 3000, 2714, 2, 0, 383
1763490619, meta, 10000, 9976, 11, 0, 904
1763490621, meta, 10000, 9976, 3, 0, 571
1763490622, meta, 30000, 30796, 64, 0, 2995
1763490627, meta, 30000, 30796, 10, 0, 2292
1763490629, meta, 100000, 105901, 11, 0, 9162
1763490640, meta, 100000, 105901, 49, 0, 9634
1763494363, meta, 10, 28, 2, 0, 291
1763494365, meta, 10, 28, 2, 0, 267
1763494366, meta, 100, 28, 2, 0, 271
1763494368, meta, 100, 28, 2, 0, 331
1763494368, meta, 1000, 889, 3, 0, 283
1763494370, meta, 1000, 889, 3, 0, 341
1763494371, meta, 3000, 2714, 3, 0, 372
1763494373, meta, 3000, 2714, 3, 0, 419
1763494374, meta, 10000, 9975, 11, 0, 973
1763494377, meta, 10000, 9975, 3, 0, 1023
1763494378, meta, 30000, 30796, 123, 0, 3769
1763494383, meta, 30000, 30796, 11, 0, 2375
1763494386, meta, 100000, 105901, 13, 0, 9079
1763494397, meta, 100000, 105901, 9, 0, 9001
1763498118, meta, 10, 28, 2, 0, 399
1763498121, meta, 10, 28, 2, 0, 282
1763498121, meta, 100, 28, 2, 0, 269
1763498123, meta, 100, 28, 2, 0, 257
1763498123, meta, 1000, 889, 2, 0, 308
1763498126, meta, 1000, 889, 2, 0, 578
1763498126, meta, 3000, 2714, 3, 0, 977
1763498129, meta, 3000, 2714, 3, 0, 328
1763498130, meta, 10000, 9975, 12, 0, 909
1763498133, meta, 10000, 9975, 11, 0, 577
1763498133, meta, 30000, 30796, 11, 0, 2259
1763498137, meta, 30000, 30796, 12, 0, 2269
1763498140, meta, 100000, 105904, 11, 0, 8992
1763498151, meta, 100000, 105904, 11, 0, 9080
1763501954, meta, 10, 28, 2, 0, 283
1763501957, meta, 10, 28, 2, 0, 284
1763501957, meta, 100, 28, 2, 0, 674
1763501960, meta, 100, 28, 2, 0, 366
1763501960, meta, 1000, 889, 3, 0, 316
1763501962, meta, 1000, 889, 3, 0, 286
1763501963, meta, 3000, 2714, 3, 0, 346
1763501965, meta, 3000, 2714, 3, 0, 357
1763501965, meta, 10000, 9975, 11, 0, 887
1763501968, meta, 10000, 9975, 11, 0, 555
1763501969, meta, 30000, 30796, 64, 0, 2967
1763501974, meta, 30000, 30796, 11, 0, 853
1763501975, meta, 100000, 105902, 40, 0, 9738
1763501986, meta, 100000, 105902, 9, 0, 8897
1763505789, meta, 10, 28, 2, 0, 283
1763505792, meta, 10, 28, 2, 0, 400
1763505792, meta, 100, 28, 2, 0, 264
1763505794, meta, 100, 28, 2, 0, 269
1763505794, meta, 1000, 889, 3, 0, 336
1763505797, meta, 1000, 889, 3, 0, 894
1763505798, meta, 3000, 2714, 2, 0, 381
1763505800, meta, 3000, 2714, 2, 0, 531
1763505801, meta, 10000, 9975, 11, 0, 911
1763505804, meta, 10000, 9975, 11, 0, 546
1763505804, meta, 30000, 30796, 7, 0, 2601
1763505809, meta, 30000, 30796, 185, 0, 3398
1763505812, meta, 100000, 105902, 436, 0, 15339
1763505829, meta, 100000, 105902, 317, 0, 6878
1763509748, meta, 10, 28, 2, 0, 296
1763509751, meta, 10, 28, 2, 0, 332
1763509751, meta, 100, 28, 2, 0, 398
1763509753, meta, 100, 28, 2, 0, 251
1763509754, meta, 1000, 889, 2, 0, 352
1763509756, meta, 1000, 889, 2, 0, 416
1763509756, meta, 3000, 2714, 3, 0, 379
1763509759, meta, 3000, 2714, 3, 0, 376
1763509759, meta, 10000, 9975, 11, 0, 956
1763509762, meta, 10000, 9975, 11, 0, 874
1763509763, meta, 30000, 30796, 59, 0, 2768
1763509768, meta, 30000, 30796, 58, 0, 1534
1763509769, meta, 100000, 105903, 9, 0, 9165
1763509780, meta, 100000, 105903, 353, 0, 7689
1763513625, meta, 10, 28, 2, 0, 296
1763513627, meta, 10, 28, 2, 0, 517
1763513628, meta, 100, 28, 2, 0, 280
1763513630, meta, 100, 28, 2, 0, 666
1763513631, meta, 1000, 889, 3, 0, 421
1763513633, meta, 1000, 889, 3, 0, 314
1763513633, meta, 3000, 2714, 3, 0, 431
1763513636, meta, 3000, 2714, 3, 0, 475
1763513636, meta, 10000, 9975, 11, 0, 897
1763513639, meta, 10000, 9975, 3, 0, 788
1763513640, meta, 30000, 30796, 192, 0, 5363
1763513647, meta, 30000, 30796, 405, 0, 5649
1763513653, meta, 100000, 105903, 13, 0, 9195
1763513664, meta, 100000, 105903, 371, 0, 14713
1763521224, meta, 10, 28, 2, 0, 287
1763521226, meta, 10, 28, 2, 0, 277
1763521226, meta, 100, 28, 2, 0, 280
1763521229, meta, 100, 28, 2, 0, 326
1763521229, meta, 1000, 889, 2, 0, 292
1763521231, meta, 1000, 889, 2, 0, 325
1763521232, meta, 3000, 2714, 3, 0, 392
1763521234, meta, 3000, 2714, 3, 0, 375
1763521234, meta, 10000, 9975, 11, 0, 889
1763521237, meta, 10000, 9975, 11, 0, 586
1763521238, meta, 30000, 30796, 69, 0, 3083
1763521243, meta, 30000, 30796, 56, 0, 4197
1763521247, meta, 100000, 105901, 12, 0, 8983
1763521258, meta, 100000, 105901, 64, 0, 10786
1763525035, meta, 10, 28, 2, 0, 348
1763525038, meta, 10, 28, 2, 0, 271
1763525038, meta, 100, 28, 2, 0, 331
1763525040, meta, 100, 28, 2, 0, 372
1763525041, meta, 1000, 889, 3, 0, 507
1763525043, meta, 1000, 889, 3, 0, 319
1763525044, meta, 3000, 2714, 3, 0, 433
1763525046, meta, 3000, 2714, 3, 0, 375
1763525046, meta, 10000, 9975, 12, 0, 1006
1763525049, meta, 10000, 9975, 11, 0, 561
1763525050, meta, 30000, 30796, 264, 0, 5561
1763525058, meta, 30000, 30796, 54, 0, 2802
1763525060, meta, 100000, 105902, 9, 0, 9254
1763525072, meta, 100000, 105902, 209, 0, 5333
1763528782, meta, 10, 28, 2, 0, 337
1763528784, meta, 10, 28, 2, 0, 255
1763528784, meta, 100, 28, 2, 0, 336
1763528787, meta, 100, 28, 2, 0, 314
1763528787, meta, 1000, 889, 2, 0, 344
1763528789, meta, 1000, 889, 2, 0, 356
1763528790, meta, 3000, 2714, 3, 0, 385
1763528792, meta, 3000, 2714, 3, 0, 481
1763528793, meta, 10000, 9975, 11, 0, 954
1763528796, meta, 10000, 9975, 11, 0, 535
1763528796, meta, 30000, 30796, 11, 0, 2274
1763528800, meta, 30000, 30796, 61, 0, 1574
1763528802, meta, 100000, 105902, 9, 0, 8909
1763528813, meta, 100000, 105902, 10, 0, 1941
1763532719, meta, 10, 28, 2, 0, 348
1763532721, meta, 10, 28, 2, 0, 322
1763532722, meta, 100, 28, 2, 0, 328
1763532724, meta, 100, 28, 2, 0, 357
1763532724, meta, 1000, 889, 3, 0, 398
1763532727, meta, 1000, 889, 3, 0, 347
1763532727, meta, 3000, 2714, 3, 0, 501
1763532730, meta, 3000, 2714, 3, 0, 419
1763532730, meta, 10000, 9976, 11, 0, 1298
1763532733, meta, 10000, 9976, 11, 0, 921
1763532734, meta, 30000, 30797, 226, 0, 5245
1763532741, meta, 30000, 30797, 11, 0, 2146
1763532744, meta, 100000, 105901, 13, 0, 9659
1763532755, meta, 100000, 105901, 14, 0, 9209
1763536491, meta, 10, 28, 2, 0, 276
1763536494, meta, 10, 28, 2, 0, 339
1763536494, meta, 100, 28, 2, 0, 381
1763536496, meta, 100, 28, 2, 0, 281
1763536497, meta, 1000, 889, 3, 0, 359
1763536499, meta, 1000, 889, 2, 0, 301
1763536499, meta, 3000, 2714, 3, 0, 455
1763536502, meta, 3000, 2714, 3, 0, 473
1763536502, meta, 10000, 9975, 11, 0, 886
1763536505, meta, 10000, 9975, 11, 0, 957
1763536506, meta, 30000, 30796, 12, 0, 2185
1763536510, meta, 30000, 30796, 10, 0, 822
1763536511, meta, 100000, 105901, 9, 0, 9025
1763536522, meta, 100000, 105901, 343, 0, 7533
1763540316, meta, 10, 28, 2, 0, 282
1763540318, meta, 10, 28, 2, 0, 260
1763540319, meta, 100, 28, 2, 0, 289
1763540321, meta, 100, 28, 2, 0, 348
1763540321, meta, 1000, 889, 3, 0, 371
1763540324, meta, 1000, 889, 3, 0, 356
1763540324, meta, 3000, 2714, 3, 0, 423
1763540326, meta, 3000, 2714, 3, 0, 356
1763540327, meta, 10000, 9975, 12, 0, 888
1763540330, meta, 10000, 9975, 11, 0, 591
1763540330, meta, 30000, 30796, 206, 0, 5025
1763540337, meta, 30000, 30796, 11, 0, 881
1763540338, meta, 100000, 105903, 9, 0, 9000
1763540349, meta, 100000, 105903, 181, 0, 11929
1763544241, meta, 10, 28, 2, 0, 296
1763544244, meta, 10, 28, 2, 0, 285
1763544244, meta, 100, 28, 2, 0, 406
1763544246, meta, 100, 28, 2, 0, 286
1763544247, meta, 1000, 890, 2, 0, 380
1763544249, meta, 1000, 890, 3, 0, 285
1763544249, meta, 3000, 2714, 3, 0, 348
1763544252, meta, 3000, 2714, 3, 0, 403
1763544252, meta, 10000, 9975, 11, 0, 956
1763544255, meta, 10000, 9975, 3, 0, 764
1763544256, meta, 30000, 30796, 12, 0, 2234
1763544260, meta, 30000, 30796, 11, 0, 2186
1763544262, meta, 100000, 105902, 10, 0, 9137
1763544273, meta, 100000, 105902, 9, 0, 8871
1763548071, meta, 10, 28, 2, 0, 266
1763548073, meta, 10, 28, 2, 0, 276
1763548073, meta, 100, 28, 2, 0, 324
1763548076, meta, 100, 28, 2, 0, 426
1763548076, meta, 1000, 889, 3, 0, 364
1763548078, meta, 1000, 889, 3, 0, 349
1763548079, meta, 3000, 2714, 3, 0, 429
1763548081, meta, 3000, 2714, 3, 0, 359
1763548082, meta, 10000, 9976, 3, 0, 910
1763548084, meta, 10000, 9976, 3, 0, 503
1763548085, meta, 30000, 30796, 14, 0, 2241
1763548089, meta, 30000, 30796, 232, 0, 5230
1763548094, meta, 100000, 105902, 12, 0, 9521
1763548106, meta, 100000, 105902, 9, 0, 2168
1763551811, meta, 10, 28, 2, 0, 346
1763551813, meta, 10, 28, 2, 0, 352
1763551814, meta, 100, 28, 2, 0, 342
1763551816, meta, 100, 28, 2, 0, 344
1763551816, meta, 1000, 889, 2, 0, 443
1763551819, meta, 1000, 889, 2, 0, 422
1763551819, meta, 3000, 2714, 3, 0, 529
1763551822, meta, 3000, 2714, 3, 0, 451
1763551822, meta, 10000, 9975, 11, 0, 1056
1763551825, meta, 10000, 9975, 11, 0, 647
1763551826, meta, 30000, 30796, 230, 0, 5227
1763551833, meta, 30000, 30796, 213, 0, 3844
1763551837, meta, 100000, 105903, 13, 0, 9198
1763551848, meta, 100000, 105903, 563, 0, 10997
1763555728, meta, 10, 28, 2, 0, 297
1763555730, meta, 10, 28, 2, 0, 347
1763555731, meta, 100, 28, 2, 0, 318
1763555733, meta, 100, 28, 2, 0, 336
1763555733, meta, 1000, 889, 3, 0, 407
1763555736, meta, 1000, 889, 3, 0, 284
1763555736, meta, 3000, 2714, 3, 0, 384
1763555738, meta, 3000, 2714, 3, 0, 364
1763555739, meta, 10000, 9975, 11, 0, 1112
1763555742, meta, 10000, 9975, 11, 0, 913
1763555743, meta, 30000, 30796, 55, 0, 2742
1763555747, meta, 30000, 30796, 18, 0, 1010
1763555748, meta, 100000, 105903, 669, 0, 40027
1763555791, meta, 100000, 105903, 13, 0, 9138
1763559663, meta, 10, 27, 2, 0, 421
1763559665, meta, 10, 27, 2, 0, 429
1763559666, meta, 100, 28, 2, 0, 376
1763559668, meta, 100, 28, 2, 0, 422
1763559669, meta, 1000, 889, 3, 0, 369
1763559671, meta, 1000, 889, 3, 0, 482
1763559671, meta, 3000, 2714, 3, 0, 480
1763559674, meta, 3000, 2714, 3, 0, 493
1763559674, meta, 10000, 9975, 11, 0, 898
1763559677, meta, 10000, 9975, 3, 0, 535
1763559678, meta, 30000, 30796, 10, 0, 2310
1763559682, meta, 30000, 30796, 11, 0, 956
1763559683, meta, 100000, 105903, 11, 0, 9112
1763559694, meta, 100000, 105903, 460, 0, 16030
1763563414, meta, 10, 28, 2, 0, 1203
1763563417, meta, 10, 28, 2, 0, 273
1763563417, meta, 100, 28, 2, 0, 443
1763563420, meta, 100, 28, 2, 0, 274
1763563420, meta, 1000, 889, 3, 0, 357
1763563422, meta, 1000, 889, 3, 0, 286
1763563422, meta, 3000, 2714, 3, 0, 527
1763563425, meta, 3000, 2714, 3, 0, 536
1763563426, meta, 10000, 9975, 11, 0, 1147
1763563429, meta, 10000, 9975, 11, 0, 583
1763563429, meta, 30000, 30796, 252, 0, 5355
1763563437, meta, 30000, 30796, 65, 0, 1633
1763563438, meta, 100000, 105903, 358, 0, 15291
1763563456, meta, 100000, 105903, 9, 0, 2281
1763567306, meta, 10, 28, 2, 0, 336
1763567308, meta, 10, 28, 2, 0, 304
1763567309, meta, 100, 28, 2, 0, 316
1763567311, meta, 100, 28, 2, 0, 369
1763567311, meta, 1000, 889, 3, 0, 399
1763567314, meta, 1000, 889, 3, 0, 432
1763567314, meta, 3000, 2714, 3, 0, 554
1763567317, meta, 3000, 2714, 3, 0, 445
1763567317, meta, 10000, 9975, 3, 0, 861
1763567320, meta, 10000, 9975, 11, 0, 593
1763567321, meta, 30000, 30796, 11, 0, 2192
1763567325, meta, 30000, 30796, 304, 0, 5984
1763567331, meta, 100000, 105902, 13, 0, 9121
1763567342, meta, 100000, 105902, 322, 0, 7022
1763571053, meta, 10, 28, 2, 0, 314
1763571055, meta, 10, 28, 2, 0, 1299
1763571056, meta, 100, 28, 2, 0, 462
1763571059, meta, 100, 28, 2, 0, 307
1763571059, meta, 1000, 889, 3, 0, 390
1763571061, meta, 1000, 889, 3, 0, 352
1763571062, meta, 3000, 2714, 3, 0, 546
1763571064, meta, 3000, 2714, 3, 0, 531
1763571065, meta, 10000, 9975, 11, 0, 1581
1763571068, meta, 10000, 9975, 11, 0, 1256
1763571070, meta, 30000, 30797, 11, 0, 2400
1763571074, meta, 30000, 30797, 11, 0, 2509
1763571077, meta, 100000, 105903, 685, 0, 19283
1763571098, meta, 100000, 105903, 9, 0, 2233
1763574892, meta, 10, 28, 2, 0, 392
1763574894, meta, 10, 28, 2, 0, 955
1763574895, meta, 100, 28, 2, 0, 322
1763574897, meta, 100, 28, 2, 0, 347
1763574898, meta, 1000, 889, 3, 0, 420
1763574900, meta, 1000, 889, 3, 0, 377
1763574901, meta, 3000, 2715, 3, 0, 1013
1763574904, meta, 3000, 2715, 3, 0, 863
1763574904, meta, 10000, 9975, 3, 0, 875
1763574907, meta, 10000, 9975, 11, 0, 1070
1763574908, meta, 30000, 30796, 12, 0, 2223
1763574913, meta, 30000, 30796, 12, 0, 2557
1763574915, meta, 100000, 105902, 246, 0, 13730
1763574931, meta, 100000, 105902, 373, 0, 8002
1763578646, meta, 10, 28, 2, 0, 339
1763578648, meta, 10, 28, 2, 0, 1364
1763578650, meta, 100, 28, 2, 0, 367
1763578652, meta, 100, 28, 2, 0, 283
1763578652, meta, 1000, 889, 3, 0, 856
1763578655, meta, 1000, 889, 3, 0, 301
1763578656, meta, 3000, 2714, 3, 0, 650
1763578658, meta, 3000, 2714, 3, 0, 369
1763578659, meta, 10000, 9975, 11, 0, 899
1763578662, meta, 10000, 9975, 11, 0, 609
1763578662, meta, 30000, 30796, 82, 0, 3767
1763578668, meta, 30000, 30796, 178, 0, 3792
1763578672, meta, 100000, 105902, 9, 0, 9446
1763578683, meta, 100000, 105902, 638, 0, 18160
1763582409, meta, 10, 28, 2, 0, 287
1763582411, meta, 10, 28, 2, 0, 287
1763582412, meta, 100, 28, 2, 0, 272
1763582414, meta, 100, 28, 2, 0, 567
1763582414, meta, 1000, 889, 2, 0, 323
1763582417, meta, 1000, 889, 2, 0, 545
1763582417, meta, 3000, 2715, 3, 0, 410
1763582420, meta, 3000, 2715, 2, 0, 356
1763582420, meta, 10000, 9975, 12, 0, 980
1763582423, meta, 10000, 9975, 12, 0, 1480
1763582425, meta, 30000, 30796, 12, 0, 2658
1763582429, meta, 30000, 30796, 12, 0, 2984
1763582432, meta, 100000, 105902, 369, 0, 14728
1763582449, meta, 100000, 105902, 433, 0, 9546
1763586238, meta, 10, 28, 2, 0, 445
1763586240, meta, 10, 28, 2, 0, 356
1763586241, meta, 100, 28, 2, 0, 339
1763586243, meta, 100, 28, 2, 0, 432
1763586244, meta, 1000, 889, 2, 0, 1919
1763586248, meta, 1000, 889, 3, 0, 406
1763586248, meta, 3000, 2714, 3, 0, 381
1763586250, meta, 3000, 2714, 3, 0, 1011
1763586251, meta, 10000, 9975, 12, 0, 917
1763586254, meta, 10000, 9975, 11, 0, 987
1763586255, meta, 30000, 30796, 11, 0, 2383
1763586260, meta, 30000, 30796, 74, 0, 3792
1763586263, meta, 100000, 105903, 9, 0, 9568
1763586275, meta, 100000, 105903, 9, 0, 2227
1763590070, meta, 10, 28, 2, 0, 332
1763590073, meta, 10, 28, 2, 0, 928
1763590074, meta, 100, 28, 2, 0, 311
1763590076, meta, 100, 28, 2, 0, 891
1763590077, meta, 1000, 889, 3, 0, 643
1763590080, meta, 1000, 889, 3, 0, 326
1763590080, meta, 3000, 2714, 3, 0, 399
1763590082, meta, 3000, 2714, 3, 0, 434
1763590083, meta, 10000, 9975, 11, 0, 898
1763590086, meta, 10000, 9975, 11, 0, 521
1763590086, meta, 30000, 30796, 12, 0, 3558
1763590092, meta, 30000, 30796, 11, 0, 2760
1763590094, meta, 100000, 105902, 13, 0, 8964
1763590105, meta, 100000, 105902, 54, 0, 3074
1763593818, meta, 10, 28, 2, 0, 438
1763593821, meta, 10, 28, 2, 0, 342
1763593821, meta, 100, 28, 2, 0, 328
1763593824, meta, 100, 28, 2, 0, 270
1763593824, meta, 1000, 889, 3, 0, 305
1763593826, meta, 1000, 889, 3, 0, 417
1763593827, meta, 3000, 2714, 3, 0, 359
1763593829, meta, 3000, 2714, 3, 0, 483
1763593829, meta, 10000, 9975, 11, 0, 896
1763593832, meta, 10000, 9975, 11, 0, 558
1763593833, meta, 30000, 30796, 11, 0, 2295
1763593837, meta, 30000, 30796, 223, 0, 5126
1763593842, meta, 100000, 105901, 12, 0, 8958
1763593853, meta, 100000, 105901, 1197, 0, 20639
1763597751, meta, 10, 28, 2, 0, 352
1763597753, meta, 10, 28, 2, 0, 277
1763597754, meta, 100, 28, 2, 0, 420
1763597756, meta, 100, 28, 2, 0, 268
1763597756, meta, 1000, 889, 3, 0, 311
1763597759, meta, 1000, 889, 3, 0, 874
1763597759, meta, 3000, 2714, 3, 0, 474
1763597762, meta, 3000, 2714, 3, 0, 342
1763597762, meta, 10000, 9975, 11, 0, 861
1763597765, meta, 10000, 9975, 11, 0, 892
1763597766, meta, 30000, 30796, 12, 0, 2721
1763597771, meta, 30000, 30796, 11, 0, 785
1763597772, meta, 100000, 105903, 13, 0, 9656
1763597783, meta, 100000, 105903, 9, 0, 1897
1763601501, meta, 10, 28, 2, 0, 877
1763601504, meta, 10, 28, 2, 0, 337
1763601504, meta, 100, 28, 2, 0, 883
1763601507, meta, 100, 28, 2, 0, 326
1763601508, meta, 1000, 889, 3, 0, 289
1763601510, meta, 1000, 889, 3, 0, 899
1763601511, meta, 3000, 2714, 3, 0, 1050
1763601514, meta, 3000, 2714, 3, 0, 357
1763601514, meta, 10000, 9977, 11, 0, 883
1763601517, meta, 10000, 9977, 3, 0, 1495
1763601518, meta, 30000, 30796, 12, 0, 2879
1763601523, meta, 30000, 30796, 234, 0, 5319
1763601529, meta, 100000, 105902, 439, 0, 16300
1763601547, meta, 100000, 105902, 403, 0, 15307
1763605341, meta, 10, 28, 2, 0, 288
1763605343, meta, 10, 28, 2, 0, 307
1763605343, meta, 100, 28, 2, 0, 326
1763605346, meta, 100, 28, 2, 0, 303
1763605346, meta, 1000, 889, 3, 0, 378
1763605348, meta, 1000, 889, 3, 0, 420
1763605349, meta, 3000, 2714, 3, 0, 412
1763605351, meta, 3000, 2714, 3, 0, 430
1763605352, meta, 10000, 9975, 12, 0, 969
1763605355, meta, 10000, 9975, 11, 0, 942
1763605356, meta, 30000, 30796, 124, 0, 3968
1763605362, meta, 30000, 30796, 234, 0, 3851
1763605365, meta, 100000, 105901, 498, 0, 16515
1763605384, meta, 100000, 105901, 9, 0, 8828
1763609177, meta, 10, 28, 2, 0, 269
1763609179, meta, 10, 28, 2, 0, 755
1763609180, meta, 100, 28, 2, 0, 256
1763609182, meta, 100, 28, 2, 0, 318
1763609182, meta, 1000, 889, 2, 0, 430
1763609185, meta, 1000, 889, 2, 0, 281
1763609185, meta, 3000, 2714, 3, 0, 390
1763609187, meta, 3000, 2714, 3, 0, 337
1763609188, meta, 10000, 9975, 11, 0, 861
1763609190, meta, 10000, 9975, 11, 0, 548
1763609191, meta, 30000, 30796, 11, 0, 2245
1763609195, meta, 30000, 30796, 139, 0, 2850
1763609198, meta, 100000, 105902, 14, 0, 9005
1763609209, meta, 100000, 0, 0, 0, 53791
1763613055, meta, 10, 28, 2, 0, 1525
1763613058, meta, 10, 28, 2, 0, 878
1763613059, meta, 100, 28, 2, 0, 355
1763613062, meta, 100, 28, 2, 0, 935
1763613062, meta, 1000, 889, 3, 0, 302
1763613065, meta, 1000, 889, 3, 0, 292
1763613065, meta, 3000, 2714, 3, 0, 356
1763613067, meta, 3000, 2714, 3, 0, 388
1763613068, meta, 10000, 9975, 12, 0, 883
1763613071, meta, 10000, 9975, 11, 0, 1402
1763613072, meta, 30000, 30796, 61, 0, 3045
1763613077, meta, 30000, 30796, 43, 0, 2575
1763613080, meta, 100000, 105903, 11, 0, 10054
1763613092, meta, 100000, 105903, 356, 0, 8397
1763616908, meta, 10, 28, 2, 0, 2070
1763616912, meta, 10, 28, 2, 0, 876
1763616913, meta, 100, 28, 2, 0, 874
1763616915, meta, 100, 28, 2, 0, 2170
1763616918, meta, 1000, 889, 3, 0, 305
1763616920, meta, 1000, 889, 3, 0, 351
1763616920, meta, 3000, 2716, 3, 0, 362
1763616923, meta, 3000, 2716, 3, 0, 755
1763616923, meta, 10000, 9975, 11, 0, 998
1763616926, meta, 10000, 9975, 11, 0, 868
1763616927, meta, 30000, 30796, 13, 0, 3061
1763616932, meta, 30000, 30796, 10, 0, 2173
1763616934, meta, 100000, 105902, 14, 0, 9069
1763616946, meta, 100000, 105902, 10, 0, 8964
1763620660, meta, 10, 28, 2, 0, 269
1763620663, meta, 10, 28, 2, 0, 329
1763620663, meta, 100, 28, 2, 0, 885
1763620666, meta, 100, 28, 2, 0, 316
1763620666, meta, 1000, 890, 3, 0, 300
1763620668, meta, 1000, 890, 3, 0, 381
1763620669, meta, 3000, 2714, 3, 0, 463
1763620671, meta, 3000, 2714, 3, 0, 1003
1763620672, meta, 10000, 9975, 11, 0, 1621
1763620676, meta, 10000, 9975, 11, 0, 886
1763620677, meta, 30000, 30796, 13, 0, 2828
1763620682, meta, 30000, 30796, 12, 0, 2167
1763620684, meta, 100000, 105903, 434, 0, 15802
1763620702, meta, 100000, 105903, 9, 0, 9720
1763624500, meta, 10, 28, 2, 0, 343
1763624502, meta, 10, 28, 2, 0, 278
1763624502, meta, 100, 28, 2, 0, 317
1763624504, meta, 100, 28, 2, 0, 278
1763624505, meta, 1000, 889, 2, 0, 417
1763624507, meta, 1000, 889, 3, 0, 336
1763624508, meta, 3000, 2714, 3, 0, 374
1763624510, meta, 3000, 2714, 3, 0, 361
1763624510, meta, 10000, 9975, 11, 0, 894
1763624513, meta, 10000, 9975, 11, 0, 1472
1763624515, meta, 30000, 30796, 13, 0, 4681
1763624521, meta, 30000, 30796, 11, 0, 2149
1763624523, meta, 100000, 105904, 368, 0, 15309
1763624541, meta, 100000, 105904, 477, 0, 9150
1763628264, meta, 10, 28, 2, 0, 322
1763628266, meta, 10, 28, 2, 0, 905
1763628267, meta, 100, 28, 2, 0, 881
1763628270, meta, 100, 28, 2, 0, 319
1763628270, meta, 1000, 889, 3, 0, 328
1763628273, meta, 1000, 889, 3, 0, 384
1763628273, meta, 3000, 2714, 3, 0, 395
1763628276, meta, 3000, 2714, 3, 0, 390
1763628276, meta, 10000, 9975, 11, 0, 908
1763628279, meta, 10000, 9975, 3, 0, 548
1763628279, meta, 30000, 30797, 12, 0, 2774
1763628284, meta, 30000, 30797, 12, 0, 4005
1763628288, meta, 100000, 105903, 10, 0, 8930
1763628299, meta, 100000, 105903, 13, 0, 3121
1763632014, meta, 10, 28, 2, 0, 346
1763632016, meta, 10, 28, 2, 0, 269
1763632016, meta, 100, 28, 2, 0, 332
1763632019, meta, 100, 28, 2, 0, 800
1763632020, meta, 1000, 889, 2, 0, 788
1763632022, meta, 1000, 889, 2, 0, 301
1763632023, meta, 3000, 2714, 3, 0, 479
1763632025, meta, 3000, 2714, 3, 0, 365
1763632026, meta, 10000, 9975, 11, 0, 958
1763632028, meta, 10000, 9975, 11, 0, 632
1763632029, meta, 30000, 30796, 254, 0, 5350
1763632036, meta, 30000, 30796, 11, 0, 1465
1763632038, meta, 100000, 105902, 9, 0, 9082
1763632049, meta, 100000, 105902, 13, 0, 5630
1763635766, meta, 10, 28, 2, 0, 274
1763635768, meta, 10, 28, 2, 0, 343
1763635768, meta, 100, 28, 2, 0, 283
1763635770, meta, 100, 28, 2, 0, 366
1763635771, meta, 1000, 889, 3, 0, 433
1763635773, meta, 1000, 889, 3, 0, 398
1763635774, meta, 3000, 2714, 3, 0, 409
1763635776, meta, 3000, 2714, 3, 0, 445
1763635776, meta, 10000, 9975, 12, 0, 943
1763635779, meta, 10000, 9975, 11, 0, 643
1763635780, meta, 30000, 30796, 11, 0, 2228
1763635784, meta, 30000, 30796, 11, 0, 877
1763635785, meta, 100000, 105904, 9, 0, 9060
1763635796, meta, 100000, 105904, 9, 0, 8900
1763639550, meta, 10, 28, 2, 0, 285
1763639553, meta, 10, 28, 2, 0, 384
1763639553, meta, 100, 28, 2, 0, 334
1763639555, meta, 100, 28, 2, 0, 402
1763639556, meta, 1000, 889, 3, 0, 375
1763639558, meta, 1000, 889, 3, 0, 411
1763639559, meta, 3000, 2714, 2, 0, 370
1763639561, meta, 3000, 2714, 3, 0, 502
1763639561, meta, 10000, 9975, 12, 0, 965
1763639564, meta, 10000, 9975, 11, 0, 535
1763639565, meta, 30000, 30796, 39, 0, 2675
1763639570, meta, 30000, 30796, 10, 0, 2264
1763639572, meta, 100000, 105902, 9, 0, 9178
1763639583, meta, 100000, 105902, 13, 0, 2403
1763643375, meta, 10, 28, 2, 0, 272
1763643377, meta, 10, 28, 2, 0, 341
1763643377, meta, 100, 28, 2, 0, 345
1763643380, meta, 100, 28, 2, 0, 340
1763643380, meta, 1000, 889, 3, 0, 321
1763643382, meta, 1000, 889, 3, 0, 323
1763643383, meta, 3000, 2714, 3, 0, 478
1763643385, meta, 3000, 2714, 3, 0, 410
1763643386, meta, 10000, 9976, 11, 0, 968
1763643389, meta, 10000, 9976, 11, 0, 659
1763643389, meta, 30000, 30796, 12, 0, 2206
1763643393, meta, 30000, 30796, 11, 0, 2187
1763643396, meta, 100000, 105902, 383, 0, 14838
1763643413, meta, 100000, 105902, 10, 0, 2114
1763647113, meta, 10, 28, 2, 0, 340
1763647115, meta, 10, 28, 2, 0, 355
1763647115, meta, 100, 28, 2, 0, 344
1763647118, meta, 100, 28, 2, 0, 360
1763647118, meta, 1000, 889, 3, 0, 395
1763647121, meta, 1000, 889, 2, 0, 405
1763647121, meta, 3000, 2714, 3, 0, 492
1763647123, meta, 3000, 2714, 3, 0, 448
1763647124, meta, 10000, 9975, 11, 0, 972
1763647127, meta, 10000, 9975, 11, 0, 616
1763647128, meta, 30000, 30796, 73, 0, 3021
1763647133, meta, 30000, 30796, 12, 0, 2233
1763647135, meta, 100000, 105902, 11, 0, 9199
1763647146, meta, 100000, 105902, 9, 0, 8997
1763650859, meta, 10, 28, 2, 0, 410
1763650861, meta, 10, 28, 2, 0, 360
1763650862, meta, 100, 28, 2, 0, 343
1763650864, meta, 100, 28, 2, 0, 344
1763650864, meta, 1000, 889, 3, 0, 432
1763650867, meta, 1000, 889, 3, 0, 375
1763650867, meta, 3000, 2714, 3, 0, 437
1763650870, meta, 3000, 2714, 3, 0, 385
1763650870, meta, 10000, 9975, 11, 0, 924
1763650873, meta, 10000, 9975, 11, 0, 672
1763650874, meta, 30000, 30796, 50, 0, 2652
1763650878, meta, 30000, 30796, 216, 0, 3645
1763650882, meta, 100000, 105902, 11, 0, 9192
1763650893, meta, 100000, 105902, 392, 0, 15075
1763654610, meta, 10, 28, 2, 0, 338
1763654612, meta, 10, 28, 2, 0, 345
1763654612, meta, 100, 28, 2, 0, 350
1763654615, meta, 100, 28, 2, 0, 353
1763654615, meta, 1000, 889, 2, 0, 356
1763654617, meta, 1000, 889, 3, 0, 367
1763654618, meta, 3000, 2714, 3, 0, 423
1763654620, meta, 3000, 2714, 3, 0, 457
1763654621, meta, 10000, 9975, 11, 0, 974
1763654624, meta, 10000, 9975, 11, 0, 642
1763654624, meta, 30000, 30796, 224, 0, 5157
1763654631, meta, 30000, 30796, 25, 0, 2400
1763654634, meta, 100000, 105902, 284, 0, 13679
1763654650, meta, 100000, 105902, 62, 0, 2705
1763658437, meta, 10, 28, 2, 0, 331
1763658439, meta, 10, 28, 2, 0, 329
1763658440, meta, 100, 28, 2, 0, 355
1763658442, meta, 100, 28, 2, 0, 374
1763658442, meta, 1000, 889, 2, 0, 425
1763658445, meta, 1000, 889, 2, 0, 420
1763658445, meta, 3000, 2714, 3, 0, 443
1763658448, meta, 3000, 2714, 3, 0, 381
1763658448, meta, 10000, 9975, 11, 0, 971
1763658451, meta, 10000, 9975, 3, 0, 796
1763658452, meta, 30000, 30796, 11, 0, 2178
1763658456, meta, 30000, 30796, 11, 0, 921
1763658457, meta, 100000, 105902, 13, 0, 8947
1763658468, meta, 100000, 105902, 11, 0, 2081
1763662257, meta, 10, 28, 2, 0, 407
1763662259, meta, 10, 28, 2, 0, 332
1763662259, meta, 100, 28, 2, 0, 349
1763662262, meta, 100, 28, 2, 0, 530
1763662262, meta, 1000, 889, 3, 0, 394
1763662265, meta, 1000, 889, 3, 0, 421
1763662265, meta, 3000, 2714, 3, 0, 417
1763662267, meta, 3000, 2714, 3, 0, 442
1763662268, meta, 10000, 9975, 11, 0, 909
1763662271, meta, 10000, 9975, 11, 0, 553
1763662271, meta, 30000, 30796, 12, 0, 2349
1763662276, meta, 30000, 30796, 12, 0, 1037
1763662277, meta, 100000, 105902, 56, 0, 9873
1763662289, meta, 100000, 105902, 13, 0, 8974
1763665999, meta, 10, 28, 2, 0, 319
1763666001, meta, 10, 28, 2, 0, 347
1763666001, meta, 100, 28, 2, 0, 287
1763666004, meta, 100, 28, 2, 0, 346
1763666004, meta, 1000, 889, 3, 0, 373
1763666006, meta, 1000, 889, 3, 0, 345
1763666007, meta, 3000, 2714, 2, 0, 390
1763666009, meta, 3000, 2714, 2, 0, 444
1763666010, meta, 10000, 9975, 12, 0, 970
1763666013, meta, 10000, 9975, 11, 0, 657
1763666013, meta, 30000, 30796, 11, 0, 2226
1763666017, meta, 30000, 30796, 467, 0, 8179
1763666026, meta, 100000, 105903, 9, 0, 8935
1763666037, meta, 100000, 105903, 13, 0, 2096
1763669831, meta, 10, 28, 2, 0, 393
1763669833, meta, 10, 28, 2, 0, 318
1763669834, meta, 100, 28, 2, 0, 321
1763669836, meta, 100, 28, 2, 0, 258
1763669836, meta, 1000, 889, 3, 0, 288
1763669838, meta, 1000, 889, 3, 0, 414
1763669839, meta, 3000, 2714, 3, 0, 398
1763669841, meta, 3000, 2714, 3, 0, 385
1763669842, meta, 10000, 9975, 11, 0, 1019
1763669845, meta, 10000, 9975, 11, 0, 678
1763669845, meta, 30000, 30797, 104, 0, 3695
1763669851, meta, 30000, 30797, 202, 0, 4652
1763669856, meta, 100000, 105903, 14, 0, 9107
1763669867, meta, 100000, 105903, 11, 0, 2103
1763673579, meta, 10, 28, 2, 0, 416
1763673582, meta, 10, 28, 2, 0, 246
1763673582, meta, 100, 28, 2, 0, 304
1763673584, meta, 100, 28, 2, 0, 319
1763673585, meta, 1000, 890, 3, 0, 315
1763673587, meta, 1000, 890, 2, 0, 284
1763673587, meta, 3000, 2714, 3, 0, 391
1763673590, meta, 3000, 2714, 3, 0, 378
1763673590, meta, 10000, 9975, 11, 0, 897
1763673593, meta, 10000, 9975, 11, 0, 580
1763673593, meta, 30000, 30796, 62, 0, 3102
1763673599, meta, 30000, 30796, 82, 0, 3160
1763673602, meta, 100000, 105902, 9, 0, 9909
1763673614, meta, 100000, 105902, 9, 0, 11802
1763677338, meta, 10, 28, 2, 0, 384
1763677341, meta, 10, 28, 2, 0, 375
1763677341, meta, 100, 28, 2, 0, 350
1763677344, meta, 100, 28, 2, 0, 430
1763677344, meta, 1000, 889, 3, 0, 401
1763677346, meta, 1000, 889, 3, 0, 411
1763677347, meta, 3000, 2714, 3, 0, 450
1763677349, meta, 3000, 2714, 3, 0, 556
1763677350, meta, 10000, 9976, 3, 0, 1083
1763677353, meta, 10000, 9976, 11, 0, 580
1763677353, meta, 30000, 30796, 11, 0, 2271
1763677358, meta, 30000, 30796, 154, 0, 2942
1763677361, meta, 100000, 105902, 11, 0, 9166
1763677372, meta, 100000, 105902, 9, 0, 2161
1763681080, meta, 10, 28, 2, 0, 353
1763681082, meta, 10, 28, 2, 0, 355
1763681082, meta, 100, 28, 2, 0, 359
1763681085, meta, 100, 28, 2, 0, 371
1763681085, meta, 1000, 889, 2, 0, 384
1763681087, meta, 1000, 889, 3, 0, 375
1763681088, meta, 3000, 2714, 2, 0, 487
1763681090, meta, 3000, 2714, 3, 0, 427
1763681091, meta, 10000, 9975, 11, 0, 1051
1763681094, meta, 10000, 9975, 11, 0, 641
1763681094, meta, 30000, 30796, 10, 0, 2277
1763681099, meta, 30000, 30796, 56, 0, 2982
1763681102, meta, 100000, 105903, 856, 0, 21046
1763681125, meta, 100000, 105903, 541, 0, 10283
1763684945, meta, 10, 28, 2, 0, 303
1763684948, meta, 10, 28, 2, 0, 335
1763684948, meta, 100, 28, 2, 0, 267
1763684950, meta, 100, 28, 2, 0, 347
1763684951, meta, 1000, 889, 3, 0, 374
1763684953, meta, 1000, 889, 3, 0, 397
1763684953, meta, 3000, 2714, 3, 0, 431
1763684956, meta, 3000, 2714, 3, 0, 462
1763684956, meta, 10000, 9975, 11, 0, 984
1763684959, meta, 10000, 9975, 11, 0, 895
1763684960, meta, 30000, 30796, 11, 0, 2268
1763684964, meta, 30000, 30796, 12, 0, 980
1763684965, meta, 100000, 105901, 11, 0, 9143
1763684977, meta, 100000, 105901, 9, 0, 2081
1763688683, meta, 10, 28, 2, 0, 392
1763688685, meta, 10, 28, 2, 0, 355
1763688686, meta, 100, 28, 2, 0, 338
1763688688, meta, 100, 28, 2, 0, 341
1763688688, meta, 1000, 889, 3, 0, 390
1763688691, meta, 1000, 889, 3, 0, 394
1763688691, meta, 3000, 2715, 3, 0, 389
1763688693, meta, 3000, 2715, 3, 0, 432
1763688694, meta, 10000, 9975, 3, 0, 898
1763688697, meta, 10000, 9975, 3, 0, 535
1763688697, meta, 30000, 30796, 84, 0, 3230
1763688703, meta, 30000, 30796, 11, 0, 916
1763688703, meta, 100000, 105902, 21, 0, 9316
1763688715, meta, 100000, 105902, 12, 0, 2075
1763692506, meta, 10, 28, 2, 0, 333
1763692509, meta, 10, 28, 2, 0, 329
1763692509, meta, 100, 28, 2, 0, 338
1763692511, meta, 100, 28, 2, 0, 345
1763692512, meta, 1000, 889, 3, 0, 338
1763692514, meta, 1000, 889, 3, 0, 321
1763692514, meta, 3000, 2716, 3, 0, 452
1763692517, meta, 3000, 2716, 3, 0, 405
1763692517, meta, 10000, 9975, 11, 0, 1006
1763692520, meta, 10000, 9975, 11, 0, 636
1763692521, meta, 30000, 30796, 11, 0, 2334
1763692525, meta, 30000, 30796, 11, 0, 2230
1763692528, meta, 100000, 105902, 10, 0, 9104
1763692539, meta, 100000, 105902, 517, 0, 10179
1763696257, meta, 10, 28, 2, 0, 376
1763696259, meta, 10, 28, 2, 0, 333
1763696259, meta, 100, 28, 2, 0, 313
1763696262, meta, 100, 28, 2, 0, 346
1763696262, meta, 1000, 889, 3, 0, 383
1763696264, meta, 1000, 889, 3, 0, 316
1763696265, meta, 3000, 2714, 3, 0, 444
1763696267, meta, 3000, 2714, 3, 0, 341
1763696267, meta, 10000, 9975, 11, 0, 883
1763696270, meta, 10000, 9975, 11, 0, 526
1763696271, meta, 30000, 30796, 11, 0, 2175
1763696275, meta, 30000, 30796, 12, 0, 842
1763696276, meta, 100000, 105902, 784, 0, 21569
1763696299, meta, 100000, 105902, 10, 0, 8951
1763700160, meta, 10, 28, 2, 0, 324
1763700162, meta, 10, 28, 2, 0, 333
1763700163, meta, 100, 28, 2, 0, 333
1763700165, meta, 100, 28, 2, 0, 264
1763700165, meta, 1000, 889, 3, 0, 279
1763700168, meta, 1000, 889, 3, 0, 352
1763700168, meta, 3000, 2714, 3, 0, 443
1763700170, meta, 3000, 2714, 3, 0, 372
1763700171, meta, 10000, 9975, 11, 0, 894
1763700174, meta, 10000, 9975, 11, 0, 877
1763700175, meta, 30000, 30796, 36, 0, 2517
1763700179, meta, 30000, 30796, 11, 0, 867
1763700180, meta, 100000, 105902, 9, 0, 8981
1763700191, meta, 100000, 105902, 311, 0, 7326
1763703896, meta, 10, 28, 2, 0, 325
1763703898, meta, 10, 28, 2, 0, 314
1763703898, meta, 100, 28, 2, 0, 327
1763703900, meta, 100, 28, 2, 0, 311
1763703901, meta, 1000, 889, 3, 0, 367
1763703903, meta, 1000, 889, 3, 0, 351
1763703904, meta, 3000, 2714, 3, 0, 455
1763703906, meta, 3000, 2714, 3, 0, 404
1763703906, meta, 10000, 9975, 10, 0, 988
1763703909, meta, 10000, 9975, 11, 0, 624
1763703910, meta, 30000, 30797, 12, 0, 2360
1763703914, meta, 30000, 30797, 100, 0, 2277
1763703917, meta, 100000, 105902, 9, 0, 9067
1763703928, meta, 100000, 105902, 12, 0, 9303
1763707648, meta, 10, 28, 2, 0, 423
1763707650, meta, 10, 28, 2, 0, 365
1763707650, meta, 100, 28, 2, 0, 345
1763707653, meta, 100, 28, 2, 0, 349
1763707653, meta, 1000, 889, 3, 0, 353
1763707655, meta, 1000, 889, 3, 0, 367
1763707656, meta, 3000, 2714, 3, 0, 441
1763707658, meta, 3000, 2714, 3, 0, 413
1763707659, meta, 10000, 9975, 11, 0, 966
1763707662, meta, 10000, 9975, 11, 0, 956
1763707663, meta, 30000, 30796, 11, 0, 2230
1763707667, meta, 30000, 30796, 11, 0, 976
1763707668, meta, 100000, 105902, 11, 0, 9018
1763707679, meta, 100000, 105902, 13, 0, 9045
1763711483, meta, 10, 28, 2, 0, 317
1763711485, meta, 10, 28, 2, 0, 323
1763711486, meta, 100, 28, 2, 0, 321
1763711488, meta, 100, 28, 2, 0, 256
1763711488, meta, 1000, 889, 3, 0, 273
1763711490, meta, 1000, 889, 3, 0, 340
1763711491, meta, 3000, 2714, 3, 0, 410
1763711493, meta, 3000, 2714, 3, 0, 408
1763711494, meta, 10000, 9975, 11, 0, 930
1763711497, meta, 10000, 9975, 11, 0, 892
1763711497, meta, 30000, 30796, 11, 0, 2244
1763711502, meta, 30000, 30796, 79, 0, 3137
1763711505, meta, 100000, 105902, 57, 0, 10087
1763711517, meta, 100000, 105902, 11, 0, 9134
1763715321, meta, 10, 28, 2, 0, 297
1763715324, meta, 10, 28, 2, 0, 254
1763715324, meta, 100, 28, 2, 0, 333
1763715326, meta, 100, 28, 2, 0, 265
1763715327, meta, 1000, 889, 3, 0, 319
1763715329, meta, 1000, 889, 3, 0, 302
1763715329, meta, 3000, 2714, 3, 0, 344
1763715331, meta, 3000, 2714, 3, 0, 308
1763715332, meta, 10000, 9975, 11, 0, 869
1763715335, meta, 10000, 9975, 12, 0, 549
1763715335, meta, 30000, 30796, 12, 0, 2219
1763715339, meta, 30000, 30796, 105, 0, 2206
1763715342, meta, 100000, 105903, 589, 0, 18230
1763715362, meta, 100000, 105903, 420, 0, 15483
1763719162, meta, 10, 28, 2, 0, 289
1763719165, meta, 10, 28, 2, 0, 307
1763719165, meta, 100, 28, 2, 0, 258
1763719167, meta, 100, 28, 2, 0, 330
1763719167, meta, 1000, 889, 3, 0, 279
1763719170, meta, 1000, 889, 3, 0, 296
1763719170, meta, 3000, 2714, 3, 0, 379
1763719172, meta, 3000, 2714, 3, 0, 380
1763719173, meta, 10000, 9975, 11, 0, 935
1763719176, meta, 10000, 9975, 11, 0, 897
1763719177, meta, 30000, 30796, 57, 0, 2710
1763719181, meta, 30000, 30796, 11, 0, 827
1763719182, meta, 100000, 105904, 11, 0, 8956
1763719193, meta, 100000, 105904, 11, 0, 8817
1763722989, meta, 10, 28, 2, 0, 265
1763722992, meta, 10, 28, 2, 0, 266
1763722992, meta, 100, 28, 2, 0, 253
1763722994, meta, 100, 28, 2, 0, 263
1763722994, meta, 1000, 890, 2, 0, 286
1763722997, meta, 1000, 890, 2, 0, 314
1763722997, meta, 3000, 2714, 2, 0, 384
1763722999, meta, 3000, 2714, 3, 0, 368
1763723000, meta, 10000, 9975, 12, 0, 895
1763723003, meta, 10000, 9975, 11, 0, 872
1763723003, meta, 30000, 30797, 10, 0, 2153
1763723008, meta, 30000, 30797, 11, 0, 2177
1763723010, meta, 100000, 105902, 13, 0, 9157
1763723021, meta, 100000, 105902, 9, 0, 9004
1763726741, meta, 10, 28, 2, 0, 255
1763726743, meta, 10, 28, 2, 0, 273
1763726744, meta, 100, 28, 2, 0, 262
1763726746, meta, 100, 28, 2, 0, 278
1763726746, meta, 1000, 890, 3, 0, 469
1763726749, meta, 1000, 890, 3, 0, 276
1763726749, meta, 3000, 2714, 3, 0, 431
1763726751, meta, 3000, 2714, 3, 0, 307
1763726752, meta, 10000, 9975, 11, 0, 896
1763726755, meta, 10000, 9975, 11, 0, 571
1763726755, meta, 30000, 30796, 66, 0, 2922
1763726760, meta, 30000, 30796, 11, 0, 850
1763726761, meta, 100000, 105902, 9, 0, 9041
1763726772, meta, 100000, 105902, 399, 0, 15033
1763730495, meta, 10, 28, 2, 0, 268
1763730497, meta, 10, 28, 2, 0, 350
1763730498, meta, 100, 28, 2, 0, 379
1763730500, meta, 100, 28, 2, 0, 275
1763730500, meta, 1000, 889, 3, 0, 366
1763730503, meta, 1000, 889, 3, 0, 326
1763730503, meta, 3000, 2715, 3, 0, 562
1763730506, meta, 3000, 2715, 3, 0, 399
1763730506, meta, 10000, 9975, 3, 0, 877
1763730509, meta, 10000, 9975, 12, 0, 653
1763730510, meta, 30000, 30796, 11, 0, 2233
1763730514, meta, 30000, 30796, 41, 0, 1306
1763730515, meta, 100000, 105902, 11, 0, 9091
1763730526, meta, 100000, 105902, 9, 0, 8964
1763734383, meta, 10, 28, 2, 0, 352
1763734386, meta, 10, 28, 2, 0, 331
1763734386, meta, 100, 28, 2, 0, 363
1763734389, meta, 100, 28, 2, 0, 342
1763734389, meta, 1000, 889, 2, 0, 361
1763734391, meta, 1000, 889, 2, 0, 355
1763734392, meta, 3000, 2714, 3, 0, 488
1763734394, meta, 3000, 2714, 3, 0, 346
1763734394, meta, 10000, 9975, 12, 0, 1024
1763734397, meta, 10000, 9975, 11, 0, 538
1763734398, meta, 30000, 30796, 280, 0, 5786
1763734406, meta, 30000, 30796, 265, 0, 5324
1763734411, meta, 100000, 105902, 336, 0, 14223
1763734427, meta, 100000, 105902, 353, 0, 14368
1763738150, meta, 10, 28, 2, 0, 319
1763738152, meta, 10, 28, 2, 0, 375
1763738153, meta, 100, 28, 2, 0, 320
1763738155, meta, 100, 28, 2, 0, 269
1763738155, meta, 1000, 889, 3, 0, 316
1763738158, meta, 1000, 889, 3, 0, 306
1763738158, meta, 3000, 2714, 3, 0, 479
1763738161, meta, 3000, 2714, 3, 0, 343
1763738161, meta, 10000, 9975, 11, 0, 878
1763738164, meta, 10000, 9975, 11, 0, 893
1763738165, meta, 30000, 30796, 12, 0, 2233
1763738169, meta, 30000, 30796, 11, 0, 2255
1763738171, meta, 100000, 105902, 369, 0, 14481
1763738188, meta, 100000, 105902, 12, 0, 2262
1763741895, meta, 10, 28, 2, 0, 353
1763741897, meta, 10, 28, 2, 0, 331
1763741898, meta, 100, 28, 2, 0, 331
1763741900, meta, 100, 28, 2, 0, 326
1763741900, meta, 1000, 889, 3, 0, 278
1763741903, meta, 1000, 889, 3, 0, 375
1763741903, meta, 3000, 2714, 3, 0, 546
1763741906, meta, 3000, 2714, 3, 0, 453
1763741906, meta, 10000, 9975, 11, 0, 945
1763741909, meta, 10000, 9975, 11, 0, 945
1763741910, meta, 30000, 30796, 14, 0, 2328
1763741914, meta, 30000, 30796, 254, 0, 4035
1763741918, meta, 100000, 105902, 759, 0, 20103
1763741940, meta, 100000, 105902, 391, 0, 8007
1763745737, meta, 10, 28, 2, 0, 332
1763745740, meta, 10, 28, 2, 0, 386
1763745740, meta, 100, 28, 2, 0, 370
1763745743, meta, 100, 28, 2, 0, 309
1763745743, meta, 1000, 889, 3, 0, 377
1763745745, meta, 1000, 889, 3, 0, 463
1763745746, meta, 3000, 2714, 3, 0, 490
1763745748, meta, 3000, 2714, 3, 0, 365
1763745749, meta, 10000, 9975, 11, 0, 1014
1763745752, meta, 10000, 9975, 11, 0, 972
1763745753, meta, 30000, 30796, 12, 0, 2291
1763745757, meta, 30000, 30796, 11, 0, 2308
1763745759, meta, 100000, 105902, 9, 0, 9055
1763745770, meta, 100000, 105902, 424, 0, 15978
1763749579, meta, 10, 28, 2, 0, 324
1763749581, meta, 10, 28, 2, 0, 327
1763749582, meta, 100, 28, 2, 0, 340
1763749584, meta, 100, 28, 2, 0, 265
1763749584, meta, 1000, 889, 3, 0, 347
1763749587, meta, 1000, 889, 3, 0, 372
1763749587, meta, 3000, 2714, 3, 0, 437
1763749589, meta, 3000, 2714, 3, 0, 442
1763749590, meta, 10000, 9975, 12, 0, 999
1763749593, meta, 10000, 9975, 11, 0, 616
1763749594, meta, 30000, 30796, 11, 0, 2198
1763749598, meta, 30000, 30796, 462, 0, 7663
1763749605, meta, 100000, 105903, 11, 0, 9155
1763749617, meta, 100000, 105903, 387, 0, 14690
1763753337, meta, 10, 28, 2, 0, 338
1763753339, meta, 10, 28, 2, 0, 331
1763753339, meta, 100, 28, 2, 0, 338
1763753342, meta, 100, 28, 2, 0, 338
1763753342, meta, 1000, 889, 3, 0, 355
1763753344, meta, 1000, 889, 3, 0, 361
1763753345, meta, 3000, 2714, 3, 0, 469
1763753347, meta, 3000, 2714, 3, 0, 450
1763753348, meta, 10000, 9975, 12, 0, 973
1763753351, meta, 10000, 9975, 11, 0, 956
1763753352, meta, 30000, 30796, 11, 0, 2303
1763753356, meta, 30000, 30796, 257, 0, 5594
1763753362, meta, 100000, 105902, 317, 0, 13908
1763753377, meta, 100000, 105902, 9, 0, 2006
1763757143, meta, 10, 28, 2, 0, 293
1763757145, meta, 10, 28, 2, 0, 385
1763757145, meta, 100, 28, 2, 0, 366
1763757148, meta, 100, 28, 2, 0, 394
1763757148, meta, 1000, 889, 3, 0, 445
1763757151, meta, 1000, 889, 3, 0, 449
1763757151, meta, 3000, 2714, 3, 0, 446
1763757154, meta, 3000, 2714, 3, 0, 481
1763757154, meta, 10000, 9975, 11, 0, 965
1763757157, meta, 10000, 9975, 11, 0, 698
1763757158, meta, 30000, 0, 0, 0, 57331
1763757217, meta, 30000, 30796, 11, 0, 2287
1763757219, meta, 100000, 105902, 10, 0, 9064
1763757230, meta, 100000, 105902, 13, 0, 2320
1763761026, meta, 10, 28, 2, 0, 265
1763761028, meta, 10, 28, 2, 0, 301
1763761028, meta, 100, 28, 2, 0, 381
1763761030, meta, 100, 28, 2, 0, 269
1763761031, meta, 1000, 889, 3, 0, 298
1763761033, meta, 1000, 889, 3, 0, 298
1763761033, meta, 3000, 2715, 3, 0, 391
1763761036, meta, 3000, 2715, 3, 0, 417
1763761036, meta, 10000, 9975, 11, 0, 953
1763761039, meta, 10000, 9975, 11, 0, 528
1763761040, meta, 30000, 30796, 54, 0, 2892
1763761045, meta, 30000, 30796, 11, 0, 835
1763761045, meta, 100000, 105903, 379, 0, 14339
1763761062, meta, 100000, 105903, 11, 0, 2104
1763764771, meta, 10, 28, 2, 0, 349
1763764773, meta, 10, 28, 2, 0, 323
1763764774, meta, 100, 28, 2, 0, 359
1763764776, meta, 100, 28, 2, 0, 331
1763764776, meta, 1000, 889, 3, 0, 358
1763764779, meta, 1000, 889, 3, 0, 368
1763764779, meta, 3000, 2714, 3, 0, 492
1763764782, meta, 3000, 2714, 3, 0, 444
1763764782, meta, 10000, 9975, 11, 0, 947
1763764785, meta, 10000, 9975, 11, 0, 627
1763764786, meta, 30000, 30796, 12, 0, 2328
1763764790, meta, 30000, 30796, 28, 0, 1408
1763764791, meta, 100000, 105902, 9, 0, 9136
1763764802, meta, 100000, 105902, 359, 0, 14559
1763768535, meta, 10, 28, 2, 0, 311
1763768537, meta, 10, 28, 2, 0, 298
1763768538, meta, 100, 28, 2, 0, 355
1763768540, meta, 100, 28, 2, 0, 292
1763768540, meta, 1000, 889, 3, 0, 321
1763768543, meta, 1000, 889, 3, 0, 327
1763768543, meta, 3000, 2715, 3, 0, 443
1763768545, meta, 3000, 2715, 3, 0, 346
1763768546, meta, 10000, 9975, 11, 0, 931
1763768549, meta, 10000, 9975, 11, 0, 586
1763768549, meta, 30000, 30796, 13, 0, 2292
1763768554, meta, 30000, 30796, 10, 0, 900
1763768555, meta, 100000, 105905, 10, 0, 9199
1763768566, meta, 100000, 105905, 9, 0, 2107
1763772290, meta, 10, 28, 2, 0, 377
1763772293, meta, 10, 28, 2, 0, 367
1763772293, meta, 100, 28, 2, 0, 321
1763772296, meta, 100, 28, 2, 0, 353
1763772296, meta, 1000, 889, 3, 0, 342
1763772298, meta, 1000, 889, 3, 0, 388
1763772299, meta, 3000, 2714, 3, 0, 472
1763772301, meta, 3000, 2714, 3, 0, 420
1763772301, meta, 10000, 9975, 8, 0, 894
1763772304, meta, 10000, 9975, 12, 0, 591
1763772305, meta, 30000, 30796, 11, 0, 2251
1763772309, meta, 30000, 30796, 11, 0, 983
1763772310, meta, 100000, 105902, 11, 0, 9003
1763772321, meta, 100000, 105902, 9, 0, 9102
1763776038, meta, 10, 28, 2, 0, 341
1763776040, meta, 10, 28, 2, 0, 338
1763776040, meta, 100, 28, 2, 0, 313
1763776043, meta, 100, 28, 2, 0, 333
1763776043, meta, 1000, 889, 3, 0, 296
1763776045, meta, 1000, 889, 3, 0, 359
1763776046, meta, 3000, 2714, 3, 0, 441
1763776048, meta, 3000, 2714, 3, 0, 432
1763776048, meta, 10000, 9975, 11, 0, 1009
1763776051, meta, 10000, 9975, 11, 0, 599
1763776052, meta, 30000, 30796, 11, 0, 2359
1763776056, meta, 30000, 30796, 11, 0, 2216
1763776059, meta, 100000, 105902, 11, 0, 8973
1763776070, meta, 100000, 105902, 309, 0, 6807
1763779794, meta, 10, 28, 2, 0, 262
1763779797, meta, 10, 28, 2, 0, 335
1763779797, meta, 100, 28, 2, 0, 325
1763779799, meta, 100, 28, 2, 0, 261
1763779799, meta, 1000, 889, 2, 0, 307
1763779802, meta, 1000, 889, 2, 0, 367
1763779802, meta, 3000, 2714, 3, 0, 447
1763779805, meta, 3000, 2714, 3, 0, 456
1763779805, meta, 10000, 9975, 3, 0, 845
1763779808, meta, 10000, 9975, 11, 0, 858
1763779809, meta, 30000, 30796, 14, 0, 2234
1763779813, meta, 30000, 30796, 11, 0, 2123
1763779815, meta, 100000, 105903, 9, 0, 9152
1763779826, meta, 100000, 105903, 11, 0, 9097
1763783632, meta, 10, 28, 2, 0, 280
1763783634, meta, 10, 28, 2, 0, 326
1763783635, meta, 100, 28, 2, 0, 349
1763783637, meta, 100, 28, 2, 0, 342
1763783637, meta, 1000, 889, 3, 0, 399
1763783640, meta, 1000, 889, 3, 0, 358
1763783640, meta, 3000, 2714, 3, 0, 445
1763783643, meta, 3000, 2714, 3, 0, 432
1763783643, meta, 10000, 9975, 11, 0, 930
1763783646, meta, 10000, 9975, 11, 0, 619
1763783647, meta, 30000, 30796, 11, 0, 2182
1763783651, meta, 30000, 30796, 10, 0, 2169
1763783653, meta, 100000, 105901, 469, 0, 16311
1763783671, meta, 100000, 105901, 9, 0, 2897
1763787433, meta, 10, 28, 2, 0, 337
1763787435, meta, 10, 28, 2, 0, 330
1763787436, meta, 100, 28, 2, 0, 306
1763787438, meta, 100, 28, 2, 0, 352
1763787438, meta, 1000, 889, 2, 0, 361
1763787441, meta, 1000, 889, 3, 0, 357
1763787441, meta, 3000, 2714, 3, 0, 493
1763787444, meta, 3000, 2714, 3, 0, 365
1763787444, meta, 10000, 9975, 11, 0, 948
1763787447, meta, 10000, 9975, 11, 0, 628
1763787448, meta, 30000, 30796, 67, 0, 3000
1763787453, meta, 30000, 30796, 12, 0, 1012
1763787454, meta, 100000, 105903, 69, 0, 10066
1763787466, meta, 100000, 105903, 656, 0, 12210
1763791267, meta, 10, 28, 2, 0, 342
1763791270, meta, 10, 28, 2, 0, 386
1763791270, meta, 100, 28, 2, 0, 335
1763791272, meta, 100, 28, 2, 0, 387
1763791273, meta, 1000, 889, 3, 0, 378
1763791275, meta, 1000, 889, 3, 0, 391
1763791275, meta, 3000, 2714, 3, 0, 445
1763791278, meta, 3000, 2714, 2, 0, 413
1763791278, meta, 10000, 9975, 11, 0, 960
1763791281, meta, 10000, 9975, 11, 0, 635
1763791282, meta, 30000, 30796, 9, 0, 2201
1763791286, meta, 30000, 30796, 11, 0, 2284
1763791288, meta, 100000, 105903, 10, 0, 9169
1763791300, meta, 100000, 105903, 9, 0, 1942
1763795011, meta, 10, 28, 2, 0, 328
1763795013, meta, 10, 28, 2, 0, 355
1763795014, meta, 100, 28, 2, 0, 325
1763795016, meta, 100, 28, 2, 0, 311
1763795016, meta, 1000, 889, 3, 0, 357
1763795019, meta, 1000, 889, 3, 0, 362
1763795019, meta, 3000, 2714, 3, 0, 438
1763795022, meta, 3000, 2714, 3, 0, 471
1763795022, meta, 10000, 9975, 11, 0, 942
1763795025, meta, 10000, 9975, 11, 0, 631
1763795026, meta, 30000, 30796, 12, 0, 2336
1763795030, meta, 30000, 30796, 10, 0, 2125
1763795032, meta, 100000, 105903, 13, 0, 9188
1763795043, meta, 100000, 105903, 9, 0, 9167
1763798849, meta, 10, 28, 2, 0, 365
1763798851, meta, 10, 28, 2, 0, 340
1763798851, meta, 100, 28, 2, 0, 329
1763798854, meta, 100, 28, 2, 0, 338
1763798854, meta, 1000, 889, 3, 0, 381
1763798856, meta, 1000, 889, 3, 0, 335
1763798857, meta, 3000, 2714, 3, 0, 506
1763798859, meta, 3000, 2714, 3, 0, 407
1763798860, meta, 10000, 9976, 11, 0, 946
1763798862, meta, 10000, 9976, 11, 0, 928
1763798863, meta, 30000, 30796, 12, 0, 2306
1763798868, meta, 30000, 30796, 46, 0, 1426
1763798869, meta, 100000, 105902, 11, 0, 9184
1763798880, meta, 100000, 105902, 13, 0, 2262
1763802592, meta, 10, 28, 2, 0, 267
1763802595, meta, 10, 28, 2, 0, 261
1763802595, meta, 100, 28, 2, 0, 369
1763802597, meta, 100, 28, 2, 0, 373
1763802598, meta, 1000, 889, 3, 0, 345
1763802600, meta, 1000, 889, 3, 0, 344
1763802600, meta, 3000, 2714, 3, 0, 367
1763802603, meta, 3000, 2714, 3, 0, 456
1763802603, meta, 10000, 9975, 3, 0, 802
1763802606, meta, 10000, 9975, 3, 0, 442
1763802606, meta, 30000, 30796, 78, 0, 3322
1763802612, meta, 30000, 30796, 11, 0, 2200
1763802614, meta, 100000, 105904, 13, 0, 9024
1763802625, meta, 100000, 105904, 13, 0, 9140
1763806338, meta, 10, 28, 2, 0, 370
1763806341, meta, 10, 28, 2, 0, 267
1763806341, meta, 100, 28, 2, 0, 316
1763806343, meta, 100, 28, 2, 0, 270
1763806343, meta, 1000, 889, 3, 0, 332
1763806346, meta, 1000, 889, 3, 0, 409
1763806346, meta, 3000, 2714, 3, 0, 358
1763806349, meta, 3000, 2714, 3, 0, 344
1763806349, meta, 10000, 9975, 11, 0, 895
1763806352, meta, 10000, 9975, 3, 0, 493
1763806352, meta, 30000, 30796, 12, 0, 2181
1763806357, meta, 30000, 30796, 57, 0, 2716
1763806359, meta, 100000, 105902, 14, 0, 9354
1763806371, meta, 100000, 105902, 11, 0, 1939
1763810075, meta, 10, 28, 2, 0, 274
1763810077, meta, 10, 28, 2, 0, 384
1763810077, meta, 100, 28, 2, 0, 262
1763810080, meta, 100, 28, 2, 0, 401
1763810080, meta, 1000, 889, 3, 0, 370
1763810082, meta, 1000, 889, 3, 0, 367
1763810083, meta, 3000, 2714, 3, 0, 384
1763810085, meta, 3000, 2714, 3, 0, 343
1763810086, meta, 10000, 9975, 12, 0, 983
1763810089, meta, 10000, 9975, 11, 0, 994
1763810090, meta, 30000, 30796, 11, 0, 2179
1763810094, meta, 30000, 30796, 11, 0, 918
1763810095, meta, 100000, 105903, 9, 0, 9111
1763810106, meta, 100000, 105903, 12, 0, 2033
1763813909, meta, 10, 28, 2, 0, 255
1763813911, meta, 10, 28, 2, 0, 408
1763813912, meta, 100, 28, 2, 0, 262
1763813914, meta, 100, 28, 2, 0, 257
1763813914, meta, 1000, 889, 3, 0, 287
1763813916, meta, 1000, 889, 3, 0, 281
1763813917, meta, 3000, 2714, 3, 0, 400
1763813919, meta, 3000, 2714, 3, 0, 397
1763813920, meta, 10000, 9975, 11, 0, 963
1763813922, meta, 10000, 9975, 11, 0, 563
1763813923, meta, 30000, 30796, 76, 0, 3062
1763813928, meta, 30000, 30796, 11, 0, 2218
1763813930, meta, 100000, 105902, 9, 0, 9068
1763813941, meta, 100000, 105902, 9, 0, 8867
1763817738, meta, 10, 28, 2, 0, 346
1763817740, meta, 10, 28, 2, 0, 351
1763817740, meta, 100, 28, 2, 0, 277
1763817743, meta, 100, 28, 2, 0, 283
1763817743, meta, 1000, 889, 3, 0, 359
1763817745, meta, 1000, 889, 3, 0, 300
1763817746, meta, 3000, 2714, 3, 0, 454
1763817748, meta, 3000, 2714, 3, 0, 414
1763817749, meta, 10000, 9975, 11, 0, 982
1763817752, meta, 10000, 9975, 11, 0, 611
1763817752, meta, 30000, 30796, 11, 0, 2286
1763817756, meta, 30000, 30796, 12, 0, 2456
1763817759, meta, 100000, 105903, 11, 0, 9505
1763817770, meta, 100000, 105903, 40, 0, 2471
1763821477, meta, 10, 28, 2, 0, 409
1763821479, meta, 10, 28, 2, 0, 361
1763821480, meta, 100, 28, 2, 0, 420
1763821482, meta, 100, 28, 2, 0, 391
1763821483, meta, 1000, 889, 3, 0, 458
1763821485, meta, 1000, 889, 3, 0, 364
1763821485, meta, 3000, 2714, 3, 0, 473
1763821488, meta, 3000, 2714, 3, 0, 443
1763821488, meta, 10000, 9975, 12, 0, 1073
1763821491, meta, 10000, 9975, 11, 0, 634
1763821492, meta, 30000, 30796, 265, 0, 5601
1763821500, meta, 30000, 30796, 14, 0, 2204
1763821502, meta, 100000, 105902, 10, 0, 9107
1763821513, meta, 100000, 105902, 12, 0, 2318
1763825221, meta, 10, 28, 2, 0, 335
1763825224, meta, 10, 28, 2, 0, 286
1763825224, meta, 100, 28, 2, 0, 460
1763825226, meta, 100, 28, 2, 0, 346
1763825227, meta, 1000, 889, 3, 0, 398
1763825229, meta, 1000, 889, 2, 0, 380
1763825230, meta, 3000, 2714, 3, 0, 514
1763825232, meta, 3000, 2714, 3, 0, 568
1763825233, meta, 10000, 9975, 12, 0, 996
1763825236, meta, 10000, 9975, 11, 0, 960
1763825237, meta, 30000, 30796, 69, 0, 2969
1763825242, meta, 30000, 30796, 57, 0, 1501
1763825243, meta, 100000, 105902, 53, 0, 9772
1763825255, meta, 100000, 105902, 11, 0, 9137
1763828971, meta, 10, 28, 2, 0, 338
1763828973, meta, 10, 28, 2, 0, 383
1763828974, meta, 100, 28, 2, 0, 363
1763828976, meta, 100, 28, 2, 0, 361
1763828977, meta, 1000, 889, 3, 0, 418
1763828979, meta, 1000, 889, 3, 0, 631
1763828980, meta, 3000, 2714, 3, 0, 509
1763828982, meta, 3000, 2714, 3, 0, 444
1763828983, meta, 10000, 9975, 11, 0, 998
1763828986, meta, 10000, 9975, 11, 0, 943
1763828987, meta, 30000, 30796, 348, 0, 6379
1763828995, meta, 30000, 30796, 77, 0, 1984
1763828997, meta, 100000, 105903, 383, 0, 15124
1763829014, meta, 100000, 105903, 12, 0, 2027
1763832806, meta, 10, 28, 2, 0, 340
1763832809, meta, 10, 28, 2, 0, 396
1763832809, meta, 100, 28, 2, 0, 354
1763832811, meta, 100, 28, 2, 0, 345
1763832812, meta, 1000, 889, 3, 0, 381
1763832814, meta, 1000, 889, 3, 0, 350
1763832814, meta, 3000, 2714, 3, 0, 481
1763832817, meta, 3000, 2714, 3, 0, 496
1763832817, meta, 10000, 9975, 11, 0, 966
1763832820, meta, 10000, 9975, 11, 0, 876
1763832821, meta, 30000, 30796, 13, 0, 2347
1763832826, meta, 30000, 30796, 11, 0, 2335
1763832828, meta, 100000, 105902, 13, 0, 9086
1763832839, meta, 100000, 105902, 771, 0, 14534
1763836557, meta, 10, 28, 2, 0, 344
1763836559, meta, 10, 28, 2, 0, 332
1763836560, meta, 100, 28, 2, 0, 327
1763836562, meta, 100, 28, 2, 0, 356
1763836562, meta, 1000, 889, 2, 0, 367
1763836565, meta, 1000, 889, 2, 0, 361
1763836565, meta, 3000, 2714, 3, 0, 379
1763836568, meta, 3000, 2714, 3, 0, 362
1763836568, meta, 10000, 9975, 11, 0, 974
1763836571, meta, 10000, 9975, 11, 0, 980
1763836572, meta, 30000, 30796, 61, 0, 2941
1763836577, meta, 30000, 30796, 12, 0, 946
1763836578, meta, 100000, 105902, 9, 0, 9101
1763836589, meta, 100000, 105902, 9, 0, 9142
1763840305, meta, 10, 28, 2, 0, 349
1763840307, meta, 10, 28, 2, 0, 353
1763840307, meta, 100, 28, 2, 0, 315
1763840310, meta, 100, 28, 2, 0, 331
1763840310, meta, 1000, 889, 3, 0, 357
1763840312, meta, 1000, 889, 3, 0, 396
1763840313, meta, 3000, 2714, 3, 0, 452
1763840315, meta, 3000, 2714, 3, 0, 579
1763840316, meta, 10000, 9975, 3, 0, 903
1763840319, meta, 10000, 9975, 3, 0, 532
1763840319, meta, 30000, 30796, 263, 0, 5660
1763840327, meta, 30000, 30796, 12, 0, 2302
1763840329, meta, 100000, 105903, 9, 0, 9092
1763840340, meta, 100000, 105903, 821, 0, 15158
1763844064, meta, 10, 28, 2, 0, 375
1763844066, meta, 10, 28, 2, 0, 384
1763844066, meta, 100, 28, 2, 0, 359
1763844069, meta, 100, 28, 2, 0, 339
1763844069, meta, 1000, 889, 3, 0, 384
1763844071, meta, 1000, 889, 3, 0, 372
1763844072, meta, 3000, 2714, 3, 0, 447
1763844074, meta, 3000, 2714, 3, 0, 401
1763844075, meta, 10000, 9975, 11, 0, 975
1763844078, meta, 10000, 9975, 12, 0, 961
1763844079, meta, 30000, 30796, 11, 0, 2270
1763844083, meta, 30000, 30796, 52, 0, 2842
1763844086, meta, 100000, 105902, 11, 0, 9245
1763844097, meta, 100000, 105902, 13, 0, 2035
1763847901, meta, 10, 28, 2, 0, 366
1763847903, meta, 10, 28, 2, 0, 347
1763847903, meta, 100, 28, 2, 0, 322
1763847906, meta, 100, 28, 2, 0, 330
1763847906, meta, 1000, 889, 3, 0, 419
1763847909, meta, 1000, 889, 2, 0, 394
1763847909, meta, 3000, 2714, 3, 0, 460
1763847911, meta, 3000, 2714, 2, 0, 476
1763847912, meta, 10000, 9975, 11, 0, 1029
1763847915, meta, 10000, 9975, 11, 0, 628
1763847916, meta, 30000, 30796, 55, 0, 2967
1763847921, meta, 30000, 30796, 11, 0, 2279
1763847923, meta, 100000, 105901, 12, 0, 9205
1763847934, meta, 100000, 105901, 10, 0, 8912
1763851744, meta, 10, 28, 2, 0, 341
1763851746, meta, 10, 28, 2, 0, 472
1763851746, meta, 100, 28, 2, 0, 329
1763851749, meta, 100, 28, 2, 0, 333
1763851749, meta, 1000, 889, 3, 0, 365
1763851751, meta, 1000, 889, 3, 0, 352
1763851752, meta, 3000, 2714, 3, 0, 454
1763851754, meta, 3000, 2714, 3, 0, 407
1763851755, meta, 10000, 9975, 11, 0, 945
1763851758, meta, 10000, 9975, 11, 0, 612
1763851758, meta, 30000, 30796, 13, 0, 2332
1763851763, meta, 30000, 30796, 12, 0, 947
1763851763, meta, 100000, 105902, 13, 0, 8995
1763851774, meta, 100000, 105902, 9, 0, 2218
1763855569, meta, 10, 28, 2, 0, 366
1763855571, meta, 10, 28, 2, 0, 352
1763855572, meta, 100, 28, 2, 0, 339
1763855574, meta, 100, 28, 2, 0, 314
1763855574, meta, 1000, 889, 3, 0, 351
1763855577, meta, 1000, 889, 3, 0, 359
1763855577, meta, 3000, 2714, 3, 0, 499
1763855579, meta, 3000, 2714, 3, 0, 459
1763855580, meta, 10000, 9975, 3, 0, 847
1763855583, meta, 10000, 9975, 11, 0, 578
1763855583, meta, 30000, 30796, 9, 0, 2288
1763855588, meta, 30000, 30796, 57, 0, 1562
1763855589, meta, 100000, 105903, 466, 0, 15949
1763855607, meta, 100000, 105903, 10, 0, 9161
1763859409, meta, 10, 28, 2, 0, 342
1763859411, meta, 10, 28, 2, 0, 325
1763859412, meta, 100, 28, 2, 0, 326
1763859414, meta, 100, 28, 2, 0, 377
1763859414, meta, 1000, 889, 2, 0, 354
1763859417, meta, 1000, 889, 2, 0, 346
1763859417, meta, 3000, 2714, 3, 0, 439
1763859419, meta, 3000, 2714, 3, 0, 521
1763859420, meta, 10000, 9975, 3, 0, 916
1763859423, meta, 10000, 9975, 11, 0, 665
1763859424, meta, 30000, 30797, 12, 0, 2411
1763859428, meta, 30000, 30797, 14, 0, 2278
1763859430, meta, 100000, 105902, 8, 0, 9213
1763859441, meta, 100000, 105902, 12, 0, 8969
1763863248, meta, 10, 28, 2, 0, 343
1763863250, meta, 10, 28, 2, 0, 365
1763863251, meta, 100, 28, 2, 0, 321
1763863253, meta, 100, 28, 2, 0, 340
1763863253, meta, 1000, 889, 3, 0, 389
1763863256, meta, 1000, 889, 3, 0, 407
1763863256, meta, 3000, 2714, 3, 0, 502
1763863259, meta, 3000, 2714, 3, 0, 461
1763863259, meta, 10000, 9975, 11, 0, 1024
1763863262, meta, 10000, 9975, 11, 0, 599
1763863263, meta, 30000, 30797, 96, 0, 3392
1763863268, meta, 30000, 30797, 12, 0, 916
1763863269, meta, 100000, 105903, 339, 0, 14272
1763863285, meta, 100000, 105903, 290, 0, 6946
1763867093, meta, 10, 28, 2, 0, 331
1763867095, meta, 10, 28, 2, 0, 341
1763867096, meta, 100, 28, 2, 0, 326
1763867098, meta, 100, 28, 2, 0, 375
1763867098, meta, 1000, 889, 2, 0, 517
1763867101, meta, 1000, 889, 2, 0, 450
1763867101, meta, 3000, 2714, 3, 0, 525
1763867104, meta, 3000, 2714, 3, 0, 445
1763867104, meta, 10000, 9975, 11, 0, 957
1763867107, meta, 10000, 9975, 11, 0, 626
1763867108, meta, 30000, 30796, 11, 0, 2283
1763867112, meta, 30000, 30796, 11, 0, 1022
1763867113, meta, 100000, 105903, 11, 0, 9113
1763867124, meta, 100000, 105903, 13, 0, 2230
1763870919, meta, 10, 28, 2, 0, 343
1763870921, meta, 10, 28, 2, 0, 341
1763870922, meta, 100, 28, 2, 0, 389
1763870924, meta, 100, 28, 2, 0, 324
1763870925, meta, 1000, 889, 3, 0, 362
1763870927, meta, 1000, 889, 3, 0, 373
1763870927, meta, 3000, 2714, 2, 0, 464
1763870930, meta, 3000, 2714, 2, 0, 438
1763870930, meta, 10000, 9975, 11, 0, 966
1763870933, meta, 10000, 9975, 11, 0, 949
1763870934, meta, 30000, 30796, 202, 0, 4868
1763870941, meta, 30000, 30796, 80, 0, 3184
1763870944, meta, 100000, 105902, 10, 0, 9161
1763870955, meta, 100000, 105902, 13, 0, 1892
1763874666, meta, 10, 28, 2, 0, 331
1763874668, meta, 10, 28, 2, 0, 276
1763874668, meta, 100, 28, 2, 0, 279
1763874670, meta, 100, 28, 2, 0, 328
1763874671, meta, 1000, 889, 3, 0, 395
1763874673, meta, 1000, 889, 3, 0, 341
1763874674, meta, 3000, 2714, 3, 0, 401
1763874676, meta, 3000, 2714, 3, 0, 528
1763874676, meta, 10000, 9975, 12, 0, 878
1763874679, meta, 10000, 9975, 11, 0, 620
1763874680, meta, 30000, 30796, 129, 0, 3874
1763874686, meta, 30000, 30796, 13, 0, 2218
1763874688, meta, 100000, 105903, 12, 0, 9055
1763874699, meta, 100000, 105903, 11, 0, 2203
1763878506, meta, 10, 28, 2, 0, 274
1763878509, meta, 10, 28, 2, 0, 349
1763878509, meta, 100, 28, 2, 0, 356
1763878511, meta, 100, 28, 2, 0, 355
1763878512, meta, 1000, 889, 2, 0, 390
1763878514, meta, 1000, 889, 2, 0, 497
1763878515, meta, 3000, 2714, 3, 0, 475
1763878517, meta, 3000, 2714, 3, 0, 479
1763878518, meta, 10000, 9975, 11, 0, 975
1763878520, meta, 10000, 9975, 11, 0, 1001
1763878521, meta, 30000, 30796, 14, 0, 2331
1763878526, meta, 30000, 30796, 12, 0, 933
1763878527, meta, 100000, 105902, 13, 0, 9317
1763878538, meta, 100000, 105902, 559, 0, 10739
1763882339, meta, 10, 28, 2, 0, 350
1763882341, meta, 10, 28, 2, 0, 349
1763882341, meta, 100, 28, 2, 0, 408
1763882344, meta, 100, 28, 2, 0, 381
1763882344, meta, 1000, 889, 3, 0, 484
1763882347, meta, 1000, 889, 3, 0, 373
1763882347, meta, 3000, 2714, 3, 0, 468
1763882350, meta, 3000, 2714, 3, 0, 525
1763882350, meta, 10000, 9975, 11, 0, 949
1763882353, meta, 10000, 9975, 11, 0, 632
1763882354, meta, 30000, 30796, 11, 0, 2276
1763882358, meta, 30000, 30796, 11, 0, 2316
1763882360, meta, 100000, 105902, 9, 0, 9171
1763882371, meta, 100000, 105902, 9, 0, 2116
1763886078, meta, 10, 28, 2, 0, 375
1763886081, meta, 10, 28, 2, 0, 497
1763886081, meta, 100, 28, 2, 0, 368
1763886084, meta, 100, 28, 2, 0, 380
1763886084, meta, 1000, 889, 3, 0, 411
1763886086, meta, 1000, 889, 3, 0, 467
1763886087, meta, 3000, 2714, 3, 0, 492
1763886089, meta, 3000, 2714, 3, 0, 402
1763886090, meta, 10000, 9975, 11, 0, 964
1763886093, meta, 10000, 9975, 11, 0, 633
1763886093, meta, 30000, 30796, 11, 0, 2264
1763886098, meta, 30000, 30796, 11, 0, 2286
1763886100, meta, 100000, 105903, 9, 0, 9261
1763886111, meta, 100000, 105903, 12, 0, 2024
1763889965, meta, 10, 28, 2, 0, 410
1763889967, meta, 10, 28, 2, 0, 365
1763889967, meta, 100, 28, 2, 0, 382
1763889970, meta, 100, 28, 2, 0, 363
1763889970, meta, 1000, 889, 3, 0, 447
1763889973, meta, 1000, 889, 2, 0, 435
1763889973, meta, 3000, 2714, 3, 0, 488
1763889976, meta, 3000, 2714, 3, 0, 432
1763889976, meta, 10000, 9975, 11, 0, 976
1763889979, meta, 10000, 9975, 11, 0, 997
1763889980, meta, 30000, 30796, 181, 0, 4520
1763889987, meta, 30000, 30796, 483, 0, 7500
1763889994, meta, 100000, 105903, 13, 0, 9178
1763890005, meta, 100000, 105903, 10, 0, 2061
1763893773, meta, 10, 27, 2, 0, 287
1763893775, meta, 10, 27, 2, 0, 363
1763893775, meta, 100, 28, 2, 0, 380
1763893778, meta, 100, 28, 2, 0, 297
1763893778, meta, 1000, 889, 3, 0, 359
1763893780, meta, 1000, 889, 3, 0, 398
1763893781, meta, 3000, 2714, 3, 0, 382
1763893783, meta, 3000, 2714, 3, 0, 502
1763893784, meta, 10000, 9975, 11, 0, 911
1763893787, meta, 10000, 9975, 11, 0, 607
1763893787, meta, 30000, 30796, 14, 0, 2304
1763893792, meta, 30000, 30796, 61, 0, 3008
1763893795, meta, 100000, 105901, 13, 0, 9022
1763893806, meta, 100000, 105901, 9, 0, 9009
1763897538, meta, 10, 28, 2, 0, 359
1763897540, meta, 10, 28, 2, 0, 379
1763897541, meta, 100, 28, 2, 0, 384
1763897543, meta, 100, 28, 2, 0, 379
1763897544, meta, 1000, 889, 2, 0, 378
1763897546, meta, 1000, 889, 2, 0, 365
1763897546, meta, 3000, 2714, 3, 0, 519
1763897549, meta, 3000, 2714, 3, 0, 464
1763897549, meta, 10000, 9975, 11, 0, 1139
1763897552, meta, 10000, 9975, 11, 0, 1002
1763897553, meta, 30000, 30796, 51, 0, 2777
1763897558, meta, 30000, 30796, 12, 0, 2279
1763897560, meta, 100000, 105902, 308, 0, 13852
1763897576, meta, 100000, 105902, 12, 0, 9217
1763901294, meta, 10, 28, 2, 0, 425
1763901296, meta, 10, 28, 2, 0, 375
1763901296, meta, 100, 28, 2, 0, 287
1763901299, meta, 100, 28, 2, 0, 268
1763901299, meta, 1000, 890, 3, 0, 362
1763901301, meta, 1000, 890, 3, 0, 292
1763901302, meta, 3000, 2715, 3, 0, 477
1763901304, meta, 3000, 2715, 3, 0, 473
1763901305, meta, 10000, 9975, 11, 0, 995
1763901308, meta, 10000, 9975, 11, 0, 993
1763901309, meta, 30000, 30797, 12, 0, 2331
1763901313, meta, 30000, 30797, 12, 0, 2257
1763901315, meta, 100000, 105902, 10, 0, 9008
1763901326, meta, 100000, 105902, 10, 0, 2210
1763905039, meta, 10, 28, 2, 0, 377
1763905042, meta, 10, 28, 2, 0, 371
1763905042, meta, 100, 28, 2, 0, 347
1763905044, meta, 100, 28, 2, 0, 392
1763905045, meta, 1000, 889, 2, 0, 412
1763905047, meta, 1000, 889, 2, 0, 444
1763905047, meta, 3000, 2715, 3, 0, 480
1763905050, meta, 3000, 2715, 3, 0, 494
1763905050, meta, 10000, 9975, 12, 0, 1086
1763905054, meta, 10000, 9975, 11, 0, 1044
1763905055, meta, 30000, 30796, 305, 0, 35046
1763905092, meta, 30000, 30796, 11, 0, 2449
1763905094, meta, 100000, 105903, 9, 0, 9091
1763905105, meta, 100000, 105903, 9, 0, 1990
1763908966, meta, 10, 28, 2, 0, 398
1763908968, meta, 10, 28, 2, 0, 353
1763908969, meta, 100, 28, 2, 0, 371
1763908971, meta, 100, 28, 2, 0, 346
1763908971, meta, 1000, 889, 3, 0, 422
1763908974, meta, 1000, 889, 3, 0, 511
1763908974, meta, 3000, 2714, 3, 0, 490
1763908977, meta, 3000, 2714, 3, 0, 543
1763908977, meta, 10000, 9975, 11, 0, 1019
1763908980, meta, 10000, 9975, 11, 0, 605
1763908981, meta, 30000, 30796, 79, 0, 3306
1763908986, meta, 30000, 30796, 68, 0, 1645
1763908988, meta, 100000, 105902, 252, 0, 14010
1763909004, meta, 100000, 0, 0, 0, 57307
1763912763, meta, 10, 28, 2, 0, 392
1763912765, meta, 10, 28, 2, 0, 362
1763912766, meta, 100, 28, 2, 0, 301
1763912768, meta, 100, 28, 2, 0, 319
1763912768, meta, 1000, 889, 3, 0, 359
1763912771, meta, 1000, 889, 3, 0, 378
1763912771, meta, 3000, 2714, 3, 0, 412
1763912773, meta, 3000, 2714, 3, 0, 517
1763912774, meta, 10000, 9975, 11, 0, 907
1763912777, meta, 10000, 9975, 11, 0, 1008
1763912778, meta, 30000, 30796, 12, 0, 2313
1763912782, meta, 30000, 30796, 12, 0, 1104
1763912783, meta, 100000, 105902, 12, 0, 9138
1763912794, meta, 100000, 105902, 9, 0, 9103
1763916516, meta, 10, 28, 2, 0, 360
1763916519, meta, 10, 28, 2, 0, 392
1763916519, meta, 100, 28, 2, 0, 406
1763916522, meta, 100, 28, 2, 0, 346
1763916522, meta, 1000, 889, 3, 0, 512
1763916524, meta, 1000, 889, 3, 0, 458
1763916525, meta, 3000, 2714, 3, 0, 539
1763916527, meta, 3000, 2714, 2, 0, 478
1763916528, meta, 10000, 9975, 11, 0, 989
1763916531, meta, 10000, 9975, 11, 0, 626
1763916531, meta, 30000, 30796, 63, 0, 3036
1763916537, meta, 30000, 30796, 41, 0, 1300
1763916538, meta, 100000, 105903, 12, 0, 9227
1763916549, meta, 100000, 105903, 10, 0, 9204
1763920363, meta, 10, 28, 2, 0, 362
1763920365, meta, 10, 28, 2, 0, 321
1763920365, meta, 100, 28, 2, 0, 325
1763920368, meta, 100, 28, 2, 0, 313
1763920368, meta, 1000, 891, 3, 0, 420
1763920370, meta, 1000, 891, 3, 0, 365
1763920371, meta, 3000, 2714, 3, 0, 476
1763920373, meta, 3000, 2714, 3, 0, 449
1763920374, meta, 10000, 9975, 11, 0, 963
1763920377, meta, 10000, 9975, 12, 0, 992
1763920378, meta, 30000, 30796, 12, 0, 2329
1763920382, meta, 30000, 30796, 12, 0, 924
1763920383, meta, 100000, 105902, 475, 0, 16119
1763920401, meta, 100000, 105902, 81, 0, 3311
1763924124, meta, 10, 28, 2, 0, 318
1763924126, meta, 10, 28, 2, 0, 343
1763924127, meta, 100, 28, 2, 0, 404
1763924129, meta, 100, 28, 2, 0, 310
1763924130, meta, 1000, 889, 3, 0, 345
1763924132, meta, 1000, 889, 3, 0, 395
1763924132, meta, 3000, 2714, 3, 0, 498
1763924135, meta, 3000, 2714, 3, 0, 563
1763924135, meta, 10000, 9975, 11, 0, 1078
1763924138, meta, 10000, 9975, 11, 0, 633
1763924139, meta, 30000, 30796, 11, 0, 2320
1763924143, meta, 30000, 30796, 12, 0, 1920
1763924145, meta, 100000, 105902, 385, 0, 15563
1763924163, meta, 100000, 105902, 11, 0, 2733
1763927956, meta, 10, 28, 2, 0, 327
1763927958, meta, 10, 28, 2, 0, 280
1763927958, meta, 100, 28, 2, 0, 317
1763927961, meta, 100, 28, 2, 0, 337
1763927961, meta, 1000, 889, 3, 0, 354
1763927963, meta, 1000, 889, 3, 0, 315
1763927964, meta, 3000, 2715, 3, 0, 431
1763927966, meta, 3000, 2715, 3, 0, 383
1763927966, meta, 10000, 9975, 11, 0, 976
1763927969, meta, 10000, 9975, 12, 0, 620
1763927970, meta, 30000, 30796, 11, 0, 2176
1763927974, meta, 30000, 30796, 14, 0, 975
1763927975, meta, 100000, 105901, 13, 0, 9183
1763927986, meta, 100000, 105901, 8, 0, 9102
1763931700, meta, 10, 28, 2, 0, 327
1763931702, meta, 10, 28, 2, 0, 260
1763931703, meta, 100, 28, 2, 0, 344
1763931705, meta, 100, 28, 2, 0, 316
1763931705, meta, 1000, 889, 3, 0, 422
1763931708, meta, 1000, 889, 3, 0, 347
1763931708, meta, 3000, 2714, 3, 0, 423
1763931711, meta, 3000, 2714, 3, 0, 493
1763931711, meta, 10000, 9976, 3, 0, 897
1763931714, meta, 10000, 9976, 11, 0, 668
1763931715, meta, 30000, 30796, 11, 0, 2298
1763931719, meta, 30000, 30796, 12, 0, 965
1763931720, meta, 100000, 105904, 10, 0, 9094
1763931731, meta, 100000, 105904, 9, 0, 2219
1763935498, meta, 10, 28, 2, 0, 341
1763935501, meta, 10, 28, 2, 0, 429
1763935501, meta, 100, 28, 2, 0, 345
1763935503, meta, 100, 28, 2, 0, 366
1763935504, meta, 1000, 889, 2, 0, 347
1763935506, meta, 1000, 889, 3, 0, 348
1763935506, meta, 3000, 2715, 3, 0, 485
1763935509, meta, 3000, 2715, 3, 0, 509
1763935509, meta, 10000, 9975, 11, 0, 1048
1763935512, meta, 10000, 9975, 11, 0, 549
1763935513, meta, 30000, 30796, 11, 0, 2275
1763935517, meta, 30000, 30796, 32, 0, 1284
1763935519, meta, 100000, 105902, 9, 0, 9148
1763935530, meta, 100000, 105902, 12, 0, 2771
1763939330, meta, 10, 28, 2, 0, 322
1763939333, meta, 10, 28, 2, 0, 341
1763939333, meta, 100, 28, 2, 0, 350
1763939335, meta, 100, 28, 2, 0, 277
1763939336, meta, 1000, 889, 3, 0, 379
1763939338, meta, 1000, 889, 3, 0, 405
1763939338, meta, 3000, 2714, 3, 0, 381
1763939341, meta, 3000, 2714, 3, 0, 460
1763939341, meta, 10000, 9975, 11, 0, 937
1763939344, meta, 10000, 9975, 11, 0, 961
1763939345, meta, 30000, 30796, 11, 0, 2287
1763939350, meta, 30000, 30796, 10, 0, 861
1763939350, meta, 100000, 105903, 12, 0, 9177
1763939362, meta, 100000, 105903, 13, 0, 9020
1763943163, meta, 10, 28, 2, 0, 406
1763943165, meta, 10, 28, 2, 0, 425
1763943166, meta, 100, 28, 2, 0, 346
1763943168, meta, 100, 28, 2, 0, 394
1763943168, meta, 1000, 890, 3, 0, 336
1763943171, meta, 1000, 890, 3, 0, 363
1763943171, meta, 3000, 2714, 3, 0, 433
1763943174, meta, 3000, 2714, 3, 0, 411
1763943174, meta, 10000, 9975, 11, 0, 1027
1763943177, meta, 10000, 9975, 11, 0, 964
1763943178, meta, 30000, 30796, 10, 0, 2367
1763943182, meta, 30000, 30796, 14, 0, 1017
1763943183, meta, 100000, 105902, 480, 0, 16413
1763943202, meta, 100000, 105902, 12, 0, 2022
1763946923, meta, 10, 28, 2, 0, 381
1763946925, meta, 10, 28, 2, 0, 432
1763946926, meta, 100, 28, 2, 0, 354
1763946928, meta, 100, 28, 2, 0, 331
1763946928, meta, 1000, 889, 3, 0, 373
1763946931, meta, 1000, 889, 3, 0, 357
1763946931, meta, 3000, 2714, 3, 0, 499
1763946934, meta, 3000, 2714, 3, 0, 407
1763946934, meta, 10000, 9975, 11, 0, 973
1763946937, meta, 10000, 9975, 11, 0, 643
1763946938, meta, 30000, 30796, 10, 0, 2196
1763946942, meta, 30000, 30796, 11, 0, 2344
1763946944, meta, 100000, 105902, 72, 0, 10137
1763946956, meta, 100000, 105902, 323, 0, 14067
1763950771, meta, 10, 28, 2, 0, 365
1763950773, meta, 10, 28, 2, 0, 409
1763950773, meta, 100, 28, 2, 0, 300
1763950776, meta, 100, 28, 2, 0, 345
1763950776, meta, 1000, 889, 3, 0, 379
1763950778, meta, 1000, 889, 3, 0, 368
1763950779, meta, 3000, 2715, 3, 0, 474
1763950781, meta, 3000, 2715, 3, 0, 448
1763950782, meta, 10000, 9975, 12, 0, 971
1763950785, meta, 10000, 9975, 11, 0, 655
1763950785, meta, 30000, 30796, 53, 0, 2887
1763950790, meta, 30000, 30796, 39, 0, 1431
1763950792, meta, 100000, 105902, 304, 0, 13968
1763950808, meta, 100000, 105902, 12, 0, 2175
1763954576, meta, 10, 28, 2, 0, 315
1763954578, meta, 10, 28, 2, 0, 385
1763954579, meta, 100, 28, 2, 0, 288
1763954581, meta, 100, 28, 2, 0, 366
1763954581, meta, 1000, 889, 3, 0, 512
1763954584, meta, 1000, 889, 3, 0, 409
1763954584, meta, 3000, 2715, 3, 0, 485
1763954587, meta, 3000, 2715, 3, 0, 523
1763954587, meta, 10000, 9976, 12, 0, 1123
1763954590, meta, 10000, 9976, 12, 0, 704
1763954591, meta, 30000, 30796, 67, 0, 3018
1763954596, meta, 30000, 30796, 273, 0, 5933
1763954602, meta, 100000, 105903, 13, 0, 9118
1763954613, meta, 100000, 105903, 346, 0, 14285
1763958428, meta, 10, 28, 2, 0, 373
1763958430, meta, 10, 28, 2, 0, 276
1763958430, meta, 100, 28, 2, 0, 364
1763958433, meta, 100, 28, 2, 0, 329
1763958433, meta, 1000, 889, 2, 0, 312
1763958435, meta, 1000, 889, 3, 0, 363
1763958436, meta, 3000, 2714, 3, 0, 505
1763958438, meta, 3000, 2714, 3, 0, 510
1763958439, meta, 10000, 9975, 11, 0, 1003
1763958442, meta, 10000, 9975, 11, 0, 635
1763958442, meta, 30000, 30796, 13, 0, 2317
1763958447, meta, 30000, 30796, 11, 0, 847
1763958447, meta, 100000, 105903, 9, 0, 9220
1763958459, meta, 100000, 105903, 9, 0, 9103
1763962372, meta, 10, 28, 2, 0, 365
1763962374, meta, 10, 28, 2, 0, 314
1763962374, meta, 100, 28, 2, 0, 320
1763962377, meta, 100, 28, 2, 0, 356
1763962377, meta, 1000, 889, 3, 0, 340
1763962379, meta, 1000, 889, 3, 0, 360
1763962380, meta, 3000, 2714, 3, 0, 445
1763962382, meta, 3000, 2714, 3, 0, 397
1763962383, meta, 10000, 9975, 11, 0, 1073
1763962386, meta, 10000, 9975, 11, 0, 674
1763962386, meta, 30000, 30796, 12, 0, 2350
1763962391, meta, 30000, 30796, 238, 0, 5295
1763962396, meta, 100000, 105902, 13, 0, 9254
1763962407, meta, 100000, 105902, 13, 0, 2029
1763966115, meta, 10, 28, 2, 0, 410
1763966117, meta, 10, 28, 2, 0, 317
1763966118, meta, 100, 28, 2, 0, 331
1763966120, meta, 100, 28, 2, 0, 330
1763966120, meta, 1000, 889, 3, 0, 365
1763966123, meta, 1000, 889, 3, 0, 420
1763966123, meta, 3000, 2714, 3, 0, 440
1763966125, meta, 3000, 2714, 3, 0, 427
1763966126, meta, 10000, 9975, 3, 0, 909
1763966129, meta, 10000, 9975, 11, 0, 962
1763966130, meta, 30000, 30796, 65, 0, 3012
1763966135, meta, 30000, 30796, 11, 0, 2198
1763966137, meta, 100000, 105903, 13, 0, 9113
1763966148, meta, 100000, 105903, 360, 0, 14439
1763969959, meta, 10, 28, 2, 0, 325
1763969962, meta, 10, 28, 2, 0, 352
1763969962, meta, 100, 28, 2, 0, 334
1763969964, meta, 100, 28, 2, 0, 262
1763969965, meta, 1000, 889, 3, 0, 474
1763969967, meta, 1000, 889, 3, 0, 481
1763969968, meta, 3000, 2714, 3, 0, 479
1763969970, meta, 3000, 2714, 3, 0, 509
1763969971, meta, 10000, 9975, 11, 0, 1003
1763969974, meta, 10000, 9975, 11, 0, 669
1763969974, meta, 30000, 30796, 94, 0, 3455
1763969980, meta, 30000, 30796, 11, 0, 920
1763969981, meta, 100000, 105902, 9, 0, 9035
1763969992, meta, 100000, 105902, 11, 0, 9135
1763973705, meta, 10, 28, 2, 0, 328
1763973708, meta, 10, 28, 2, 0, 272
1763973708, meta, 100, 28, 2, 0, 316
1763973710, meta, 100, 28, 2, 0, 269
1763973710, meta, 1000, 889, 3, 0, 259
1763973713, meta, 1000, 889, 3, 0, 397
1763973713, meta, 3000, 2714, 3, 0, 394
1763973716, meta, 3000, 2714, 3, 0, 342
1763973716, meta, 10000, 9975, 11, 0, 894
1763973719, meta, 10000, 9975, 11, 0, 559
1763973719, meta, 30000, 30796, 14, 0, 2218
1763973724, meta, 30000, 30796, 12, 0, 906
1763973724, meta, 100000, 105901, 11, 0, 9027
1763973735, meta, 100000, 105901, 9, 0, 8955
1763977538, meta, 10, 28, 2, 0, 331
1763977541, meta, 10, 28, 2, 0, 290
1763977541, meta, 100, 28, 2, 0, 372
1763977543, meta, 100, 28, 2, 0, 384
1763977544, meta, 1000, 889, 3, 0, 289
1763977546, meta, 1000, 889, 3, 0, 298
1763977546, meta, 3000, 2714, 3, 0, 522
1763977549, meta, 3000, 2714, 3, 0, 490
1763977549, meta, 10000, 9975, 11, 0, 956
1763977552, meta, 10000, 9975, 11, 0, 575
1763977553, meta, 30000, 30796, 230, 0, 5155
1763977560, meta, 30000, 30796, 10, 0, 2235
1763977562, meta, 100000, 105902, 9, 0, 8965
1763977573, meta, 100000, 105902, 12, 0, 2133
1763981292, meta, 10, 28, 2, 0, 252
1763981295, meta, 10, 28, 2, 0, 359
1763981295, meta, 100, 28, 2, 0, 319
1763981297, meta, 100, 28, 2, 0, 269
1763981298, meta, 1000, 889, 3, 0, 343
1763981300, meta, 1000, 889, 3, 0, 347
1763981300, meta, 3000, 2714, 3, 0, 392
1763981303, meta, 3000, 2714, 3, 0, 351
1763981303, meta, 10000, 9975, 11, 0, 894
1763981306, meta, 10000, 9975, 11, 0, 874
1763981307, meta, 30000, 30796, 11, 0, 2200
1763981311, meta, 30000, 30796, 13, 0, 919
1763981312, meta, 100000, 105904, 9, 0, 8950
1763981323, meta, 100000, 105904, 9, 0, 9021
1763985122, meta, 10, 28, 2, 0, 278
1763985124, meta, 10, 28, 2, 0, 265
1763985124, meta, 100, 28, 2, 0, 354
1763985127, meta, 100, 28, 2, 0, 350
1763985127, meta, 1000, 889, 3, 0, 281
1763985129, meta, 1000, 889, 3, 0, 309
1763985129, meta, 3000, 2714, 3, 0, 441
1763985132, meta, 3000, 2714, 2, 0, 385
1763985132, meta, 10000, 9975, 11, 0, 1032
1763985135, meta, 10000, 9975, 11, 0, 907
1763985136, meta, 30000, 30796, 53, 0, 2860
1763985141, meta, 30000, 30796, 11, 0, 860
1763985142, meta, 100000, 105903, 9, 0, 9330
1763985153, meta, 100000, 105903, 9, 0, 9006
1763988964, meta, 10, 28, 2, 0, 267
1763988966, meta, 10, 28, 2, 0, 266
1763988967, meta, 100, 28, 2, 0, 323
1763988969, meta, 100, 28, 2, 0, 256
1763988969, meta, 1000, 889, 3, 0, 278
1763988971, meta, 1000, 889, 3, 0, 280
1763988972, meta, 3000, 2714, 3, 0, 386
1763988974, meta, 3000, 2714, 3, 0, 354
1763988974, meta, 10000, 9975, 11, 0, 887
1763988977, meta, 10000, 9975, 12, 0, 542
1763988978, meta, 30000, 30796, 10, 0, 2176
1763988982, meta, 30000, 30796, 12, 0, 2211
1763988984, meta, 100000, 105902, 11, 0, 8947
1763988995, meta, 100000, 105902, 392, 0, 8382
1763992713, meta, 10, 28, 2, 0, 403
1763992715, meta, 10, 28, 2, 0, 270
1763992715, meta, 100, 28, 2, 0, 330
1763992718, meta, 100, 28, 2, 0, 283
1763992718, meta, 1000, 889, 2, 0, 321
1763992720, meta, 1000, 889, 3, 0, 313
1763992721, meta, 3000, 2714, 3, 0, 347
1763992723, meta, 3000, 2714, 3, 0, 328
1763992723, meta, 10000, 9975, 11, 0, 874
1763992726, meta, 10000, 9975, 11, 0, 915
1763992727, meta, 30000, 30796, 46, 0, 2640
1763992732, meta, 30000, 30796, 11, 0, 2187
1763992734, meta, 100000, 105904, 12, 0, 9067
1763992745, meta, 100000, 105904, 458, 0, 8588
1763996460, meta, 10, 28, 2, 0, 317
1763996462, meta, 10, 28, 2, 0, 366
1763996462, meta, 100, 28, 2, 0, 365
1763996465, meta, 100, 28, 2, 0, 346
1763996465, meta, 1000, 889, 3, 0, 286
1763996467, meta, 1000, 889, 3, 0, 383
1763996468, meta, 3000, 2714, 3, 0, 426
1763996470, meta, 3000, 2714, 3, 0, 385
1763996471, meta, 10000, 9975, 11, 0, 1009
1763996474, meta, 10000, 9975, 11, 0, 950
1763996475, meta, 30000, 30796, 10, 0, 2219
1763996479, meta, 30000, 30796, 83, 0, 1944
1763996481, meta, 100000, 105902, 13, 0, 8995
1763996492, meta, 100000, 105902, 11, 0, 8924
1764000432, meta, 10, 28, 2, 0, 371
1764000435, meta, 10, 28, 2, 0, 366
1764000435, meta, 100, 28, 2, 0, 811
1764000438, meta, 100, 28, 2, 0, 374
1764000438, meta, 1000, 889, 3, 0, 397
1764000441, meta, 1000, 889, 3, 0, 372
1764000441, meta, 3000, 2714, 3, 0, 439
1764000444, meta, 3000, 2714, 3, 0, 485
1764000444, meta, 10000, 9975, 11, 0, 967
1764000447, meta, 10000, 9975, 11, 0, 980
1764000448, meta, 30000, 30796, 70, 0, 2979
1764000453, meta, 30000, 30796, 14, 0, 1006
1764000454, meta, 100000, 105902, 14, 0, 9664
1764000466, meta, 100000, 105902, 9, 0, 9091
1764004182, meta, 10, 28, 2, 0, 358
1764004184, meta, 10, 28, 2, 0, 337
1764004184, meta, 100, 28, 2, 0, 404
1764004187, meta, 100, 28, 2, 0, 389
1764004187, meta, 1000, 889, 3, 0, 459
1764004190, meta, 1000, 889, 3, 0, 422
1764004190, meta, 3000, 2714, 3, 0, 478
1764004193, meta, 3000, 2714, 3, 0, 553
1764004193, meta, 10000, 9975, 3, 0, 873
1764004196, meta, 10000, 9975, 11, 0, 602
1764004197, meta, 30000, 30796, 11, 0, 2239
1764004201, meta, 30000, 30796, 11, 0, 2246
1764004203, meta, 100000, 105901, 456, 0, 16085
1764004221, meta, 100000, 105901, 52, 0, 9538
1764008059, meta, 10, 28, 2, 0, 341
1764008062, meta, 10, 28, 2, 0, 362
1764008062, meta, 100, 28, 2, 0, 279
1764008064, meta, 100, 28, 2, 0, 336
1764008065, meta, 1000, 889, 2, 0, 362
1764008067, meta, 1000, 889, 3, 0, 300
1764008067, meta, 3000, 2714, 3, 0, 461
1764008070, meta, 3000, 2714, 3, 0, 504
1764008070, meta, 10000, 9975, 12, 0, 975
1764008073, meta, 10000, 9975, 11, 0, 628
1764008074, meta, 30000, 30796, 11, 0, 2271
1764008078, meta, 30000, 30796, 13, 0, 949
1764008079, meta, 100000, 105903, 9, 0, 8972
1764008090, meta, 100000, 105903, 951, 0, 23033
1764011812, meta, 10, 28, 2, 0, 361
1764011814, meta, 10, 28, 2, 0, 325
1764011815, meta, 100, 28, 2, 0, 346
1764011817, meta, 100, 28, 2, 0, 316
1764011817, meta, 1000, 889, 2, 0, 345
1764011820, meta, 1000, 889, 3, 0, 370
1764011820, meta, 3000, 2714, 3, 0, 464
1764011822, meta, 3000, 2714, 3, 0, 478
1764011823, meta, 10000, 9975, 11, 0, 933
1764011826, meta, 10000, 9975, 11, 0, 526
1764011826, meta, 30000, 30796, 12, 0, 2304
1764011831, meta, 30000, 30796, 11, 0, 2314
1764011833, meta, 100000, 105902, 13, 0, 9277
1764011844, meta, 100000, 105902, 12, 0, 9133
1764015699, meta, 10, 28, 2, 0, 274
1764015701, meta, 10, 28, 2, 0, 336
1764015702, meta, 100, 28, 2, 0, 353
1764015704, meta, 100, 28, 2, 0, 362
1764015704, meta, 1000, 889, 2, 0, 347
1764015707, meta, 1000, 889, 2, 0, 355
1764015707, meta, 3000, 2714, 3, 0, 447
1764015710, meta, 3000, 2714, 2, 0, 341
1764015710, meta, 10000, 9976, 12, 0, 981
1764015713, meta, 10000, 9976, 3, 0, 845
1764015714, meta, 30000, 0, 0, 0, 56843
1764015773, meta, 30000, 30796, 13, 0, 1266
1764015774, meta, 100000, 105902, 12, 0, 9977
1764015786, meta, 100000, 105902, 56, 0, 2855
1764019500, meta, 10, 28, 2, 0, 432
1764019502, meta, 10, 28, 2, 0, 368
1764019502, meta, 100, 28, 2, 0, 382
1764019505, meta, 100, 28, 2, 0, 251
1764019505, meta, 1000, 889, 3, 0, 349
1764019507, meta, 1000, 889, 3, 0, 383
1764019508, meta, 3000, 2714, 3, 0, 414
1764019510, meta, 3000, 2714, 2, 0, 429
1764019511, meta, 10000, 9975, 11, 0, 986
1764019514, meta, 10000, 9975, 11, 0, 981
1764019515, meta, 30000, 30796, 12, 0, 2381
1764019519, meta, 30000, 30796, 13, 0, 945
1764019520, meta, 100000, 105901, 361, 0, 14653
1764019537, meta, 100000, 105901, 13, 0, 9056
1764023246, meta, 10, 28, 2, 0, 276
1764023249, meta, 10, 28, 2, 0, 330
1764023249, meta, 100, 28, 2, 0, 253
1764023251, meta, 100, 28, 2, 0, 376
1764023252, meta, 1000, 889, 3, 0, 399
1764023254, meta, 1000, 889, 3, 0, 283
1764023254, meta, 3000, 2714, 3, 0, 403
1764023257, meta, 3000, 2714, 2, 0, 387
1764023257, meta, 10000, 9975, 11, 0, 970
1764023260, meta, 10000, 9975, 11, 0, 622
1764023261, meta, 30000, 30796, 12, 0, 2146
1764023265, meta, 30000, 30796, 289, 0, 5731
1764023271, meta, 100000, 105903, 450, 0, 15700
1764023288, meta, 100000, 105903, 12, 0, 9384
1764027091, meta, 10, 28, 2, 0, 343
1764027093, meta, 10, 28, 2, 0, 263
1764027094, meta, 100, 28, 2, 0, 492
1764027096, meta, 100, 28, 2, 0, 358
1764027096, meta, 1000, 889, 3, 0, 279
1764027099, meta, 1000, 889, 3, 0, 360
1764027099, meta, 3000, 2715, 3, 0, 443
1764027102, meta, 3000, 2715, 3, 0, 421
1764027102, meta, 10000, 9975, 11, 0, 952
1764027105, meta, 10000, 9975, 11, 0, 879
1764027106, meta, 30000, 30796, 12, 0, 2326
1764027110, meta, 30000, 30796, 10, 0, 1004
1764027111, meta, 100000, 105902, 13, 0, 9110
1764027122, meta, 100000, 105902, 10, 0, 2030
1764030834, meta, 10, 28, 2, 0, 359
1764030837, meta, 10, 28, 2, 0, 264
1764030837, meta, 100, 28, 2, 0, 324
1764030839, meta, 100, 28, 2, 0, 344
1764030840, meta, 1000, 889, 2, 0, 371
1764030842, meta, 1000, 889, 3, 0, 368
1764030842, meta, 3000, 2714, 3, 0, 359
1764030845, meta, 3000, 2714, 3, 0, 442
1764030845, meta, 10000, 9975, 11, 0, 904
1764030848, meta, 10000, 9975, 3, 0, 887
1764030849, meta, 30000, 30797, 11, 0, 2342
1764030853, meta, 30000, 30797, 11, 0, 813
1764030854, meta, 100000, 105902, 9, 0, 9102
1764030865, meta, 100000, 105902, 663, 0, 13700
1764034668, meta, 10, 28, 2, 0, 310
1764034670, meta, 10, 28, 2, 0, 336
1764034671, meta, 100, 28, 2, 0, 335
1764034673, meta, 100, 28, 2, 0, 345
1764034673, meta, 1000, 889, 2, 0, 404
1764034676, meta, 1000, 889, 2, 0, 366
1764034676, meta, 3000, 2714, 3, 0, 451
1764034679, meta, 3000, 2714, 3, 0, 500
1764034679, meta, 10000, 9975, 11, 0, 853
1764034682, meta, 10000, 9975, 11, 0, 955
1764034683, meta, 30000, 30796, 11, 0, 2326
1764034687, meta, 30000, 30796, 11, 0, 914
1764034688, meta, 100000, 105902, 10, 0, 9015
1764034699, meta, 100000, 105902, 82, 0, 10540
1764038414, meta, 10, 28, 2, 0, 333
1764038416, meta, 10, 28, 2, 0, 334
1764038417, meta, 100, 28, 2, 0, 333
1764038419, meta, 100, 28, 2, 0, 320
1764038419, meta, 1000, 889, 2, 0, 290
1764038422, meta, 1000, 889, 2, 0, 401
1764038422, meta, 3000, 2714, 3, 0, 534
1764038425, meta, 3000, 2714, 3, 0, 511
1764038425, meta, 10000, 9975, 11, 0, 865
1764038428, meta, 10000, 9975, 11, 0, 873
1764038429, meta, 30000, 30797, 11, 0, 2278
1764038433, meta, 30000, 30797, 11, 0, 834
1764038434, meta, 100000, 105903, 13, 0, 8997
1764038445, meta, 100000, 105903, 3722, 0, 67061
1764042216, meta, 10, 28, 2, 0, 298
1764042219, meta, 10, 28, 2, 0, 258
1764042219, meta, 100, 28, 2, 0, 281
1764042221, meta, 100, 28, 2, 0, 295
1764042221, meta, 1000, 889, 2, 0, 295
1764042224, meta, 1000, 889, 3, 0, 393
1764042224, meta, 3000, 2714, 3, 0, 528
1764042227, meta, 3000, 2714, 3, 0, 419
1764042227, meta, 10000, 9976, 12, 0, 889
1764042230, meta, 10000, 9976, 11, 0, 991
1764042231, meta, 30000, 30796, 12, 0, 2251
1764042235, meta, 30000, 30796, 8, 0, 2176
1764042237, meta, 100000, 105902, 13, 0, 9032
1764042248, meta, 100000, 105902, 13, 0, 2056
1764045955, meta, 10, 28, 2, 0, 396
1764045957, meta, 10, 28, 2, 0, 403
1764045958, meta, 100, 28, 2, 0, 325
1764045960, meta, 100, 28, 2, 0, 330
1764045960, meta, 1000, 889, 3, 0, 410
1764045963, meta, 1000, 889, 3, 0, 379
1764045963, meta, 3000, 2714, 2, 0, 491
1764045966, meta, 3000, 2714, 3, 0, 456
1764045966, meta, 10000, 9975, 12, 0, 991
1764045969, meta, 10000, 9975, 11, 0, 612
1764045970, meta, 30000, 30796, 11, 0, 2242
1764045974, meta, 30000, 30796, 12, 0, 2300
1764045976, meta, 100000, 105903, 12, 0, 9107
1764045987, meta, 100000, 105903, 10, 0, 9088
1764049789, meta, 10, 28, 2, 0, 330
1764049792, meta, 10, 28, 2, 0, 371
1764049792, meta, 100, 28, 2, 0, 357
1764049794, meta, 100, 28, 2, 0, 350
1764049795, meta, 1000, 889, 3, 0, 369
1764049797, meta, 1000, 889, 2, 0, 400
1764049798, meta, 3000, 2714, 3, 0, 493
1764049800, meta, 3000, 2714, 3, 0, 382
1764049800, meta, 10000, 9975, 11, 0, 957
1764049803, meta, 10000, 9975, 11, 0, 936
1764049804, meta, 30000, 30796, 10, 0, 2239
1764049809, meta, 30000, 30796, 12, 0, 935
1764049810, meta, 100000, 105903, 9, 0, 9163
1764049821, meta, 100000, 105903, 397, 0, 8259
1764053627, meta, 10, 28, 2, 0, 319
1764053629, meta, 10, 28, 2, 0, 257
1764053629, meta, 100, 28, 2, 0, 374
1764053632, meta, 100, 28, 2, 0, 333
1764053632, meta, 1000, 889, 3, 0, 344
1764053634, meta, 1000, 889, 3, 0, 336
1764053635, meta, 3000, 2714, 3, 0, 413
1764053637, meta, 3000, 2714, 3, 0, 449
1764053637, meta, 10000, 9975, 11, 0, 868
1764053640, meta, 10000, 9975, 11, 0, 649
1764053641, meta, 30000, 30796, 18, 0, 2321
1764053645, meta, 30000, 30796, 47, 0, 2899
1764053648, meta, 100000, 105902, 504, 0, 16791
1764053667, meta, 100000, 105902, 11, 0, 9011
1764057377, meta, 10, 28, 2, 0, 347
1764057379, meta, 10, 28, 2, 0, 336
1764057379, meta, 100, 28, 2, 0, 342
1764057382, meta, 100, 28, 2, 0, 288
1764057382, meta, 1000, 889, 3, 0, 364
1764057384, meta, 1000, 889, 3, 0, 329
1764057385, meta, 3000, 2714, 3, 0, 403
1764057387, meta, 3000, 2714, 3, 0, 384
1764057387, meta, 10000, 9975, 11, 0, 907
1764057390, meta, 10000, 9975, 11, 0, 1008
1764057391, meta, 30000, 30796, 96, 0, 3448
1764057397, meta, 30000, 30796, 11, 0, 2259
1764057399, meta, 100000, 105902, 13, 0, 9080
1764057410, meta, 100000, 105902, 13, 0, 2230
1764061200, meta, 10, 28, 2, 0, 401
1764061203, meta, 10, 28, 2, 0, 349
1764061203, meta, 100, 28, 2, 0, 342
1764061205, meta, 100, 28, 2, 0, 347
1764061206, meta, 1000, 889, 3, 0, 367
1764061208, meta, 1000, 889, 3, 0, 341
1764061208, meta, 3000, 2714, 3, 0, 466
1764061211, meta, 3000, 2714, 3, 0, 530
1764061211, meta, 10000, 9975, 11, 0, 909
1764061214, meta, 10000, 9975, 11, 0, 490
1764061215, meta, 30000, 30796, 10, 0, 2294
1764061219, meta, 30000, 30796, 25, 0, 1260
1764061220, meta, 100000, 105901, 8, 0, 9175
1764061232, meta, 100000, 105901, 11, 0, 2213
1764065024, meta, 10, 28, 2, 0, 351
1764065026, meta, 10, 28, 2, 0, 268
1764065026, meta, 100, 28, 2, 0, 265
1764065029, meta, 100, 28, 2, 0, 302
1764065029, meta, 1000, 889, 3, 0, 344
1764065031, meta, 1000, 889, 3, 0, 310
1764065032, meta, 3000, 2714, 3, 0, 563
1764065034, meta, 3000, 2714, 3, 0, 447
1764065035, meta, 10000, 9975, 11, 0, 967
1764065038, meta, 10000, 9975, 12, 0, 959
1764065039, meta, 30000, 30796, 12, 0, 2260
1764065043, meta, 30000, 30796, 11, 0, 2142
1764065045, meta, 100000, 105903, 11, 0, 9073
1764065056, meta, 100000, 105903, 13, 0, 9052
1764068935, meta, 10, 28, 2, 0, 325
1764068937, meta, 10, 28, 2, 0, 379
1764068937, meta, 100, 28, 2, 0, 361
1764068940, meta, 100, 28, 2, 0, 367
1764068940, meta, 1000, 889, 3, 0, 346
1764068942, meta, 1000, 889, 3, 0, 312
1764068943, meta, 3000, 2714, 3, 0, 463
1764068945, meta, 3000, 2714, 3, 0, 522
1764068946, meta, 10000, 9975, 11, 0, 957
1764068949, meta, 10000, 9975, 11, 0, 554
1764068949, meta, 30000, 30796, 132, 0, 4224
1764068956, meta, 30000, 30796, 11, 0, 1000
1764068957, meta, 100000, 105902, 515, 0, 16869
1764068975, meta, 100000, 105902, 9, 0, 9054
1764072692, meta, 10, 28, 2, 0, 277
1764072694, meta, 10, 28, 2, 0, 343
1764072694, meta, 100, 28, 2, 0, 263
1764072697, meta, 100, 28, 2, 0, 368
1764072697, meta, 1000, 889, 3, 0, 352
1764072699, meta, 1000, 889, 3, 0, 347
1764072700, meta, 3000, 2714, 3, 0, 386
1764072702, meta, 3000, 2714, 3, 0, 404
1764072702, meta, 10000, 9975, 3, 0, 901
1764072705, meta, 10000, 9975, 11, 0, 888
1764072706, meta, 30000, 30796, 11, 0, 2342
1764072711, meta, 30000, 30796, 11, 0, 2196
1764072713, meta, 100000, 105903, 9, 0, 8942
1764072724, meta, 100000, 105903, 382, 0, 14882
1764076451, meta, 10, 28, 2, 0, 358
1764076453, meta, 10, 28, 2, 0, 271
1764076453, meta, 100, 28, 2, 0, 261
1764076456, meta, 100, 28, 2, 0, 333
1764076456, meta, 1000, 889, 3, 0, 344
1764076458, meta, 1000, 889, 3, 0, 287
1764076459, meta, 3000, 2714, 3, 0, 379
1764076461, meta, 3000, 2714, 3, 0, 408
1764076461, meta, 10000, 9975, 11, 0, 924
1764076464, meta, 10000, 9975, 11, 0, 558
1764076465, meta, 30000, 30796, 12, 0, 2190
1764076469, meta, 30000, 30796, 10, 0, 2131
1764076471, meta, 100000, 105903, 13, 0, 9100
1764076482, meta, 100000, 105903, 11, 0, 8993
1764080205, meta, 10, 28, 2, 0, 332
1764080207, meta, 10, 28, 2, 0, 370
1764080207, meta, 100, 28, 2, 0, 267
1764080210, meta, 100, 28, 2, 0, 315
1764080210, meta, 1000, 889, 3, 0, 406
1764080212, meta, 1000, 889, 3, 0, 427
1764080213, meta, 3000, 2714, 3, 0, 529
1764080215, meta, 3000, 2714, 2, 0, 542
1764080216, meta, 10000, 9975, 11, 0, 917
1764080219, meta, 10000, 9975, 11, 0, 1015
1764080220, meta, 30000, 30796, 12, 0, 2340
1764080224, meta, 30000, 30796, 10, 0, 838
1764080225, meta, 100000, 105902, 452, 0, 15950
1764080243, meta, 100000, 105902, 12, 0, 2217
1764084042, meta, 10, 28, 2, 0, 274
1764084044, meta, 10, 28, 2, 0, 416
1764084044, meta, 100, 28, 2, 0, 350
1764084047, meta, 100, 28, 2, 0, 504
1764084047, meta, 1000, 889, 3, 0, 358
1764084050, meta, 1000, 889, 3, 0, 345
1764084050, meta, 3000, 2714, 3, 0, 518
1764084052, meta, 3000, 2714, 3, 0, 445
1764084053, meta, 10000, 9975, 11, 0, 858
1764084056, meta, 10000, 9975, 3, 0, 876
1764084057, meta, 30000, 30796, 13, 0, 2357
1764084061, meta, 30000, 30796, 203, 0, 3385
1764084064, meta, 100000, 105902, 9, 0, 9125
1764084076, meta, 100000, 105902, 324, 0, 7206
1764087870, meta, 10, 28, 2, 0, 284
1764087873, meta, 10, 28, 2, 0, 343
1764087873, meta, 100, 28, 2, 0, 280
1764087875, meta, 100, 28, 2, 0, 339
1764087876, meta, 1000, 889, 3, 0, 366
1764087878, meta, 1000, 889, 3, 0, 283
1764087878, meta, 3000, 2714, 3, 0, 470
1764087881, meta, 3000, 2714, 3, 0, 399
1764087881, meta, 10000, 9975, 11, 0, 904
1764087884, meta, 10000, 9975, 8, 0, 556
1764087885, meta, 30000, 30796, 11, 0, 2293
1764087889, meta, 30000, 30796, 231, 0, 3939
1764087893, meta, 100000, 105902, 13, 0, 8995
1764087904, meta, 100000, 105902, 9, 0, 2136
1764091705, meta, 10, 28, 2, 0, 388
1764091707, meta, 10, 28, 2, 0, 369
1764091707, meta, 100, 28, 2, 0, 389
1764091710, meta, 100, 28, 2, 0, 320
1764091710, meta, 1000, 889, 3, 0, 352
1764091713, meta, 1000, 889, 3, 0, 325
1764091713, meta, 3000, 2714, 3, 0, 446
1764091715, meta, 3000, 2714, 3, 0, 429
1764091716, meta, 10000, 9976, 11, 0, 861
1764091719, meta, 10000, 9976, 11, 0, 866
1764091719, meta, 30000, 30797, 56, 0, 2779
1764091724, meta, 30000, 30797, 11, 0, 2243
1764091726, meta, 100000, 105903, 583, 0, 18033
1764091747, meta, 100000, 105903, 10, 0, 9131
1764095461, meta, 10, 28, 2, 0, 298
1764095463, meta, 10, 28, 2, 0, 334
1764095463, meta, 100, 28, 2, 0, 451
1764095466, meta, 100, 28, 2, 0, 282
1764095466, meta, 1000, 889, 3, 0, 400
1764095469, meta, 1000, 889, 3, 0, 428
1764095469, meta, 3000, 2714, 3, 0, 598
1764095472, meta, 3000, 2714, 3, 0, 342
1764095472, meta, 10000, 9975, 11, 0, 1063
1764095475, meta, 10000, 9975, 11, 0, 998
1764095476, meta, 30000, 30797, 11, 0, 2181
1764095480, meta, 30000, 30797, 213, 0, 5129
1764095485, meta, 100000, 105902, 13, 0, 9102
1764095496, meta, 100000, 105902, 8, 0, 2469
1764099278, meta, 10, 28, 2, 0, 275
1764099280, meta, 10, 28, 2, 0, 265
1764099280, meta, 100, 28, 2, 0, 340
1764099283, meta, 100, 28, 2, 0, 328
1764099283, meta, 1000, 890, 3, 0, 280
1764099285, meta, 1000, 890, 2, 0, 296
1764099286, meta, 3000, 2714, 3, 0, 477
1764099288, meta, 3000, 2714, 2, 0, 702
1764099289, meta, 10000, 9975, 11, 0, 893
1764099292, meta, 10000, 9975, 12, 0, 523
1764099292, meta, 30000, 30796, 10, 0, 2149
1764099296, meta, 30000, 30796, 11, 0, 2222
1764099299, meta, 100000, 105901, 414, 0, 15091
1764099316, meta, 100000, 105901, 11, 0, 2080
1764103025, meta, 10, 28, 2, 0, 270
1764103027, meta, 10, 28, 2, 0, 246
1764103028, meta, 100, 28, 2, 0, 275
1764103030, meta, 100, 28, 2, 0, 326
1764103030, meta, 1000, 889, 3, 0, 271
1764103033, meta, 1000, 889, 3, 0, 415
1764103033, meta, 3000, 2714, 3, 0, 441
1764103035, meta, 3000, 2714, 3, 0, 418
1764103036, meta, 10000, 9975, 11, 0, 885
1764103039, meta, 10000, 9975, 3, 0, 540
1764103039, meta, 30000, 30796, 11, 0, 2195
1764103043, meta, 30000, 30796, 11, 0, 2474
1764103046, meta, 100000, 105902, 9, 0, 8941
1764103057, meta, 100000, 105902, 13, 0, 8996
1764106867, meta, 10, 28, 2, 0, 291
1764106870, meta, 10, 28, 2, 0, 297
1764106870, meta, 100, 28, 2, 0, 274
1764106872, meta, 100, 28, 2, 0, 265
1764106873, meta, 1000, 889, 3, 0, 357
1764106875, meta, 1000, 889, 3, 0, 283
1764106875, meta, 3000, 2714, 2, 0, 509
1764106878, meta, 3000, 2714, 2, 0, 566
1764106878, meta, 10000, 9975, 11, 0, 873
1764106881, meta, 10000, 9975, 12, 0, 530
1764106882, meta, 30000, 30796, 14, 0, 2163
1764106886, meta, 30000, 30796, 11, 0, 2145
1764106888, meta, 100000, 105902, 10, 0, 9001
1764106899, meta, 100000, 105902, 9, 0, 8979
1764110699, meta, 10, 28, 2, 0, 261
1764110701, meta, 10, 28, 2, 0, 259
1764110701, meta, 100, 28, 2, 0, 264
1764110703, meta, 100, 28, 2, 0, 258
1764110704, meta, 1000, 889, 3, 0, 284
1764110706, meta, 1000, 889, 3, 0, 331
1764110706, meta, 3000, 2714, 3, 0, 439
1764110709, meta, 3000, 2714, 3, 0, 365
1764110709, meta, 10000, 9975, 11, 0, 873
1764110712, meta, 10000, 9975, 11, 0, 881
1764110713, meta, 30000, 30796, 81, 0, 3182
1764110718, meta, 30000, 30796, 11, 0, 860
1764110719, meta, 100000, 105902, 13, 0, 9035
1764110730, meta, 100000, 105902, 13, 0, 9071
1764114442, meta, 10, 28, 2, 0, 355
1764114444, meta, 10, 28, 2, 0, 265
1764114444, meta, 100, 28, 2, 0, 313
1764114446, meta, 100, 28, 2, 0, 258
1764114447, meta, 1000, 889, 2, 0, 317
1764114449, meta, 1000, 889, 2, 0, 274
1764114449, meta, 3000, 2715, 3, 0, 440
1764114452, meta, 3000, 2715, 3, 0, 438
1764114452, meta, 10000, 9975, 11, 0, 1020
1764114455, meta, 10000, 9975, 11, 0, 602
1764114456, meta, 30000, 30797, 10, 0, 2222
1764114460, meta, 30000, 30797, 12, 0, 2254
1764114462, meta, 100000, 105902, 9, 0, 8999
1764114473, meta, 100000, 105902, 11, 0, 2012
1764118264, meta, 10, 28, 2, 0, 266
1764118266, meta, 10, 28, 2, 0, 245
1764118267, meta, 100, 28, 2, 0, 251
1764118269, meta, 100, 28, 2, 0, 262
1764118269, meta, 1000, 889, 3, 0, 351
1764118272, meta, 1000, 889, 2, 0, 287
1764118272, meta, 3000, 2714, 2, 0, 420
1764118274, meta, 3000, 2714, 2, 0, 477
1764118275, meta, 10000, 9975, 11, 0, 953
1764118278, meta, 10000, 9975, 11, 0, 565
1764118278, meta, 30000, 30796, 56, 0, 2876
1764118283, meta, 30000, 30796, 11, 0, 2231
1764118285, meta, 100000, 105901, 10, 0, 8935
1764118296, meta, 100000, 105901, 14, 0, 2045
1764122175, meta, 10, 28, 2, 0, 264
1764122177, meta, 10, 28, 2, 0, 284
1764122178, meta, 100, 28, 2, 0, 326
1764122180, meta, 100, 28, 2, 0, 377
1764122180, meta, 1000, 889, 3, 0, 279
1764122183, meta, 1000, 889, 3, 0, 266
1764122183, meta, 3000, 2714, 3, 0, 499
1764122185, meta, 3000, 2714, 3, 0, 352
1764122186, meta, 10000, 9975, 11, 0, 1045
1764122189, meta, 10000, 9975, 3, 0, 871
1764122190, meta, 30000, 30796, 71, 0, 3146
1764122195, meta, 30000, 30796, 11, 0, 881
1764122196, meta, 100000, 105902, 427, 0, 15548
1764122213, meta, 100000, 105902, 427, 0, 15091
1764125931, meta, 10, 28, 2, 0, 338
1764125933, meta, 10, 28, 2, 0, 335
1764125933, meta, 100, 28, 2, 0, 329
1764125936, meta, 100, 28, 2, 0, 321
1764125936, meta, 1000, 889, 3, 0, 390
1764125938, meta, 1000, 889, 3, 0, 288
1764125939, meta, 3000, 2714, 3, 0, 519
1764125941, meta, 3000, 2714, 3, 0, 386
1764125942, meta, 10000, 9975, 11, 0, 1027
1764125945, meta, 10000, 9975, 11, 0, 607
1764125945, meta, 30000, 30796, 12, 0, 2257
1764125950, meta, 30000, 30796, 11, 0, 2267
1764125952, meta, 100000, 105902, 8, 0, 9130
1764125963, meta, 100000, 105902, 9, 0, 1947
1764129830, meta, 10, 28, 2, 0, 323
1764129833, meta, 10, 28, 2, 0, 332
1764129833, meta, 100, 28, 2, 0, 251
1764129835, meta, 100, 28, 2, 0, 259
1764129836, meta, 1000, 889, 2, 0, 292
1764129838, meta, 1000, 889, 3, 0, 288
1764129838, meta, 3000, 2714, 3, 0, 417
1764129841, meta, 3000, 2714, 2, 0, 392
1764129841, meta, 10000, 9975, 11, 0, 942
1764129844, meta, 10000, 9975, 11, 0, 890
1764129845, meta, 30000, 30797, 39, 0, 2531
1764129849, meta, 30000, 30797, 11, 0, 877
1764129850, meta, 100000, 105903, 9, 0, 8956
1764129861, meta, 100000, 105903, 12, 0, 8929
1764133662, meta, 10, 28, 2, 0, 355
1764133664, meta, 10, 28, 2, 0, 260
1764133665, meta, 100, 28, 2, 0, 266
1764133667, meta, 100, 28, 2, 0, 255
1764133667, meta, 1000, 889, 3, 0, 283
1764133669, meta, 1000, 889, 3, 0, 275
1764133670, meta, 3000, 2714, 3, 0, 412
1764133672, meta, 3000, 2714, 3, 0, 536
1764133673, meta, 10000, 9975, 11, 0, 883
1764133675, meta, 10000, 9975, 11, 0, 895
1764133676, meta, 30000, 30796, 13, 0, 2213
1764133681, meta, 30000, 30796, 11, 0, 2125
1764133683, meta, 100000, 105903, 493, 0, 16097
1764133701, meta, 100000, 105903, 12, 0, 2022
1764137576, meta, 10, 28, 2, 0, 264
1764137579, meta, 10, 28, 2, 0, 270
1764137579, meta, 100, 28, 2, 0, 276
1764137581, meta, 100, 28, 2, 0, 366
1764137582, meta, 1000, 889, 3, 0, 325
1764137584, meta, 1000, 889, 3, 0, 361
1764137584, meta, 3000, 2714, 3, 0, 459
1764137587, meta, 3000, 2714, 3, 0, 416
1764137587, meta, 10000, 9975, 12, 0, 895
1764137590, meta, 10000, 9975, 11, 0, 548
1764137591, meta, 30000, 30796, 12, 0, 2264
1764137595, meta, 30000, 30796, 237, 0, 4536
1764137599, meta, 100000, 105903, 325, 0, 14248
1764137616, meta, 100000, 105903, 13, 0, 2121
1764141342, meta, 10, 28, 2, 0, 271
1764141344, meta, 10, 28, 2, 0, 266
1764141344, meta, 100, 28, 2, 0, 252
1764141346, meta, 100, 28, 2, 0, 250
1764141347, meta, 1000, 889, 2, 0, 383
1764141349, meta, 1000, 889, 2, 0, 390
1764141349, meta, 3000, 2714, 3, 0, 430
1764141352, meta, 3000, 2714, 3, 0, 415
1764141352, meta, 10000, 9975, 11, 0, 1007
1764141355, meta, 10000, 9975, 11, 0, 530
1764141356, meta, 30000, 30796, 228, 0, 5239
1764141363, meta, 30000, 30796, 11, 0, 2207
1764141365, meta, 100000, 105903, 13, 0, 8910
1764141376, meta, 100000, 105903, 328, 0, 14012
1764145093, meta, 10, 28, 2, 0, 286
1764145095, meta, 10, 28, 2, 0, 276
1764145095, meta, 100, 28, 2, 0, 260
1764145097, meta, 100, 28, 2, 0, 258
1764145098, meta, 1000, 889, 3, 0, 346
1764145100, meta, 1000, 889, 3, 0, 276
1764145100, meta, 3000, 2714, 3, 0, 428
1764145103, meta, 3000, 2714, 3, 0, 322
1764145103, meta, 10000, 9975, 11, 0, 900
1764145106, meta, 10000, 9975, 11, 0, 514
1764145106, meta, 30000, 30796, 33, 0, 2568
1764145111, meta, 30000, 30796, 367, 0, 5291
1764145116, meta, 100000, 105902, 9, 0, 8942
1764145127, meta, 100000, 105902, 13, 0, 1901
1764148917, meta, 10, 28, 2, 0, 333
1764148919, meta, 10, 28, 2, 0, 436
1764148920, meta, 100, 28, 2, 0, 328
1764148922, meta, 100, 28, 2, 0, 361
1764148923, meta, 1000, 889, 3, 0, 355
1764148925, meta, 1000, 889, 3, 0, 282
1764148925, meta, 3000, 2714, 3, 0, 468
1764148928, meta, 3000, 2714, 3, 0, 368
1764148928, meta, 10000, 9975, 11, 0, 926
1764148931, meta, 10000, 9975, 11, 0, 546
1764148931, meta, 30000, 30796, 254, 0, 5357
1764148939, meta, 30000, 30796, 12, 0, 2191
1764148941, meta, 100000, 105903, 14, 0, 9058
1764148952, meta, 100000, 105903, 485, 0, 16811
1764152733, meta, 10, 28, 2, 0, 322
1764152735, meta, 10, 28, 2, 0, 272
1764152736, meta, 100, 28, 2, 0, 349
1764152738, meta, 100, 28, 2, 0, 258
1764152738, meta, 1000, 890, 3, 0, 278
1764152741, meta, 1000, 890, 3, 0, 354
1764152741, meta, 3000, 2714, 3, 0, 422
1764152743, meta, 3000, 2714, 3, 0, 401
1764152744, meta, 10000, 9975, 11, 0, 924
1764152747, meta, 10000, 9975, 11, 0, 856
1764152748, meta, 30000, 30796, 12, 0, 2200
1764152752, meta, 30000, 30796, 294, 0, 5588
1764152757, meta, 100000, 105903, 10, 0, 9066
1764152768, meta, 100000, 105903, 11, 0, 8937
1764156481, meta, 10, 28, 2, 0, 334
1764156483, meta, 10, 28, 2, 0, 257
1764156484, meta, 100, 28, 2, 0, 275
1764156486, meta, 100, 28, 2, 0, 259
1764156486, meta, 1000, 889, 3, 0, 273
1764156489, meta, 1000, 889, 3, 0, 337
1764156489, meta, 3000, 2714, 3, 0, 473
1764156491, meta, 3000, 2714, 3, 0, 411
1764156492, meta, 10000, 9975, 12, 0, 946
1764156495, meta, 10000, 9975, 11, 0, 699
1764156495, meta, 30000, 30796, 12, 0, 2249
1764156500, meta, 30000, 30796, 11, 0, 845
1764156501, meta, 100000, 105902, 13, 0, 9027
1764156512, meta, 100000, 105902, 582, 0, 18076
1764160232, meta, 10, 28, 2, 0, 369
1764160235, meta, 10, 28, 2, 0, 337
1764160235, meta, 100, 28, 2, 0, 328
1764160237, meta, 100, 28, 2, 0, 355
1764160238, meta, 1000, 889, 3, 0, 436
1764160240, meta, 1000, 889, 3, 0, 343
1764160241, meta, 3000, 2715, 3, 0, 455
1764160243, meta, 3000, 2715, 3, 0, 474
1764160244, meta, 10000, 9975, 12, 0, 1040
1764160247, meta, 10000, 9975, 12, 0, 608
1764160247, meta, 30000, 30796, 8, 0, 2241
1764160251, meta, 30000, 30796, 19, 0, 1077
1764160253, meta, 100000, 105902, 420, 0, 15737
1764160270, meta, 100000, 105902, 69, 0, 10000
1764164067, meta, 10, 28, 2, 0, 290
1764164069, meta, 10, 28, 2, 0, 358
1764164069, meta, 100, 28, 2, 0, 267
1764164072, meta, 100, 28, 2, 0, 271
1764164072, meta, 1000, 889, 3, 0, 411
1764164074, meta, 1000, 889, 3, 0, 348
1764164075, meta, 3000, 2714, 2, 0, 492
1764164077, meta, 3000, 2714, 2, 0, 355
1764164077, meta, 10000, 9975, 11, 0, 891
1764164080, meta, 10000, 9975, 11, 0, 1062
1764164081, meta, 30000, 30796, 14, 0, 2246
1764164086, meta, 30000, 30796, 62, 0, 1656
1764164087, meta, 100000, 105901, 13, 0, 9226
1764164099, meta, 100000, 105901, 387, 0, 14601
1764167909, meta, 10, 28, 2, 0, 270
1764167912, meta, 10, 28, 2, 0, 288
1764167912, meta, 100, 28, 2, 0, 278
1764167914, meta, 100, 28, 2, 0, 373
1764167915, meta, 1000, 889, 3, 0, 295
1764167917, meta, 1000, 889, 3, 0, 367
1764167917, meta, 3000, 2715, 3, 0, 462
1764167920, meta, 3000, 2715, 3, 0, 418
1764167920, meta, 10000, 9975, 11, 0, 865
1764167923, meta, 10000, 9975, 11, 0, 972
1764167924, meta, 30000, 30796, 11, 0, 2281
1764167928, meta, 30000, 30796, 12, 0, 895
1764167929, meta, 100000, 105902, 369, 0, 14212
1764167945, meta, 100000, 105902, 9, 0, 9072
1764171671, meta, 10, 28, 2, 0, 330
1764171673, meta, 10, 28, 2, 0, 265
1764171673, meta, 100, 28, 2, 0, 262
1764171675, meta, 100, 28, 2, 0, 356
1764171676, meta, 1000, 890, 3, 0, 325
1764171678, meta, 1000, 890, 3, 0, 407
1764171679, meta, 3000, 2714, 3, 0, 465
1764171681, meta, 3000, 2714, 3, 0, 381
1764171681, meta, 10000, 9975, 3, 0, 920
1764171684, meta, 10000, 9975, 11, 0, 896
1764171685, meta, 30000, 30796, 10, 0, 2215
1764171689, meta, 30000, 30796, 10, 0, 833
1764171690, meta, 100000, 105903, 17, 0, 9139
1764171701, meta, 100000, 105903, 10, 0, 9135
1764175504, meta, 10, 28, 2, 0, 282
1764175506, meta, 10, 28, 2, 0, 260
1764175506, meta, 100, 28, 2, 0, 266
1764175508, meta, 100, 28, 2, 0, 323
1764175509, meta, 1000, 889, 3, 0, 393
1764175511, meta, 1000, 889, 3, 0, 401
1764175512, meta, 3000, 2714, 3, 0, 439
1764175514, meta, 3000, 2714, 3, 0, 365
1764175514, meta, 10000, 9975, 11, 0, 1006
1764175517, meta, 10000, 9975, 11, 0, 550
1764175518, meta, 30000, 30796, 14, 0, 2252
1764175522, meta, 30000, 30796, 12, 0, 936
1764175523, meta, 100000, 105901, 369, 0, 15013
1764175540, meta, 100000, 105901, 12, 0, 8830
1764179261, meta, 10, 28, 2, 0, 332
1764179264, meta, 10, 28, 2, 0, 266
1764179264, meta, 100, 28, 2, 0, 274
1764179266, meta, 100, 28, 2, 0, 346
1764179267, meta, 1000, 889, 2, 0, 350
1764179269, meta, 1000, 889, 3, 0, 300
1764179269, meta, 3000, 2714, 3, 0, 464
1764179272, meta, 3000, 2714, 3, 0, 369
1764179272, meta, 10000, 9975, 11, 0, 994
1764179275, meta, 10000, 9975, 11, 0, 686
1764179276, meta, 30000, 30796, 11, 0, 2246
1764179280, meta, 30000, 30796, 88, 0, 1911
1764179282, meta, 100000, 105903, 12, 0, 9020
1764179293, meta, 100000, 105903, 1005, 0, 17121
1764183017, meta, 10, 28, 2, 0, 400
1764183019, meta, 10, 28, 2, 0, 267
1764183019, meta, 100, 28, 2, 0, 264
1764183022, meta, 100, 28, 2, 0, 511
1764183022, meta, 1000, 889, 3, 0, 285
1764183024, meta, 1000, 889, 3, 0, 312
1764183025, meta, 3000, 2714, 3, 0, 471
1764183027, meta, 3000, 2714, 3, 0, 421
1764183028, meta, 10000, 9976, 12, 0, 906
1764183031, meta, 10000, 9976, 11, 0, 956
1764183031, meta, 30000, 30796, 58, 0, 3025
1764183037, meta, 30000, 30796, 39, 0, 2631
1764183039, meta, 100000, 105903, 41, 0, 9533
1764183051, meta, 100000, 105903, 13, 0, 2186
1764186863, meta, 10, 28, 2, 0, 259
1764186865, meta, 10, 28, 2, 0, 273
1764186866, meta, 100, 28, 2, 0, 263
1764186868, meta, 100, 28, 2, 0, 348
1764186868, meta, 1000, 889, 3, 0, 424
1764186871, meta, 1000, 889, 3, 0, 290
1764186871, meta, 3000, 2714, 3, 0, 379
1764186873, meta, 3000, 2714, 3, 0, 370
1764186874, meta, 10000, 9975, 11, 0, 994
1764186877, meta, 10000, 9975, 11, 0, 914
1764186878, meta, 30000, 30796, 11, 0, 2206
1764186882, meta, 30000, 30796, 11, 0, 2174
1764186884, meta, 100000, 105903, 331, 0, 15598
1764186902, meta, 100000, 105903, 9, 0, 9001
1764190700, meta, 10, 28, 2, 0, 311
1764190703, meta, 10, 28, 2, 0, 348
1764190703, meta, 100, 28, 2, 0, 257
1764190705, meta, 100, 28, 2, 0, 371
1764190706, meta, 1000, 889, 3, 0, 380
1764190708, meta, 1000, 889, 3, 0, 316
1764190708, meta, 3000, 2714, 3, 0, 391
1764190711, meta, 3000, 2714, 3, 0, 465
1764190711, meta, 10000, 9975, 11, 0, 946
1764190714, meta, 10000, 9975, 11, 0, 867
1764190715, meta, 30000, 30796, 11, 0, 2201
1764190719, meta, 30000, 30796, 10, 0, 2219
1764190721, meta, 100000, 105903, 10, 0, 9067
1764190732, meta, 100000, 105903, 13, 0, 8943
1764194454, meta, 10, 28, 2, 0, 375
1764194456, meta, 10, 28, 2, 0, 258
1764194457, meta, 100, 28, 2, 0, 376
1764194459, meta, 100, 28, 2, 0, 291
1764194459, meta, 1000, 890, 3, 0, 306
1764194462, meta, 1000, 890, 3, 0, 293
1764194462, meta, 3000, 2714, 3, 0, 377
1764194464, meta, 3000, 2714, 3, 0, 314
1764194465, meta, 10000, 9975, 11, 0, 968
1764194468, meta, 10000, 9975, 11, 0, 526
1764194468, meta, 30000, 30796, 11, 0, 2213
1764194472, meta, 30000, 30796, 10, 0, 830
1764194473, meta, 100000, 105902, 12, 0, 9020
1764194484, meta, 100000, 105902, 251, 0, 12910
1764198204, meta, 10, 28, 2, 0, 262
1764198206, meta, 10, 28, 2, 0, 276
1764198206, meta, 100, 28, 2, 0, 379
1764198209, meta, 100, 28, 2, 0, 278
1764198209, meta, 1000, 889, 3, 0, 294
1764198211, meta, 1000, 889, 3, 0, 306
1764198212, meta, 3000, 2714, 3, 0, 433
1764198214, meta, 3000, 2714, 2, 0, 453
1764198215, meta, 10000, 9975, 11, 0, 871
1764198217, meta, 10000, 9975, 11, 0, 566
1764198218, meta, 30000, 30797, 95, 0, 3589
1764198224, meta, 30000, 30797, 270, 0, 5921
1764198230, meta, 100000, 105903, 13, 0, 9212
1764198241, meta, 100000, 105903, 11, 0, 1932
1764201948, meta, 10, 28, 2, 0, 251
1764201950, meta, 10, 28, 2, 0, 328
1764201950, meta, 100, 28, 2, 0, 290
1764201953, meta, 100, 28, 2, 0, 267
1764201953, meta, 1000, 889, 2, 0, 328
1764201955, meta, 1000, 889, 2, 0, 332
1764201956, meta, 3000, 2714, 2, 0, 391
1764201958, meta, 3000, 2714, 2, 0, 363
1764201958, meta, 10000, 9975, 11, 0, 933
1764201961, meta, 10000, 9975, 11, 0, 951
1764201962, meta, 30000, 30797, 12, 0, 2302
1764201967, meta, 30000, 30797, 13, 0, 2157
1764201969, meta, 100000, 105903, 9, 0, 9032
1764201980, meta, 100000, 105903, 447, 0, 16369
1764205702, meta, 10, 28, 2, 0, 351
1764205704, meta, 10, 28, 2, 0, 279
1764205704, meta, 100, 28, 2, 0, 286
1764205707, meta, 100, 28, 2, 0, 265
1764205707, meta, 1000, 889, 2, 0, 303
1764205709, meta, 1000, 889, 3, 0, 274
1764205709, meta, 3000, 2714, 3, 0, 376
1764205712, meta, 3000, 2714, 3, 0, 468
1764205712, meta, 10000, 9975, 11, 0, 905
1764205715, meta, 10000, 9975, 11, 0, 540
1764205716, meta, 30000, 30796, 12, 0, 2184
1764205720, meta, 30000, 30796, 11, 0, 2166
1764205722, meta, 100000, 105901, 317, 0, 13972
1764205738, meta, 100000, 105901, 552, 0, 12281
1764209465, meta, 10, 28, 2, 0, 251
1764209467, meta, 10, 28, 2, 0, 247
1764209467, meta, 100, 28, 2, 0, 298
1764209470, meta, 100, 28, 2, 0, 355
1764209470, meta, 1000, 889, 3, 0, 367
1764209472, meta, 1000, 889, 3, 0, 280
1764209473, meta, 3000, 2714, 3, 0, 339
1764209475, meta, 3000, 2714, 3, 0, 320
1764209475, meta, 10000, 9975, 11, 0, 923
1764209478, meta, 10000, 9975, 12, 0, 601
1764209479, meta, 30000, 30796, 11, 0, 2158
1764209483, meta, 30000, 30796, 12, 0, 952
1764209484, meta, 100000, 105903, 439, 0, 17095
1764209503, meta, 100000, 105903, 13, 0, 8821
1764252971, meta, 10, 28, 2, 0, 271
1764252973, meta, 10, 28, 2, 0, 271
1764252973, meta, 100, 28, 2, 0, 266
1764252975, meta, 100, 28, 2, 0, 344
1764252976, meta, 1000, 889, 3, 0, 358
1764252978, meta, 1000, 889, 3, 0, 292
1764252978, meta, 3000, 2714, 3, 0, 570
1764252981, meta, 3000, 2714, 3, 0, 335
1764252981, meta, 10000, 9975, 11, 0, 1036
1764252984, meta, 10000, 9975, 11, 0, 610
1764252985, meta, 30000, 30796, 11, 0, 2243
1764252989, meta, 30000, 30796, 11, 0, 833
1764252990, meta, 100000, 105903, 12, 0, 9260
1764253001, meta, 100000, 105903, 327, 0, 7559
1764256785, meta, 10, 28, 2, 0, 268
1764256787, meta, 10, 28, 2, 0, 334
1764256788, meta, 100, 28, 2, 0, 294
1764256790, meta, 100, 28, 2, 0, 362
1764256790, meta, 1000, 889, 2, 0, 325
1764256793, meta, 1000, 889, 3, 0, 291
1764256793, meta, 3000, 2714, 3, 0, 465
1764256795, meta, 3000, 2714, 3, 0, 534
1764256796, meta, 10000, 9975, 11, 0, 955
1764256799, meta, 10000, 9975, 3, 0, 442
1764256799, meta, 30000, 30796, 12, 0, 2229
1764256803, meta, 30000, 30796, 66, 0, 1692
1764256805, meta, 100000, 105903, 13, 0, 9131
1764256816, meta, 100000, 105903, 508, 0, 9814
1764260533, meta, 10, 28, 2, 0, 264
1764260536, meta, 10, 28, 2, 0, 270
1764260536, meta, 100, 28, 2, 0, 362
1764260538, meta, 100, 28, 2, 0, 291
1764260539, meta, 1000, 889, 2, 0, 365
1764260541, meta, 1000, 889, 3, 0, 288
1764260541, meta, 3000, 2714, 3, 0, 382
1764260544, meta, 3000, 2714, 3, 0, 541
1764260544, meta, 10000, 9976, 11, 0, 915
1764260547, meta, 10000, 9976, 11, 0, 890
1764260548, meta, 30000, 30796, 11, 0, 2222
1764260552, meta, 30000, 30796, 350, 0, 5351
1764260558, meta, 100000, 105902, 559, 0, 18028
1764260578, meta, 100000, 105902, 15, 0, 2200
1764264376, meta, 10, 28, 2, 0, 333
1764264378, meta, 10, 28, 2, 0, 265
1764264378, meta, 100, 28, 2, 0, 273
1764264381, meta, 100, 28, 2, 0, 342
1764264381, meta, 1000, 889, 3, 0, 295
1764264383, meta, 1000, 889, 3, 0, 284
1764264383, meta, 3000, 2714, 3, 0, 502
1764264386, meta, 3000, 2714, 3, 0, 435
1764264386, meta, 10000, 9975, 11, 0, 878
1764264389, meta, 10000, 9975, 11, 0, 892
1764264390, meta, 30000, 30796, 91, 0, 3265
1764264395, meta, 30000, 30796, 12, 0, 2250
1764264398, meta, 100000, 0, 0, 0, 47986
1764264448, meta, 100000, 105902, 13, 0, 8992
1764268154, meta, 10, 28, 2, 0, 336
1764268156, meta, 10, 28, 2, 0, 346
1764268156, meta, 100, 28, 2, 0, 263
1764268159, meta, 100, 28, 2, 0, 266
1764268159, meta, 1000, 889, 3, 0, 390
1764268161, meta, 1000, 889, 3, 0, 369
1764268162, meta, 3000, 2714, 3, 0, 485
1764268164, meta, 3000, 2714, 3, 0, 459
1764268165, meta, 10000, 9975, 11, 0, 959
1764268168, meta, 10000, 9975, 11, 0, 938
1764268169, meta, 30000, 30796, 11, 0, 2219
1764268173, meta, 30000, 30796, 62, 0, 1527
1764268174, meta, 100000, 105902, 11, 0, 9088
1764268185, meta, 100000, 105902, 11, 0, 9032
1764271900, meta, 10, 28, 2, 0, 259
1764271903, meta, 10, 28, 2, 0, 282
1764271903, meta, 100, 28, 2, 0, 272
1764271905, meta, 100, 28, 2, 0, 320
1764271906, meta, 1000, 889, 3, 0, 287
1764271908, meta, 1000, 889, 3, 0, 295
1764271908, meta, 3000, 2714, 3, 0, 370
1764271910, meta, 3000, 2714, 3, 0, 436
1764271911, meta, 10000, 9975, 3, 0, 820
1764271914, meta, 10000, 9975, 12, 0, 532
1764271914, meta, 30000, 30796, 360, 0, 6492
1764271923, meta, 30000, 30796, 104, 0, 3554
1764271926, meta, 100000, 105902, 257, 0, 12960
1764271941, meta, 100000, 105902, 414, 0, 15299
1764275747, meta, 10, 28, 2, 0, 312
1764275749, meta, 10, 28, 2, 0, 259
1764275749, meta, 100, 28, 2, 0, 260
1764275752, meta, 100, 28, 2, 0, 331
1764275752, meta, 1000, 889, 3, 0, 286
1764275754, meta, 1000, 889, 3, 0, 291
1764275754, meta, 3000, 2714, 3, 0, 533
1764275757, meta, 3000, 2714, 3, 0, 353
1764275757, meta, 10000, 9976, 12, 0, 895
1764275760, meta, 10000, 9976, 12, 0, 750
1764275761, meta, 30000, 30796, 11, 0, 2235
1764275765, meta, 30000, 30796, 13, 0, 2254
1764275768, meta, 100000, 105903, 10, 0, 8911
1764275778, meta, 100000, 105903, 491, 0, 9278
1764279492, meta, 10, 28, 2, 0, 265
1764279494, meta, 10, 28, 2, 0, 267
1764279494, meta, 100, 28, 2, 0, 267
1764279497, meta, 100, 28, 2, 0, 275
1764279497, meta, 1000, 889, 3, 0, 309
1764279499, meta, 1000, 889, 3, 0, 298
1764279499, meta, 3000, 2714, 3, 0, 395
1764279502, meta, 3000, 2714, 2, 0, 440
1764279502, meta, 10000, 9975, 11, 0, 858
1764279505, meta, 10000, 9975, 11, 0, 518
1764279506, meta, 30000, 30796, 11, 0, 2200
1764279510, meta, 30000, 30796, 14, 0, 848
1764279511, meta, 100000, 105902, 13, 0, 8967
1764279522, meta, 100000, 105902, 9, 0, 2060
1764283227, meta, 10, 28, 2, 0, 454
1764283230, meta, 10, 28, 2, 0, 339
1764283230, meta, 100, 28, 2, 0, 394
1764283233, meta, 100, 28, 2, 0, 325
1764283233, meta, 1000, 889, 3, 0, 312
1764283235, meta, 1000, 889, 3, 0, 366
1764283236, meta, 3000, 2714, 3, 0, 471
1764283238, meta, 3000, 2714, 3, 0, 317
1764283238, meta, 10000, 9975, 11, 0, 891
1764283241, meta, 10000, 9975, 3, 0, 792
1764283242, meta, 30000, 30796, 28, 0, 2410
1764283247, meta, 30000, 30796, 11, 0, 2387
1764283249, meta, 100000, 105903, 11, 0, 8915
1764283260, meta, 100000, 105903, 412, 0, 8119
1764287065, meta, 10, 28, 2, 0, 384
1764287067, meta, 10, 28, 2, 0, 261
1764287067, meta, 100, 28, 2, 0, 338
1764287070, meta, 100, 28, 2, 0, 251
1764287070, meta, 1000, 889, 3, 0, 306
1764287072, meta, 1000, 889, 3, 0, 295
1764287072, meta, 3000, 2714, 3, 0, 430
1764287075, meta, 3000, 2714, 3, 0, 402
1764287075, meta, 10000, 9975, 3, 0, 773
1764287078, meta, 10000, 9975, 11, 0, 567
1764287079, meta, 30000, 30796, 14, 0, 2326
1764287083, meta, 30000, 30796, 54, 0, 1530
1764287084, meta, 100000, 105902, 11, 0, 9154
1764287096, meta, 100000, 105902, 13, 0, 8927
1764290979, meta, 10, 28, 2, 0, 262
1764290981, meta, 10, 28, 2, 0, 267
1764290982, meta, 100, 28, 2, 0, 275
1764290984, meta, 100, 28, 2, 0, 257
1764290984, meta, 1000, 889, 3, 0, 331
1764290986, meta, 1000, 889, 3, 0, 332
1764290987, meta, 3000, 2714, 3, 0, 350
1764290989, meta, 3000, 2714, 3, 0, 359
1764290989, meta, 10000, 9976, 11, 0, 964
1764290992, meta, 10000, 9976, 11, 0, 918
1764290993, meta, 30000, 30796, 12, 0, 2212
1764290998, meta, 30000, 30796, 14, 0, 1030
1764290999, meta, 100000, 105904, 12, 0, 8929
1764291010, meta, 100000, 105904, 8, 0, 9028
1764294815, meta, 10, 28, 2, 0, 316
1764294818, meta, 10, 28, 2, 0, 297
1764294818, meta, 100, 28, 2, 0, 290
1764294820, meta, 100, 28, 2, 0, 323
1764294821, meta, 1000, 889, 3, 0, 284
1764294823, meta, 1000, 889, 2, 0, 298
1764294823, meta, 3000, 2714, 3, 0, 392
1764294826, meta, 3000, 2714, 3, 0, 462
1764294826, meta, 10000, 9975, 11, 0, 904
1764294829, meta, 10000, 9975, 11, 0, 697
1764294830, meta, 30000, 30796, 67, 0, 3161
1764294835, meta, 30000, 30796, 10, 0, 979
1764294836, meta, 100000, 105903, 9, 0, 9110
1764294847, meta, 100000, 105903, 733, 0, 20729
1764298801, meta, 10, 28, 2, 0, 277
1764298803, meta, 10, 28, 2, 0, 265
1764298803, meta, 100, 28, 2, 0, 271
1764298805, meta, 100, 28, 2, 0, 265
1764298806, meta, 1000, 890, 3, 0, 354
1764298808, meta, 1000, 890, 3, 0, 282
1764298808, meta, 3000, 2714, 3, 0, 430
1764298811, meta, 3000, 2714, 3, 0, 341
1764298811, meta, 10000, 9975, 11, 0, 878
1764298814, meta, 10000, 9975, 11, 0, 611
1764298815, meta, 30000, 30796, 26, 0, 2411
1764298819, meta, 30000, 30796, 11, 0, 843
1764298820, meta, 100000, 105902, 351, 0, 14554
1764298836, meta, 100000, 105902, 292, 0, 14075
1764302732, meta, 10, 28, 2, 0, 417
1764302735, meta, 10, 28, 2, 0, 288
1764302735, meta, 100, 28, 2, 0, 293
1764302737, meta, 100, 28, 2, 0, 324
1764302738, meta, 1000, 889, 3, 0, 290
1764302740, meta, 1000, 889, 3, 0, 272
1764302740, meta, 3000, 2715, 3, 0, 416
1764302743, meta, 3000, 2715, 3, 0, 332
1764302743, meta, 10000, 9975, 11, 0, 983
1764302746, meta, 10000, 9975, 11, 0, 877
1764302747, meta, 30000, 30796, 50, 0, 2676
1764302751, meta, 30000, 30796, 76, 0, 1745
1764302753, meta, 100000, 105902, 9, 0, 9046
1764302764, meta, 100000, 0, 0, 0, 59364
1764306668, meta, 10, 28, 2, 0, 271
1764306670, meta, 10, 28, 2, 0, 278
1764306670, meta, 100, 28, 2, 0, 264
1764306673, meta, 100, 28, 2, 0, 275
1764306673, meta, 1000, 889, 3, 0, 320
1764306675, meta, 1000, 889, 3, 0, 335
1764306675, meta, 3000, 2714, 3, 0, 393
1764306678, meta, 3000, 2714, 3, 0, 373
1764306678, meta, 10000, 9975, 3, 0, 828
1764306681, meta, 10000, 9975, 3, 0, 564
1764306682, meta, 30000, 30796, 56, 0, 2756
1764306686, meta, 30000, 30796, 132, 0, 3920
1764306690, meta, 100000, 105902, 12, 0, 8935
1764306701, meta, 100000, 105902, 13, 0, 9229
1764310424, meta, 10, 28, 2, 0, 253
1764310426, meta, 10, 28, 2, 0, 318
1764310426, meta, 100, 28, 2, 0, 273
1764310428, meta, 100, 28, 2, 0, 263
1764310429, meta, 1000, 889, 3, 0, 281
1764310431, meta, 1000, 889, 3, 0, 288
1764310431, meta, 3000, 2714, 3, 0, 378
1764310434, meta, 3000, 2714, 3, 0, 376
1764310434, meta, 10000, 9975, 11, 0, 1000
1764310437, meta, 10000, 9975, 11, 0, 934
1764310438, meta, 30000, 30796, 12, 0, 2241
1764310442, meta, 30000, 30796, 12, 0, 919
1764310443, meta, 100000, 105902, 13, 0, 8933
1764310454, meta, 100000, 105902, 9, 0, 8767
1764314261, meta, 10, 28, 2, 0, 267
1764314263, meta, 10, 28, 2, 0, 300
1764314263, meta, 100, 28, 2, 0, 244
1764314266, meta, 100, 28, 2, 0, 262
1764314266, meta, 1000, 889, 3, 0, 279
1764314268, meta, 1000, 889, 3, 0, 291
1764314268, meta, 3000, 2714, 3, 0, 377
1764314271, meta, 3000, 2714, 3, 0, 371
1764314271, meta, 10000, 9975, 11, 0, 886
1764314274, meta, 10000, 9975, 11, 0, 534
1764314275, meta, 30000, 30796, 11, 0, 2242
1764314279, meta, 30000, 0, 0, 0, 56829
1764314336, meta, 100000, 105903, 13, 0, 9032
1764314347, meta, 100000, 105903, 13, 0, 8902
1764318058, meta, 10, 28, 2, 0, 272
1764318060, meta, 10, 28, 2, 0, 351
1764318060, meta, 100, 28, 2, 0, 255
1764318063, meta, 100, 28, 2, 0, 292
1764318063, meta, 1000, 889, 2, 0, 328
1764318065, meta, 1000, 889, 2, 0, 350
1764318066, meta, 3000, 2714, 3, 0, 464
1764318068, meta, 3000, 2714, 3, 0, 408
1764318068, meta, 10000, 9975, 11, 0, 1026
1764318071, meta, 10000, 9975, 11, 0, 634
1764318072, meta, 30000, 30796, 244, 0, 5240
1764318079, meta, 30000, 30796, 91, 0, 1799
1764318081, meta, 100000, 105903, 10, 0, 9093
1764318092, meta, 100000, 105903, 13, 0, 2001
1764321893, meta, 10, 28, 2, 0, 249
1764321895, meta, 10, 28, 2, 0, 256
1764321896, meta, 100, 28, 2, 0, 251
1764321898, meta, 100, 28, 2, 0, 250
1764321898, meta, 1000, 889, 2, 0, 319
1764321900, meta, 1000, 889, 3, 0, 313
1764321901, meta, 3000, 2714, 3, 0, 517
1764321903, meta, 3000, 2714, 3, 0, 494
1764321904, meta, 10000, 9975, 11, 0, 882
1764321907, meta, 10000, 9975, 11, 0, 533
1764321907, meta, 30000, 30796, 11, 0, 2186
1764321911, meta, 30000, 30796, 11, 0, 844
1764321912, meta, 100000, 105902, 339, 0, 14042
1764321928, meta, 100000, 105902, 14, 0, 8893
1764325639, meta, 10, 28, 2, 0, 375
1764325642, meta, 10, 28, 2, 0, 299
1764325642, meta, 100, 28, 2, 0, 277
1764325644, meta, 100, 28, 2, 0, 292
1764325645, meta, 1000, 889, 3, 0, 349
1764325647, meta, 1000, 889, 3, 0, 298
1764325647, meta, 3000, 2714, 3, 0, 386
1764325650, meta, 3000, 2714, 3, 0, 439
1764325650, meta, 10000, 9975, 12, 0, 985
1764325653, meta, 10000, 9975, 12, 0, 635
1764325654, meta, 30000, 30797, 11, 0, 2246
1764325658, meta, 30000, 30797, 8, 0, 2192
1764325660, meta, 100000, 105902, 10, 0, 9034
1764325671, meta, 100000, 105902, 122, 0, 11670
1764329473, meta, 10, 28, 2, 0, 272
1764329476, meta, 10, 28, 2, 0, 274
1764329476, meta, 100, 28, 2, 0, 351
1764329478, meta, 100, 28, 2, 0, 272
1764329479, meta, 1000, 889, 2, 0, 378
1764329481, meta, 1000, 889, 2, 0, 310
1764329481, meta, 3000, 2714, 3, 0, 371
1764329484, meta, 3000, 2714, 3, 0, 393
1764329484, meta, 10000, 9975, 11, 0, 886
1764329487, meta, 10000, 9975, 12, 0, 947
1764329488, meta, 30000, 30797, 108, 0, 3587
1764329494, meta, 30000, 30797, 10, 0, 2122
1764329496, meta, 100000, 105902, 10, 0, 9122
1764329507, meta, 100000, 105902, 346, 0, 14450
1764333234, meta, 10, 28, 2, 0, 291
1764333236, meta, 10, 28, 2, 0, 281
1764333236, meta, 100, 28, 2, 0, 282
1764333239, meta, 100, 28, 2, 0, 255
1764333239, meta, 1000, 889, 2, 0, 369
1764333241, meta, 1000, 889, 3, 0, 310
1764333242, meta, 3000, 2714, 3, 0, 388
1764333244, meta, 3000, 2714, 3, 0, 477
1764333244, meta, 10000, 9976, 11, 0, 884
1764333247, meta, 10000, 9976, 11, 0, 530
1764333248, meta, 30000, 30796, 11, 0, 2170
1764333252, meta, 30000, 30796, 11, 0, 2244
1764333254, meta, 100000, 105903, 9, 0, 8949
1764333265, meta, 100000, 105903, 3617, 0, 61439
1764337030, meta, 10, 28, 2, 0, 281
1764337033, meta, 10, 28, 2, 0, 258
1764337033, meta, 100, 28, 2, 0, 298
1764337035, meta, 100, 28, 2, 0, 264
1764337035, meta, 1000, 889, 3, 0, 284
1764337038, meta, 1000, 889, 3, 0, 301
1764337038, meta, 3000, 2714, 3, 0, 355
1764337040, meta, 3000, 2714, 3, 0, 422
1764337041, meta, 10000, 9975, 11, 0, 909
1764337044, meta, 10000, 9975, 11, 0, 523
1764337044, meta, 30000, 30796, 10, 0, 2380
1764337049, meta, 30000, 30796, 11, 0, 2254
1764337051, meta, 100000, 105903, 367, 0, 14322
1764337067, meta, 100000, 105903, 9, 0, 9011
1764340865, meta, 10, 28, 2, 0, 379
1764340868, meta, 10, 28, 2, 0, 265
1764340868, meta, 100, 28, 2, 0, 265
1764340870, meta, 100, 28, 2, 0, 273
1764340870, meta, 1000, 889, 3, 0, 285
1764340873, meta, 1000, 889, 3, 0, 300
1764340873, meta, 3000, 2714, 3, 0, 542
1764340875, meta, 3000, 2714, 3, 0, 443
1764340876, meta, 10000, 9975, 11, 0, 922
1764340879, meta, 10000, 9975, 11, 0, 1175
1764340880, meta, 30000, 30797, 12, 0, 2178
1764340884, meta, 30000, 30797, 11, 0, 2153
1764340886, meta, 100000, 105903, 10, 0, 9219
1764340898, meta, 100000, 105903, 12, 0, 8989
1764344661, meta, 10, 28, 2, 0, 275
1764344663, meta, 10, 28, 2, 0, 305
1764344664, meta, 100, 28, 2, 0, 302
1764344666, meta, 100, 28, 2, 0, 272
1764344666, meta, 1000, 889, 3, 0, 269
1764344668, meta, 1000, 889, 3, 0, 299
1764344669, meta, 3000, 2714, 3, 0, 473
1764344671, meta, 3000, 2714, 3, 0, 424
1764344672, meta, 10000, 9975, 12, 0, 961
1764344675, meta, 10000, 9975, 11, 0, 901
1764344675, meta, 30000, 30796, 10, 0, 2243
1764344680, meta, 30000, 30796, 11, 0, 1069
1764344681, meta, 100000, 105902, 329, 0, 14644
1764344697, meta, 100000, 105902, 12, 0, 9001
1764348556, meta, 10, 28, 2, 0, 268
1764348558, meta, 10, 28, 2, 0, 268
1764348558, meta, 100, 28, 2, 0, 253
1764348560, meta, 100, 28, 2, 0, 262
1764348561, meta, 1000, 889, 3, 0, 283
1764348563, meta, 1000, 889, 3, 0, 285
1764348563, meta, 3000, 2714, 3, 0, 444
1764348566, meta, 3000, 2714, 3, 0, 317
1764348566, meta, 10000, 9976, 11, 0, 1026
1764348569, meta, 10000, 9976, 11, 0, 609
1764348570, meta, 30000, 30796, 47, 0, 2629
1764348574, meta, 30000, 30796, 11, 0, 2173
1764348576, meta, 100000, 105902, 9, 0, 9155
1764348588, meta, 100000, 105902, 15, 0, 9141
1764352468, meta, 10, 28, 2, 0, 280
1764352471, meta, 10, 28, 2, 0, 259
1764352471, meta, 100, 28, 2, 0, 279
1764352473, meta, 100, 28, 2, 0, 339
1764352474, meta, 1000, 889, 3, 0, 281
1764352476, meta, 1000, 889, 3, 0, 284
1764352476, meta, 3000, 2714, 3, 0, 372
1764352478, meta, 3000, 2714, 3, 0, 379
1764352479, meta, 10000, 9975, 11, 0, 884
1764352482, meta, 10000, 9975, 12, 0, 691
1764352482, meta, 30000, 30796, 11, 0, 2279
1764352487, meta, 30000, 30796, 14, 0, 922
1764352488, meta, 100000, 105902, 20, 0, 9080
1764352499, meta, 100000, 105902, 16, 0, 2121
1764356209, meta, 10, 28, 2, 0, 272
1764356211, meta, 10, 28, 2, 0, 326
1764356211, meta, 100, 28, 2, 0, 280
1764356213, meta, 100, 28, 2, 0, 263
1764356214, meta, 1000, 889, 3, 0, 291
1764356216, meta, 1000, 889, 3, 0, 294
1764356216, meta, 3000, 2714, 3, 0, 409
1764356219, meta, 3000, 2714, 3, 0, 354
1764356219, meta, 10000, 9975, 11, 0, 898
1764356222, meta, 10000, 9975, 11, 0, 576
1764356222, meta, 30000, 30796, 83, 0, 3327
1764356228, meta, 30000, 30796, 11, 0, 2168
1764356230, meta, 100000, 105902, 11, 0, 9080
1764356241, meta, 100000, 105902, 467, 0, 16505
1764360046, meta, 10, 28, 2, 0, 396
1764360049, meta, 10, 28, 2, 0, 272
1764360049, meta, 100, 28, 2, 0, 260
1764360051, meta, 100, 28, 2, 0, 307
1764360051, meta, 1000, 889, 3, 0, 300
1764360054, meta, 1000, 889, 3, 0, 288
1764360054, meta, 3000, 2714, 3, 0, 419
1764360056, meta, 3000, 2714, 3, 0, 365
1764360057, meta, 10000, 9975, 11, 0, 995
1764360060, meta, 10000, 9975, 11, 0, 533
1764360060, meta, 30000, 30797, 11, 0, 2207
1764360065, meta, 30000, 30797, 191, 0, 4867
1764360069, meta, 100000, 105902, 12, 0, 9070
1764360080, meta, 100000, 105902, 9, 0, 2140
1764363793, meta, 10, 28, 2, 0, 277
1764363795, meta, 10, 28, 2, 0, 290
1764363796, meta, 100, 28, 2, 0, 253
1764363798, meta, 100, 28, 2, 0, 261
1764363798, meta, 1000, 889, 3, 0, 307
1764363800, meta, 1000, 889, 3, 0, 280
1764363801, meta, 3000, 2714, 3, 0, 390
1764363803, meta, 3000, 2714, 3, 0, 347
1764363803, meta, 10000, 9976, 11, 0, 1005
1764363806, meta, 10000, 9976, 11, 0, 519
1764363807, meta, 30000, 30796, 95, 0, 3350
1764363812, meta, 30000, 30796, 6, 0, 745
1764363813, meta, 100000, 105902, 9, 0, 9134
1764363824, meta, 100000, 105902, 10, 0, 2036
1764367615, meta, 10, 28, 2, 0, 334
1764367617, meta, 10, 28, 2, 0, 279
1764367617, meta, 100, 28, 2, 0, 374
1764367620, meta, 100, 28, 2, 0, 288
1764367620, meta, 1000, 889, 2, 0, 321
1764367622, meta, 1000, 889, 2, 0, 294
1764367622, meta, 3000, 2714, 3, 0, 382
1764367625, meta, 3000, 2714, 3, 0, 358
1764367625, meta, 10000, 9975, 11, 0, 917
1764367628, meta, 10000, 9975, 11, 0, 542
1764367629, meta, 30000, 30796, 12, 0, 2184
1764367633, meta, 30000, 30796, 225, 0, 5303
1764367638, meta, 100000, 105902, 13, 0, 8932
1764367649, meta, 100000, 105902, 274, 0, 13878
1764371374, meta, 10, 28, 2, 0, 259
1764371377, meta, 10, 28, 2, 0, 264
1764371377, meta, 100, 28, 2, 0, 294
1764371379, meta, 100, 28, 2, 0, 337
1764371379, meta, 1000, 889, 3, 0, 271
1764371382, meta, 1000, 889, 3, 0, 289
1764371382, meta, 3000, 2714, 3, 0, 470
1764371384, meta, 3000, 2714, 3, 0, 347
1764371385, meta, 10000, 9976, 8, 0, 883
1764371388, meta, 10000, 9976, 3, 0, 526
1764371388, meta, 30000, 30796, 73, 0, 3241
1764371393, meta, 30000, 30796, 11, 0, 900
1764371394, meta, 100000, 105903, 13, 0, 8992
1764371405, meta, 100000, 105903, 11, 0, 1964
1764375196, meta, 10, 28, 2, 0, 378
1764375198, meta, 10, 28, 2, 0, 262
1764375199, meta, 100, 28, 2, 0, 258
1764375201, meta, 100, 28, 2, 0, 286
1764375201, meta, 1000, 889, 3, 0, 277
1764375203, meta, 1000, 889, 3, 0, 281
1764375204, meta, 3000, 2714, 3, 0, 483
1764375206, meta, 3000, 2714, 3, 0, 510
1764375207, meta, 10000, 9975, 11, 0, 903
1764375210, meta, 10000, 9975, 11, 0, 523
1764375210, meta, 30000, 30796, 12, 0, 2183
1764375214, meta, 30000, 30796, 11, 0, 2184
1764375216, meta, 100000, 105904, 9, 0, 8982
1764375227, meta, 100000, 105904, 11, 0, 8953
1764378953, meta, 10, 28, 2, 0, 274
1764378955, meta, 10, 28, 2, 0, 329
1764378955, meta, 100, 28, 2, 0, 275
1764378958, meta, 100, 28, 2, 0, 334
1764378958, meta, 1000, 889, 3, 0, 482
1764378961, meta, 1000, 889, 3, 0, 399
1764378961, meta, 3000, 2714, 2, 0, 403
1764378963, meta, 3000, 2714, 3, 0, 377
1764378964, meta, 10000, 9975, 11, 0, 1089
1764378967, meta, 10000, 9975, 2, 0, 481
1764378967, meta, 30000, 30796, 248, 0, 5493
1764378975, meta, 30000, 30796, 11, 0, 899
1764378976, meta, 100000, 105902, 12, 0, 8939
1764378987, meta, 100000, 105902, 9, 0, 8969
1764382788, meta, 10, 28, 2, 0, 288
1764382790, meta, 10, 28, 2, 0, 262
1764382791, meta, 100, 28, 2, 0, 373
1764382793, meta, 100, 28, 2, 0, 288
1764382793, meta, 1000, 889, 2, 0, 295
1764382796, meta, 1000, 889, 2, 0, 372
1764382796, meta, 3000, 2714, 3, 0, 458
1764382798, meta, 3000, 2714, 3, 0, 355
1764382799, meta, 10000, 9975, 11, 0, 1007
1764382802, meta, 10000, 9975, 11, 0, 602
1764382802, meta, 30000, 30796, 11, 0, 2173
1764382806, meta, 30000, 30796, 54, 0, 1593
1764382808, meta, 100000, 105902, 13, 0, 9195
1764382819, meta, 100000, 105902, 9, 0, 9041
1764386632, meta, 10, 28, 2, 0, 285
1764386634, meta, 10, 28, 2, 0, 323
1764386635, meta, 100, 28, 2, 0, 258
1764386637, meta, 100, 28, 2, 0, 341
1764386637, meta, 1000, 889, 3, 0, 283
1764386640, meta, 1000, 889, 3, 0, 281
1764386640, meta, 3000, 2714, 3, 0, 434
1764386642, meta, 3000, 2714, 3, 0, 355
1764386643, meta, 10000, 9975, 12, 0, 895
1764386646, meta, 10000, 9975, 11, 0, 578
1764386646, meta, 30000, 30796, 11, 0, 2154
1764386650, meta, 30000, 30796, 11, 0, 2249
1764386653, meta, 100000, 105902, 21, 0, 9134
1764386664, meta, 100000, 105902, 13, 0, 1948
1764390372, meta, 10, 28, 2, 0, 369
1764390375, meta, 10, 28, 2, 0, 328
1764390375, meta, 100, 28, 2, 0, 274
1764390377, meta, 100, 28, 2, 0, 265
1764390378, meta, 1000, 889, 3, 0, 283
1764390380, meta, 1000, 889, 3, 0, 283
1764390380, meta, 3000, 2714, 3, 0, 422
1764390383, meta, 3000, 2714, 3, 0, 455
1764390383, meta, 10000, 9975, 11, 0, 1610
1764390387, meta, 10000, 9975, 11, 0, 537
1764390387, meta, 30000, 30796, 32, 0, 2551
1764390392, meta, 30000, 30796, 132, 0, 2470
1764390394, meta, 100000, 105902, 9, 0, 9018
1764390405, meta, 100000, 105902, 9, 0, 8867
1764394136, meta, 10, 28, 2, 0, 262
1764394138, meta, 10, 28, 2, 0, 271
1764394138, meta, 100, 28, 2, 0, 262
1764394141, meta, 100, 28, 2, 0, 259
1764394141, meta, 1000, 889, 3, 0, 382
1764394143, meta, 1000, 889, 3, 0, 357
1764394144, meta, 3000, 2714, 3, 0, 379
1764394146, meta, 3000, 2714, 3, 0, 349
1764394146, meta, 10000, 9975, 11, 0, 926
1764394149, meta, 10000, 9975, 11, 0, 590
1764394150, meta, 30000, 30796, 11, 0, 2213
1764394154, meta, 30000, 30796, 12, 0, 2327
1764394156, meta, 100000, 105902, 909, 0, 20976
1764394179, meta, 100000, 105902, 10, 0, 2080
1764398072, meta, 10, 28, 2, 0, 274
1764398074, meta, 10, 28, 2, 0, 353
1764398074, meta, 100, 28, 2, 0, 278
1764398077, meta, 100, 28, 2, 0, 259
1764398077, meta, 1000, 889, 3, 0, 306
1764398079, meta, 1000, 889, 3, 0, 308
1764398079, meta, 3000, 2714, 3, 0, 418
1764398082, meta, 3000, 2714, 3, 0, 333
1764398082, meta, 10000, 9975, 11, 0, 866
1764398085, meta, 10000, 9975, 11, 0, 542
1764398086, meta, 30000, 30796, 99, 0, 3574
1764398091, meta, 30000, 30796, 11, 0, 2154
1764398093, meta, 100000, 105901, 349, 0, 14465
1764398110, meta, 100000, 105901, 12, 0, 1899
1764401967, meta, 10, 28, 2, 0, 363
1764401969, meta, 10, 28, 2, 0, 267
1764401969, meta, 100, 28, 2, 0, 260
1764401971, meta, 100, 28, 2, 0, 310
1764401972, meta, 1000, 889, 3, 0, 289
1764401974, meta, 1000, 889, 2, 0, 301
1764401974, meta, 3000, 2714, 3, 0, 374
1764401977, meta, 3000, 2714, 3, 0, 426
1764401977, meta, 10000, 9975, 11, 0, 879
1764401980, meta, 10000, 9975, 11, 0, 896
1764401981, meta, 30000, 30796, 25, 0, 2366
1764401985, meta, 30000, 30796, 103, 0, 3510
1764401989, meta, 100000, 105902, 352, 0, 14318
1764402005, meta, 100000, 105902, 13, 0, 8962
1764405802, meta, 10, 28, 2, 0, 363
1764405805, meta, 10, 28, 2, 0, 263
1764405805, meta, 100, 28, 2, 0, 268
1764405807, meta, 100, 28, 2, 0, 335
1764405807, meta, 1000, 889, 3, 0, 332
1764405810, meta, 1000, 889, 3, 0, 284
1764405810, meta, 3000, 2715, 3, 0, 384
1764405812, meta, 3000, 2715, 3, 0, 362
1764405813, meta, 10000, 9975, 11, 0, 884
1764405816, meta, 10000, 9975, 11, 0, 919
1764405817, meta, 30000, 30796, 12, 0, 2171
1764405821, meta, 30000, 30796, 12, 0, 2188
1764405823, meta, 100000, 105903, 13, 0, 9211
1764405834, meta, 100000, 105903, 13, 0, 1923
1764409548, meta, 10, 28, 2, 0, 323
1764409551, meta, 10, 28, 2, 0, 273
1764409551, meta, 100, 28, 2, 0, 387
1764409553, meta, 100, 28, 2, 0, 333
1764409554, meta, 1000, 889, 3, 0, 305
1764409556, meta, 1000, 889, 3, 0, 290
1764409556, meta, 3000, 2714, 3, 0, 386
1764409559, meta, 3000, 2714, 3, 0, 384
1764409559, meta, 10000, 9975, 11, 0, 981
1764409562, meta, 10000, 9975, 11, 0, 588
1764409562, meta, 30000, 30796, 11, 0, 2218
1764409567, meta, 30000, 30796, 56, 0, 1422
1764409568, meta, 100000, 105901, 392, 0, 15256
1764409585, meta, 100000, 105901, 13, 0, 8988
1764413472, meta, 10, 28, 2, 0, 343
1764413474, meta, 10, 28, 2, 0, 331
1764413475, meta, 100, 28, 2, 0, 257
1764413477, meta, 100, 28, 2, 0, 278
1764413477, meta, 1000, 889, 3, 0, 285
1764413479, meta, 1000, 889, 3, 0, 296
1764413480, meta, 3000, 2714, 3, 0, 370
1764413482, meta, 3000, 2714, 3, 0, 371
1764413482, meta, 10000, 9975, 11, 0, 867
1764413485, meta, 10000, 9975, 11, 0, 863
1764413486, meta, 30000, 30796, 11, 0, 2262
1764413490, meta, 30000, 30796, 11, 0, 877
1764413491, meta, 100000, 105903, 9, 0, 8953
1764413502, meta, 100000, 105903, 280, 0, 6586
1764417294, meta, 10, 28, 2, 0, 272
1764417296, meta, 10, 28, 2, 0, 330
1764417297, meta, 100, 28, 2, 0, 265
1764417299, meta, 100, 28, 2, 0, 273
1764417299, meta, 1000, 889, 2, 0, 308
1764417302, meta, 1000, 889, 3, 0, 297
1764417302, meta, 3000, 2714, 3, 0, 393
1764417304, meta, 3000, 2714, 3, 0, 445
1764417305, meta, 10000, 9975, 11, 0, 920
1764417308, meta, 10000, 9975, 11, 0, 543
1764417308, meta, 30000, 30796, 255, 0, 5379
1764417316, meta, 30000, 30796, 151, 0, 4423
1764417320, meta, 100000, 105904, 11, 0, 9003
1764417331, meta, 100000, 105904, 11, 0, 9110
1764421103, meta, 10, 28, 2, 0, 267
1764421106, meta, 10, 28, 2, 0, 320
1764421106, meta, 100, 28, 2, 0, 332
1764421108, meta, 100, 28, 2, 0, 418
1764421109, meta, 1000, 889, 3, 0, 276
1764421111, meta, 1000, 889, 3, 0, 312
1764421111, meta, 3000, 2714, 3, 0, 386
1764421114, meta, 3000, 2714, 3, 0, 355
1764421114, meta, 10000, 9975, 11, 0, 894
1764421117, meta, 10000, 9975, 11, 0, 922
1764421118, meta, 30000, 30796, 12, 0, 2188
1764421122, meta, 30000, 30796, 234, 0, 5602
1764421128, meta, 100000, 105901, 366, 0, 14967
1764421145, meta, 100000, 105901, 3, 0, 9253
1764424860, meta, 10, 28, 2, 0, 262
1764424862, meta, 10, 28, 2, 0, 271
1764424863, meta, 100, 28, 2, 0, 282
1764424865, meta, 100, 28, 2, 0, 343
1764424865, meta, 1000, 889, 3, 0, 312
1764424867, meta, 1000, 889, 3, 0, 280
1764424868, meta, 3000, 2714, 3, 0, 434
1764424870, meta, 3000, 2714, 3, 0, 486
1764424871, meta, 10000, 9975, 11, 0, 894
1764424874, meta, 10000, 9975, 11, 0, 891
1764424874, meta, 30000, 30796, 56, 0, 2695
1764424879, meta, 30000, 30796, 11, 0, 2236
1764424881, meta, 100000, 105903, 8, 0, 8952
1764424892, meta, 100000, 105903, 9, 0, 8902
1764428612, meta, 10, 28, 2, 0, 285
1764428614, meta, 10, 28, 2, 0, 332
1764428614, meta, 100, 28, 2, 0, 474
1764428617, meta, 100, 28, 2, 0, 277
1764428617, meta, 1000, 889, 3, 0, 354
1764428620, meta, 1000, 889, 3, 0, 371
1764428620, meta, 3000, 2714, 3, 0, 514
1764428622, meta, 3000, 2714, 2, 0, 424
1764428623, meta, 10000, 9975, 11, 0, 944
1764428626, meta, 10000, 9975, 11, 0, 1041
1764428627, meta, 30000, 30796, 54, 0, 2732
1764428632, meta, 30000, 30796, 11, 0, 2140
1764428634, meta, 100000, 105902, 11, 0, 9013
1764428645, meta, 100000, 105902, 12, 0, 9201
1764432440, meta, 10, 28, 2, 0, 333
1764432442, meta, 10, 28, 2, 0, 272
1764432443, meta, 100, 28, 2, 0, 272
1764432445, meta, 100, 28, 2, 0, 395
1764432445, meta, 1000, 889, 2, 0, 317
1764432448, meta, 1000, 889, 3, 0, 349
1764432448, meta, 3000, 2714, 3, 0, 413
1764432450, meta, 3000, 2714, 3, 0, 369
1764432451, meta, 10000, 9975, 11, 0, 896
1764432454, meta, 10000, 9975, 11, 0, 892
1764432455, meta, 30000, 30796, 12, 0, 2201
1764432459, meta, 30000, 30796, 243, 0, 4462
1764432463, meta, 100000, 105902, 11, 0, 8988
1764432474, meta, 100000, 105902, 1231, 0, 26932
1764436210, meta, 10, 28, 2, 0, 255
1764436212, meta, 10, 28, 2, 0, 259
1764436212, meta, 100, 28, 2, 0, 311
1764436215, meta, 100, 28, 2, 0, 291
1764436215, meta, 1000, 889, 2, 0, 325
1764436217, meta, 1000, 889, 2, 0, 304
1764436218, meta, 3000, 2714, 3, 0, 396
1764436220, meta, 3000, 2714, 3, 0, 373
1764436220, meta, 10000, 9975, 10, 0, 862
1764436223, meta, 10000, 9975, 11, 0, 873
1764436224, meta, 30000, 30796, 11, 0, 2184
1764436228, meta, 30000, 30796, 12, 0, 2327
1764436231, meta, 100000, 105901, 10, 0, 8982
1764436242, meta, 100000, 105901, 8, 0, 9041
1764440123, meta, 10, 28, 2, 0, 287
1764440126, meta, 10, 28, 2, 0, 256
1764440126, meta, 100, 28, 2, 0, 252
1764440128, meta, 100, 28, 2, 0, 269
1764440129, meta, 1000, 889, 2, 0, 398
1764440131, meta, 1000, 889, 3, 0, 280
1764440131, meta, 3000, 2714, 3, 0, 377
1764440134, meta, 3000, 2714, 3, 0, 328
1764440134, meta, 10000, 9975, 11, 0, 889
1764440137, meta, 10000, 9975, 11, 0, 551
1764440137, meta, 30000, 30796, 12, 0, 2181
1764440142, meta, 30000, 30796, 11, 0, 2266
1764440144, meta, 100000, 105903, 516, 0, 16388
1764440162, meta, 100000, 105903, 11, 0, 9006
1764443882, meta, 10, 28, 2, 0, 334
1764443885, meta, 10, 28, 2, 0, 272
1764443885, meta, 100, 28, 2, 0, 279
1764443887, meta, 100, 28, 2, 0, 262
1764443887, meta, 1000, 889, 3, 0, 299
1764443890, meta, 1000, 889, 3, 0, 353
1764443890, meta, 3000, 2714, 3, 0, 406
1764443892, meta, 3000, 2714, 3, 0, 369
1764443893, meta, 10000, 9975, 11, 0, 874
1764443896, meta, 10000, 9975, 11, 0, 592
1764443896, meta, 30000, 30796, 89, 0, 3164
1764443901, meta, 30000, 30796, 11, 0, 831
1764443902, meta, 100000, 105903, 532, 0, 16900
1764443921, meta, 100000, 105903, 322, 0, 6858
1764447808, meta, 10, 28, 2, 0, 270
1764447811, meta, 10, 28, 2, 0, 251
1764447811, meta, 100, 28, 2, 0, 351
1764447813, meta, 100, 28, 2, 0, 294
1764447813, meta, 1000, 889, 3, 0, 292
1764447816, meta, 1000, 889, 3, 0, 277
1764447816, meta, 3000, 2715, 3, 0, 428
1764447818, meta, 3000, 2715, 3, 0, 401
1764447819, meta, 10000, 9975, 11, 0, 859
1764447822, meta, 10000, 9975, 11, 0, 941
1764447823, meta, 30000, 30796, 90, 0, 3500
1764447828, meta, 30000, 30796, 12, 0, 2229
1764447830, meta, 100000, 105902, 319, 0, 14166
1764447847, meta, 100000, 105902, 571, 0, 17182
1764451671, meta, 10, 28, 2, 0, 280
1764451673, meta, 10, 28, 2, 0, 344
1764451673, meta, 100, 28, 2, 0, 269
1764451676, meta, 100, 28, 2, 0, 275
1764451676, meta, 1000, 889, 2, 0, 301
1764451678, meta, 1000, 889, 2, 0, 310
1764451678, meta, 3000, 2714, 3, 0, 359
1764451681, meta, 3000, 2714, 3, 0, 361
1764451681, meta, 10000, 9975, 2, 0, 826
1764451684, meta, 10000, 9975, 11, 0, 914
1764451685, meta, 30000, 30796, 11, 0, 2179
1764451689, meta, 30000, 30796, 11, 0, 2208
1764451691, meta, 100000, 105903, 13, 0, 9150
1764451702, meta, 100000, 105903, 8, 0, 9213
1764455475, meta, 10, 28, 2, 0, 345
1764455477, meta, 10, 28, 2, 0, 330
1764455478, meta, 100, 28, 2, 0, 270
1764455480, meta, 100, 28, 2, 0, 271
1764455480, meta, 1000, 889, 2, 0, 291
1764455482, meta, 1000, 889, 2, 0, 308
1764455483, meta, 3000, 2714, 3, 0, 393
1764455485, meta, 3000, 2714, 3, 0, 378
1764455485, meta, 10000, 9975, 12, 0, 912
1764455488, meta, 10000, 9975, 11, 0, 922
1764455489, meta, 30000, 30796, 77, 0, 3184
1764455495, meta, 30000, 30796, 73, 0, 3202
1764455498, meta, 100000, 105901, 13, 0, 9045
1764455509, meta, 100000, 105901, 9, 0, 9233
1764459354, meta, 10, 28, 2, 0, 289
1764459357, meta, 10, 28, 2, 0, 286
1764459357, meta, 100, 28, 2, 0, 253
1764459359, meta, 100, 28, 2, 0, 266
1764459359, meta, 1000, 889, 3, 0, 287
1764459362, meta, 1000, 889, 2, 0, 309
1764459362, meta, 3000, 2714, 3, 0, 371
1764459364, meta, 3000, 2714, 3, 0, 363
1764459365, meta, 10000, 9975, 11, 0, 913
1764459368, meta, 10000, 9975, 3, 0, 800
1764459368, meta, 30000, 30796, 11, 0, 2174
1764459373, meta, 30000, 30796, 10, 0, 2133
1764459375, meta, 100000, 105901, 388, 0, 15187
1764459392, meta, 100000, 105901, 293, 0, 13508
1764463123, meta, 10, 28, 2, 0, 327
1764463125, meta, 10, 28, 2, 0, 271
1764463126, meta, 100, 28, 2, 0, 339
1764463128, meta, 100, 28, 2, 0, 377
1764463128, meta, 1000, 889, 3, 0, 342
1764463131, meta, 1000, 889, 3, 0, 631
1764463131, meta, 3000, 2714, 3, 0, 446
1764463134, meta, 3000, 2714, 3, 0, 373
1764463134, meta, 10000, 9975, 11, 0, 957
1764463137, meta, 10000, 9975, 11, 0, 617
1764463138, meta, 30000, 30796, 139, 0, 3883
1764463144, meta, 30000, 30796, 262, 0, 4191
1764463148, meta, 100000, 105902, 9, 0, 9094
1764463159, meta, 100000, 105902, 10, 0, 2118
1764467044, meta, 10, 28, 2, 0, 262
1764467046, meta, 10, 28, 2, 0, 355
1764467046, meta, 100, 28, 2, 0, 264
1764467049, meta, 100, 28, 2, 0, 281
1764467049, meta, 1000, 889, 3, 0, 367
1764467051, meta, 1000, 889, 3, 0, 353
1764467052, meta, 3000, 2714, 3, 0, 356
1764467054, meta, 3000, 2714, 3, 0, 337
1764467054, meta, 10000, 9975, 11, 0, 971
1764467057, meta, 10000, 9975, 11, 0, 885
1764467058, meta, 30000, 30796, 59, 0, 2893
1764467063, meta, 30000, 30796, 78, 0, 1941
1764467065, meta, 100000, 0, 0, 0, 61411
1764467128, meta, 100000, 105902, 43, 0, 2520
1764471000, meta, 10, 28, 2, 0, 310
1764471002, meta, 10, 28, 2, 0, 343
1764471002, meta, 100, 28, 2, 0, 343
1764471005, meta, 100, 28, 2, 0, 273
1764471005, meta, 1000, 889, 2, 0, 316
1764471007, meta, 1000, 889, 2, 0, 349
1764471008, meta, 3000, 2714, 3, 0, 392
1764471010, meta, 3000, 2714, 3, 0, 400
1764471011, meta, 10000, 9975, 3, 0, 779
1764471013, meta, 10000, 9975, 11, 0, 675
1764471014, meta, 30000, 30796, 11, 0, 2137
1764471018, meta, 30000, 30796, 11, 0, 2204
1764471020, meta, 100000, 105902, 11, 0, 9082
1764471031, meta, 100000, 105902, 10, 0, 2100
1764474747, meta, 10, 28, 2, 0, 329
1764474749, meta, 10, 28, 2, 0, 298
1764474749, meta, 100, 28, 2, 0, 358
1764474752, meta, 100, 28, 2, 0, 277
1764474752, meta, 1000, 889, 2, 0, 343
1764474754, meta, 1000, 889, 2, 0, 339
1764474755, meta, 3000, 2714, 3, 0, 472
1764474757, meta, 3000, 2714, 3, 0, 376
1764474758, meta, 10000, 9975, 11, 0, 1130
1764474761, meta, 10000, 9975, 11, 0, 706
1764474761, meta, 30000, 30797, 46, 0, 2764
1764474766, meta, 30000, 30797, 10, 0, 2122
1764474768, meta, 100000, 105902, 12, 0, 9085
1764474779, meta, 100000, 105902, 11, 0, 2049
1764478574, meta, 10, 28, 2, 0, 281
1764478576, meta, 10, 28, 2, 0, 279
1764478577, meta, 100, 28, 2, 0, 266
1764478579, meta, 100, 28, 2, 0, 278
1764478579, meta, 1000, 889, 3, 0, 306
1764478581, meta, 1000, 889, 3, 0, 291
1764478582, meta, 3000, 2714, 3, 0, 457
1764478584, meta, 3000, 2714, 3, 0, 349
1764478585, meta, 10000, 9974, 11, 0, 941
1764478587, meta, 10000, 9974, 11, 0, 627
1764478588, meta, 30000, 30796, 10, 0, 2251
1764478592, meta, 30000, 30796, 323, 0, 6081
1764478598, meta, 100000, 105903, 11, 0, 9146
1764478610, meta, 100000, 105903, 208, 0, 5280
1764482327, meta, 10, 28, 2, 0, 284
1764482329, meta, 10, 28, 2, 0, 261
1764482330, meta, 100, 28, 2, 0, 260
1764482332, meta, 100, 28, 2, 0, 278
1764482332, meta, 1000, 889, 3, 0, 355
1764482335, meta, 1000, 889, 3, 0, 318
1764482335, meta, 3000, 2714, 3, 0, 360
1764482337, meta, 3000, 2714, 3, 0, 371
1764482338, meta, 10000, 9975, 11, 0, 908
1764482340, meta, 10000, 9975, 12, 0, 962
1764482341, meta, 30000, 30796, 11, 0, 2191
1764482346, meta, 30000, 30796, 11, 0, 2194
1764482348, meta, 100000, 105902, 9, 0, 9202
1764482359, meta, 100000, 105902, 372, 0, 14967
1764486182, meta, 10, 28, 2, 0, 284
1764486184, meta, 10, 28, 2, 0, 293
1764486184, meta, 100, 28, 2, 0, 285
1764486187, meta, 100, 28, 2, 0, 270
1764486187, meta, 1000, 889, 3, 0, 281
1764486189, meta, 1000, 889, 3, 0, 305
1764486190, meta, 3000, 2714, 3, 0, 460
1764486192, meta, 3000, 2714, 3, 0, 350
1764486192, meta, 10000, 9975, 11, 0, 900
1764486195, meta, 10000, 9975, 11, 0, 879
1764486196, meta, 30000, 30797, 11, 0, 2220
1764486200, meta, 30000, 30797, 11, 0, 778
1764486201, meta, 100000, 105902, 13, 0, 8967
1764486212, meta, 100000, 105902, 450, 0, 15848
1764489936, meta, 10, 28, 2, 0, 305
1764489938, meta, 10, 28, 2, 0, 341
1764489939, meta, 100, 28, 2, 0, 259
1764489941, meta, 100, 28, 2, 0, 304
1764489941, meta, 1000, 889, 3, 0, 346
1764489944, meta, 1000, 889, 3, 0, 290
1764489944, meta, 3000, 2714, 3, 0, 381
1764489946, meta, 3000, 2714, 3, 0, 335
1764489947, meta, 10000, 9976, 3, 0, 823
1764489950, meta, 10000, 9976, 11, 0, 991
1764489951, meta, 30000, 30796, 427, 0, 8024
1764489961, meta, 30000, 30796, 10, 0, 800
1764489961, meta, 100000, 105903, 13, 0, 8933
1764489972, meta, 100000, 105903, 13, 0, 1933
1764493760, meta, 10, 28, 2, 0, 359
1764493762, meta, 10, 28, 2, 0, 342
1764493762, meta, 100, 28, 2, 0, 371
1764493765, meta, 100, 28, 2, 0, 262
1764493765, meta, 1000, 889, 3, 0, 301
1764493767, meta, 1000, 889, 3, 0, 289
1764493768, meta, 3000, 2714, 3, 0, 416
1764493770, meta, 3000, 2714, 3, 0, 476
1764493771, meta, 10000, 9975, 11, 0, 941
1764493773, meta, 10000, 9975, 11, 0, 610
1764493774, meta, 30000, 30796, 11, 0, 2232
1764493778, meta, 30000, 30796, 13, 0, 912
1764493779, meta, 100000, 105902, 13, 0, 9122
1764493790, meta, 100000, 105902, 9, 0, 1765
1764497496, meta, 10, 28, 2, 0, 354
1764497499, meta, 10, 28, 2, 0, 279
1764497499, meta, 100, 28, 2, 0, 263
1764497501, meta, 100, 28, 2, 0, 318
1764497502, meta, 1000, 889, 3, 0, 428
1764497504, meta, 1000, 889, 3, 0, 290
1764497504, meta, 3000, 2714, 3, 0, 701
1764497507, meta, 3000, 2714, 3, 0, 396
1764497507, meta, 10000, 9975, 11, 0, 858
1764497510, meta, 10000, 9975, 11, 0, 952
1764497511, meta, 30000, 30796, 11, 0, 2182
1764497515, meta, 30000, 30796, 25, 0, 2471
1764497518, meta, 100000, 105903, 9, 0, 9052
1764497529, meta, 100000, 105903, 8, 0, 1997
1764501230, meta, 10, 28, 2, 0, 255
1764501232, meta, 10, 28, 2, 0, 292
1764501232, meta, 100, 28, 2, 0, 322
1764501234, meta, 100, 28, 2, 0, 324
1764501235, meta, 1000, 889, 2, 0, 429
1764501237, meta, 1000, 889, 3, 0, 375
1764501238, meta, 3000, 2714, 3, 0, 417
1764501240, meta, 3000, 2714, 3, 0, 407
1764501240, meta, 10000, 9975, 3, 0, 790
1764501243, meta, 10000, 9975, 46, 0, 1314
1764501245, meta, 30000, 30796, 11, 0, 2238
1764501249, meta, 30000, 30796, 11, 0, 871
1764501250, meta, 100000, 105902, 12, 0, 9042
1764501261, meta, 100000, 105902, 11, 0, 2008
1764504973, meta, 10, 28, 2, 0, 267
1764504975, meta, 10, 28, 2, 0, 289
1764504975, meta, 100, 28, 2, 0, 290
1764504978, meta, 100, 28, 2, 0, 295
1764504978, meta, 1000, 889, 3, 0, 318
1764504980, meta, 1000, 889, 3, 0, 300
1764504980, meta, 3000, 2714, 3, 0, 368
1764504983, meta, 3000, 2714, 3, 0, 445
1764504983, meta, 10000, 9975, 11, 0, 884
1764504986, meta, 10000, 9975, 11, 0, 542
1764504987, meta, 30000, 30796, 13, 0, 2182
1764504991, meta, 30000, 30796, 76, 0, 3124
1764504994, meta, 100000, 105903, 214, 0, 12211
1764505008, meta, 100000, 105903, 10, 0, 8978
1764508802, meta, 10, 28, 2, 0, 299
1764508805, meta, 10, 28, 2, 0, 378
1764508805, meta, 100, 28, 2, 0, 361
1764508807, meta, 100, 28, 2, 0, 354
1764508808, meta, 1000, 889, 2, 0, 476
1764508810, meta, 1000, 889, 3, 0, 389
1764508811, meta, 3000, 2714, 3, 0, 468
1764508813, meta, 3000, 2714, 3, 0, 344
1764508814, meta, 10000, 9975, 3, 0, 802
1764508816, meta, 10000, 9975, 11, 0, 522
1764508817, meta, 30000, 30796, 11, 0, 2194
1764508821, meta, 30000, 30796, 10, 0, 917
1764508822, meta, 100000, 105902, 9, 0, 8954
1764508833, meta, 100000, 105902, 11, 0, 2167
1764512607, meta, 10, 28, 2, 0, 390
1764512610, meta, 10, 28, 2, 0, 257
1764512610, meta, 100, 28, 2, 0, 261
1764512612, meta, 100, 28, 2, 0, 279
1764512613, meta, 1000, 889, 3, 0, 344
1764512615, meta, 1000, 889, 3, 0, 287
1764512615, meta, 3000, 2714, 3, 0, 456
1764512618, meta, 3000, 2714, 3, 0, 474
1764512618, meta, 10000, 9975, 11, 0, 898
1764512621, meta, 10000, 9975, 11, 0, 581
1764512622, meta, 30000, 30796, 83, 0, 3276
1764512627, meta, 30000, 30796, 11, 0, 2207
1764512629, meta, 100000, 105903, 486, 0, 16208
1764512647, meta, 100000, 0, 0, 0, 61185
1764516416, meta, 10, 28, 2, 0, 307
1764516418, meta, 10, 28, 2, 0, 269
1764516418, meta, 100, 28, 2, 0, 293
1764516420, meta, 100, 28, 2, 0, 296
1764516421, meta, 1000, 889, 3, 0, 517
1764516423, meta, 1000, 889, 3, 0, 305
1764516424, meta, 3000, 2714, 3, 0, 482
1764516426, meta, 3000, 2714, 3, 0, 411
1764516427, meta, 10000, 9975, 11, 0, 923
1764516429, meta, 10000, 9975, 12, 0, 550
1764516430, meta, 30000, 30796, 11, 0, 2228
1764516434, meta, 30000, 30796, 10, 0, 2288
1764516437, meta, 100000, 105902, 9, 0, 9045
1764516448, meta, 100000, 105902, 11, 0, 2062
1764520229, meta, 10, 28, 2, 0, 267
1764520231, meta, 10, 28, 2, 0, 405
1764520232, meta, 100, 28, 2, 0, 307
1764520234, meta, 100, 28, 2, 0, 316
1764520234, meta, 1000, 889, 3, 0, 328
1764520237, meta, 1000, 889, 3, 0, 297
1764520237, meta, 3000, 2714, 3, 0, 386
1764520239, meta, 3000, 2714, 3, 0, 494
1764520240, meta, 10000, 9975, 11, 0, 912
1764520243, meta, 10000, 9975, 11, 0, 950
1764520244, meta, 30000, 30796, 54, 0, 2845
1764520249, meta, 30000, 30796, 12, 0, 2209
1764520251, meta, 100000, 105902, 512, 0, 16723
1764520270, meta, 100000, 105902, 512, 0, 17446
1764523999, meta, 10, 28, 2, 0, 290
1764524002, meta, 10, 28, 2, 0, 287
1764524002, meta, 100, 28, 2, 0, 273
1764524004, meta, 100, 28, 2, 0, 390
1764524005, meta, 1000, 889, 2, 0, 326
1764524007, meta, 1000, 889, 3, 0, 286
1764524007, meta, 3000, 2714, 3, 0, 380
1764524010, meta, 3000, 2714, 3, 0, 392
1764524010, meta, 10000, 9975, 11, 0, 860
1764524013, meta, 10000, 9975, 11, 0, 942
1764524014, meta, 30000, 30796, 11, 0, 2228
1764524018, meta, 30000, 30796, 11, 0, 924
1764524019, meta, 100000, 105903, 16, 0, 9169
1764524030, meta, 100000, 105903, 452, 0, 8894
1764527913, meta, 10, 28, 2, 0, 284
1764527915, meta, 10, 28, 2, 0, 261
1764527915, meta, 100, 28, 2, 0, 283
1764527917, meta, 100, 28, 2, 0, 318
1764527918, meta, 1000, 889, 2, 0, 475
1764527920, meta, 1000, 889, 3, 0, 351
1764527921, meta, 3000, 2714, 3, 0, 474
1764527923, meta, 3000, 2714, 3, 0, 393
1764527923, meta, 10000, 9975, 11, 0, 960
1764527926, meta, 10000, 9975, 11, 0, 989
1764527927, meta, 30000, 30796, 11, 0, 2255
1764527932, meta, 30000, 30796, 12, 0, 887
1764527933, meta, 100000, 105904, 352, 0, 14329
1764527949, meta, 100000, 105904, 481, 0, 16570
1764531674, meta, 10, 28, 2, 0, 265
1764531676, meta, 10, 28, 2, 0, 275
1764531676, meta, 100, 28, 2, 0, 263
1764531678, meta, 100, 28, 2, 0, 263
1764531679, meta, 1000, 890, 3, 0, 291
1764531681, meta, 1000, 890, 3, 0, 291
1764531681, meta, 3000, 2714, 3, 0, 414
1764531684, meta, 3000, 2714, 3, 0, 379
1764531684, meta, 10000, 9975, 11, 0, 900
1764531687, meta, 10000, 9975, 11, 0, 610
1764531688, meta, 30000, 30796, 81, 0, 3046
1764531693, meta, 30000, 30796, 9, 0, 818
1764531693, meta, 100000, 105903, 9, 0, 9095
1764531705, meta, 100000, 105903, 11, 0, 10156
1764535504, meta, 10, 28, 2, 0, 260
1764535506, meta, 10, 28, 2, 0, 336
1764535507, meta, 100, 28, 2, 0, 301
1764535509, meta, 100, 28, 2, 0, 257
1764535509, meta, 1000, 889, 3, 0, 287
1764535511, meta, 1000, 889, 3, 0, 286
1764535512, meta, 3000, 2715, 2, 0, 385
1764535514, meta, 3000, 2715, 3, 0, 342
1764535514, meta, 10000, 9975, 11, 0, 942
1764535517, meta, 10000, 9975, 11, 0, 971
1764535518, meta, 30000, 30796, 11, 0, 2206
1764535523, meta, 30000, 30796, 11, 0, 947
1764535523, meta, 100000, 105902, 10, 0, 9076
1764535535, meta, 100000, 105902, 419, 0, 15569
1764539257, meta, 10, 28, 2, 0, 270
1764539259, meta, 10, 28, 2, 0, 271
1764539259, meta, 100, 28, 2, 0, 268
1764539262, meta, 100, 28, 2, 0, 276
1764539262, meta, 1000, 889, 3, 0, 333
1764539264, meta, 1000, 889, 2, 0, 361
1764539265, meta, 3000, 2714, 3, 0, 452
1764539267, meta, 3000, 2714, 3, 0, 421
1764539268, meta, 10000, 9975, 11, 0, 899
1764539270, meta, 10000, 9975, 11, 0, 905
1764539271, meta, 30000, 30796, 77, 0, 3119
1764539276, meta, 30000, 30796, 13, 0, 840
1764539277, meta, 100000, 105901, 184, 0, 12056
1764539291, meta, 100000, 105901, 13, 0, 2112
1764543004, meta, 10, 28, 2, 0, 267
1764543007, meta, 10, 28, 2, 0, 274
1764543007, meta, 100, 28, 2, 0, 253
1764543009, meta, 100, 28, 2, 0, 260
1764543009, meta, 1000, 890, 3, 0, 274
1764543012, meta, 1000, 890, 3, 0, 291
1764543012, meta, 3000, 2714, 3, 0, 375
1764543014, meta, 3000, 2714, 3, 0, 393
1764543015, meta, 10000, 9975, 12, 0, 950
1764543018, meta, 10000, 9975, 11, 0, 598
1764543018, meta, 30000, 30796, 14, 0, 2239
1764543023, meta, 30000, 30796, 11, 0, 929
1764543024, meta, 100000, 105902, 13, 0, 8923
1764543034, meta, 100000, 105902, 14, 0, 2277
1764546742, meta, 10, 28, 2, 0, 277
1764546744, meta, 10, 28, 2, 0, 269
1764546745, meta, 100, 28, 2, 0, 294
1764546747, meta, 100, 28, 2, 0, 268
1764546747, meta, 1000, 889, 2, 0, 329
1764546749, meta, 1000, 889, 2, 0, 297
1764546750, meta, 3000, 2714, 3, 0, 405
1764546752, meta, 3000, 2714, 3, 0, 385
1764546753, meta, 10000, 9976, 11, 0, 881
1764546755, meta, 10000, 9976, 11, 0, 634
1764546756, meta, 30000, 30796, 163, 0, 4443
1764546763, meta, 30000, 30796, 89, 0, 2077
1764546765, meta, 100000, 105901, 10, 0, 9183
1764546776, meta, 100000, 105901, 159, 0, 11267
1764550573, meta, 10, 28, 2, 0, 519
1764550576, meta, 10, 28, 2, 0, 339
1764550576, meta, 100, 28, 2, 0, 316
1764550579, meta, 100, 28, 2, 0, 346
1764550579, meta, 1000, 889, 3, 0, 328
1764550581, meta, 1000, 889, 3, 0, 543
1764550582, meta, 3000, 2714, 3, 0, 383
1764550584, meta, 3000, 2714, 3, 0, 431
1764550585, meta, 10000, 9975, 11, 0, 1221
1764550588, meta, 10000, 9975, 11, 0, 920
1764550589, meta, 30000, 30796, 11, 0, 2149
1764550593, meta, 30000, 30796, 10, 0, 826
1764550594, meta, 100000, 105903, 341, 0, 14504
1764550610, meta, 100000, 105903, 473, 0, 16225
1764554330, meta, 10, 28, 2, 0, 255
1764554332, meta, 10, 28, 2, 0, 266
1764554332, meta, 100, 28, 2, 0, 324
1764554335, meta, 100, 28, 2, 0, 326
1764554335, meta, 1000, 889, 3, 0, 356
1764554337, meta, 1000, 889, 3, 0, 332
1764554338, meta, 3000, 2714, 3, 0, 1099
1764554341, meta, 3000, 2714, 3, 0, 368
1764554341, meta, 10000, 9975, 11, 0, 929
1764554344, meta, 10000, 9975, 11, 0, 583
1764554345, meta, 30000, 30796, 11, 0, 2232
1764554349, meta, 30000, 30796, 525, 0, 8524
1764554358, meta, 100000, 105902, 434, 0, 16030
1764554376, meta, 100000, 105902, 11, 0, 8883
1764558168, meta, 10, 28, 2, 0, 388
1764558171, meta, 10, 28, 2, 0, 388
1764558171, meta, 100, 28, 2, 0, 331
1764558173, meta, 100, 28, 2, 0, 277
1764558174, meta, 1000, 889, 3, 0, 333
1764558176, meta, 1000, 889, 3, 0, 416
1764558176, meta, 3000, 2714, 3, 0, 371
1764558179, meta, 3000, 2714, 3, 0, 384
1764558179, meta, 10000, 9975, 11, 0, 976
1764558182, meta, 10000, 9975, 11, 0, 956
1764558183, meta, 30000, 30796, 194, 0, 4732
1764558190, meta, 30000, 30796, 11, 0, 2171
1764558192, meta, 100000, 105903, 8, 0, 9139
1764558203, meta, 100000, 105903, 351, 0, 7370
1764561925, meta, 10, 28, 2, 0, 265
1764561928, meta, 10, 28, 2, 0, 358
1764561928, meta, 100, 28, 2, 0, 256
1764561930, meta, 100, 28, 2, 0, 323
1764561930, meta, 1000, 889, 2, 0, 374
1764561933, meta, 1000, 889, 2, 0, 448
1764561933, meta, 3000, 2714, 2, 0, 419
1764561936, meta, 3000, 2714, 2, 0, 409
1764561936, meta, 10000, 9975, 11, 0, 894
1764561939, meta, 10000, 9975, 11, 0, 631
1764561940, meta, 30000, 30796, 11, 0, 2267
1764561944, meta, 30000, 30796, 12, 0, 889
1764561945, meta, 100000, 105902, 13, 0, 9203
1764561956, meta, 100000, 105902, 9, 0, 9167
1764565756, meta, 10, 28, 2, 0, 295
1764565758, meta, 10, 28, 2, 0, 364
1764565758, meta, 100, 28, 2, 0, 266
1764565761, meta, 100, 28, 2, 0, 349
1764565761, meta, 1000, 889, 2, 0, 310
1764565763, meta, 1000, 889, 2, 0, 353
1764565764, meta, 3000, 2714, 3, 0, 370
1764565766, meta, 3000, 2714, 3, 0, 380
1764565766, meta, 10000, 9975, 11, 0, 915
1764565769, meta, 10000, 9975, 11, 0, 880
1764565770, meta, 30000, 30796, 11, 0, 2171
1764565774, meta, 30000, 30796, 14, 0, 2235
1764565777, meta, 100000, 105903, 13, 0, 9111
1764565788, meta, 100000, 105903, 13, 0, 9167
1764569587, meta, 10, 28, 2, 0, 269
1764569589, meta, 10, 28, 2, 0, 336
1764569589, meta, 100, 28, 2, 0, 420
1764569592, meta, 100, 28, 2, 0, 272
1764569592, meta, 1000, 889, 3, 0, 413
1764569595, meta, 1000, 889, 3, 0, 296
1764569595, meta, 3000, 2714, 3, 0, 480
1764569597, meta, 3000, 2714, 3, 0, 460
1764569598, meta, 10000, 9976, 11, 0, 895
1764569601, meta, 10000, 9976, 11, 0, 867
1764569602, meta, 30000, 30796, 12, 0, 2287
1764569606, meta, 30000, 30796, 76, 0, 3245
1764569609, meta, 100000, 105902, 13, 0, 9226
1764569620, meta, 100000, 105902, 10, 0, 2174
1764573407, meta, 10, 28, 2, 0, 294
1764573409, meta, 10, 28, 2, 0, 336
1764573410, meta, 100, 28, 2, 0, 338
1764573412, meta, 100, 28, 2, 0, 340
1764573412, meta, 1000, 889, 3, 0, 323
1764573415, meta, 1000, 889, 3, 0, 312
1764573415, meta, 3000, 2714, 3, 0, 363
1764573417, meta, 3000, 2714, 2, 0, 412
1764573418, meta, 10000, 9975, 11, 0, 910
1764573421, meta, 10000, 9975, 11, 0, 937
1764573422, meta, 30000, 30796, 12, 0, 2180
1764573426, meta, 30000, 30796, 12, 0, 2211
1764573428, meta, 100000, 105902, 9, 0, 9266
1764573439, meta, 100000, 105902, 410, 0, 15386
1764577169, meta, 10, 28, 2, 0, 344
1764577171, meta, 10, 28, 2, 0, 273
1764577171, meta, 100, 28, 2, 0, 305
1764577174, meta, 100, 28, 2, 0, 323
1764577174, meta, 1000, 889, 3, 0, 285
1764577176, meta, 1000, 889, 2, 0, 275
1764577176, meta, 3000, 2714, 2, 0, 375
1764577179, meta, 3000, 2714, 2, 0, 362
1764577179, meta, 10000, 9975, 11, 0, 933
1764577182, meta, 10000, 9975, 12, 0, 901
1764577183, meta, 30000, 30796, 66, 0, 2958
1764577188, meta, 30000, 30796, 11, 0, 779
1764577189, meta, 100000, 105902, 14, 0, 9073
1764577200, meta, 100000, 105902, 9, 0, 3030
1764580905, meta, 10, 28, 2, 0, 271
1764580907, meta, 10, 28, 2, 0, 259
1764580907, meta, 100, 28, 2, 0, 271
1764580910, meta, 100, 28, 2, 0, 368
1764580910, meta, 1000, 889, 3, 0, 385
1764580912, meta, 1000, 889, 3, 0, 364
1764580913, meta, 3000, 2714, 2, 0, 385
1764580915, meta, 3000, 2714, 3, 0, 372
1764580916, meta, 10000, 9975, 11, 0, 900
1764580918, meta, 10000, 9975, 11, 0, 901
1764580919, meta, 30000, 30796, 141, 0, 3955
1764580925, meta, 30000, 30796, 55, 0, 1550
1764580927, meta, 100000, 105904, 13, 0, 9109
1764580938, meta, 100000, 105904, 9, 0, 1866
1764584640, meta, 10, 28, 2, 0, 273
1764584642, meta, 10, 28, 2, 0, 331
1764584643, meta, 100, 28, 2, 0, 273
1764584645, meta, 100, 28, 2, 0, 285
1764584645, meta, 1000, 889, 3, 0, 326
1764584648, meta, 1000, 889, 3, 0, 283
1764584648, meta, 3000, 2714, 3, 0, 399
1764584650, meta, 3000, 2714, 3, 0, 418
1764584651, meta, 10000, 9975, 11, 0, 995
1764584654, meta, 10000, 9975, 11, 0, 885
1764584655, meta, 30000, 30796, 11, 0, 2203
1764584659, meta, 30000, 30796, 8, 0, 783
1764584660, meta, 100000, 105903, 12, 0, 9196
1764584671, meta, 100000, 105903, 12, 0, 9086
1764588461, meta, 10, 28, 2, 0, 344
1764588463, meta, 10, 28, 2, 0, 272
1764588463, meta, 100, 28, 2, 0, 263
1764588466, meta, 100, 28, 2, 0, 299
1764588466, meta, 1000, 889, 3, 0, 299
1764588468, meta, 1000, 889, 3, 0, 306
1764588468, meta, 3000, 2714, 3, 0, 386
1764588471, meta, 3000, 2714, 3, 0, 335
1764588471, meta, 10000, 9975, 11, 0, 966
1764588474, meta, 10000, 9975, 11, 0, 534
1764588475, meta, 30000, 30796, 12, 0, 2222
1764588479, meta, 30000, 30796, 12, 0, 793
1764588480, meta, 100000, 105902, 13, 0, 9302
1764588491, meta, 100000, 105902, 11, 0, 2668
1764592202, meta, 10, 28, 2, 0, 313
1764592204, meta, 10, 28, 2, 0, 277
1764592205, meta, 100, 28, 2, 0, 290
1764592207, meta, 100, 28, 2, 0, 260
1764592207, meta, 1000, 889, 3, 0, 306
1764592209, meta, 1000, 889, 3, 0, 327
1764592210, meta, 3000, 2714, 3, 0, 380
1764592212, meta, 3000, 2714, 3, 0, 374
1764592213, meta, 10000, 9975, 11, 0, 850
1764592215, meta, 10000, 9975, 12, 0, 554
1764592216, meta, 30000, 30796, 86, 0, 3215
1764592221, meta, 30000, 30796, 289, 0, 6111
1764592227, meta, 100000, 105903, 10, 0, 9108
1764592238, meta, 100000, 105903, 9, 0, 2063
1764595947, meta, 10, 28, 2, 0, 280
1764595949, meta, 10, 28, 2, 0, 265
1764595950, meta, 100, 28, 2, 0, 284
1764595952, meta, 100, 28, 2, 0, 283
1764595952, meta, 1000, 889, 3, 0, 291
1764595954, meta, 1000, 889, 3, 0, 348
1764595955, meta, 3000, 2714, 3, 0, 486
1764595957, meta, 3000, 2714, 3, 0, 479
1764595958, meta, 10000, 9975, 11, 0, 1006
1764595961, meta, 10000, 9975, 11, 0, 935
1764595962, meta, 30000, 30796, 150, 0, 3785
1764595967, meta, 30000, 30796, 35, 0, 1295
1764595969, meta, 100000, 105901, 11, 0, 8993
1764595980, meta, 100000, 105901, 9, 0, 1946
1764599775, meta, 10, 28, 2, 0, 419
1764599777, meta, 10, 28, 2, 0, 310
1764599777, meta, 100, 28, 2, 0, 402
1764599780, meta, 100, 28, 2, 0, 289
1764599780, meta, 1000, 890, 3, 0, 369
1764599782, meta, 1000, 890, 3, 0, 330
1764599783, meta, 3000, 2714, 3, 0, 441
1764599785, meta, 3000, 2714, 3, 0, 415
1764599786, meta, 10000, 9975, 12, 0, 949
1764599789, meta, 10000, 9975, 11, 0, 630
1764599789, meta, 30000, 30796, 13, 0, 2392
1764599794, meta, 30000, 30796, 48, 0, 1598
1764599795, meta, 100000, 105902, 9, 0, 9126
1764599806, meta, 100000, 105902, 12, 0, 2049
1764603526, meta, 10, 28, 2, 0, 397
1764603528, meta, 10, 28, 2, 0, 306
1764603528, meta, 100, 28, 2, 0, 282
1764603531, meta, 100, 28, 2, 0, 253
1764603531, meta, 1000, 889, 2, 0, 357
1764603533, meta, 1000, 889, 2, 0, 331
1764603534, meta, 3000, 2714, 3, 0, 422
1764603536, meta, 3000, 2714, 3, 0, 367
1764603536, meta, 10000, 9977, 11, 0, 898
1764603539, meta, 10000, 9977, 11, 0, 879
1764603540, meta, 30000, 30796, 71, 0, 3074
1764603545, meta, 30000, 30796, 78, 0, 1672
1764603547, meta, 100000, 105905, 12, 0, 9021
1764603558, meta, 100000, 105905, 12, 0, 1837
1764607353, meta, 10, 28, 2, 0, 347
1764607355, meta, 10, 28, 2, 0, 270
1764607355, meta, 100, 28, 2, 0, 275
1764607358, meta, 100, 28, 2, 0, 266
1764607358, meta, 1000, 889, 3, 0, 386
1764607360, meta, 1000, 889, 3, 0, 287
1764607361, meta, 3000, 2715, 3, 0, 473
1764607363, meta, 3000, 2715, 3, 0, 427
1764607364, meta, 10000, 9975, 11, 0, 957
1764607367, meta, 10000, 9975, 11, 0, 964
1764607368, meta, 30000, 30796, 51, 0, 2738
1764607372, meta, 30000, 30796, 275, 0, 5981
1764607378, meta, 100000, 105903, 12, 0, 8977
1764607389, meta, 100000, 105903, 453, 0, 9212
1764611189, meta, 10, 28, 2, 0, 281
1764611191, meta, 10, 28, 2, 0, 337
1764611192, meta, 100, 28, 2, 0, 294
1764611194, meta, 100, 28, 2, 0, 304
1764611194, meta, 1000, 889, 3, 0, 295
1764611197, meta, 1000, 889, 3, 0, 305
1764611197, meta, 3000, 2714, 3, 0, 379
1764611199, meta, 3000, 2714, 3, 0, 352
1764611200, meta, 10000, 9975, 11, 0, 886
1764611203, meta, 10000, 9975, 8, 0, 865
1764611203, meta, 30000, 30797, 14, 0, 2202
1764611208, meta, 30000, 30797, 87, 0, 3205
1764611211, meta, 100000, 105903, 9, 0, 9257
1764611222, meta, 100000, 105903, 11, 0, 8944
1764615021, meta, 10, 28, 2, 0, 327
1764615023, meta, 10, 28, 2, 0, 281
1764615023, meta, 100, 28, 2, 0, 339
1764615025, meta, 100, 28, 2, 0, 330
1764615026, meta, 1000, 889, 2, 0, 307
1764615028, meta, 1000, 889, 2, 0, 292
1764615028, meta, 3000, 2714, 3, 0, 376
1764615031, meta, 3000, 2714, 3, 0, 365
1764615031, meta, 10000, 9975, 11, 0, 939
1764615034, meta, 10000, 9975, 11, 0, 896
1764615035, meta, 30000, 30796, 9, 0, 2176
1764615039, meta, 30000, 30796, 150, 0, 4212
1764615043, meta, 100000, 105903, 13, 0, 9158
1764615055, meta, 100000, 105903, 1018, 0, 18737
1764618861, meta, 10, 28, 2, 0, 275
1764618863, meta, 10, 28, 2, 0, 316
1764618864, meta, 100, 28, 2, 0, 261
1764618866, meta, 100, 28, 2, 0, 259
1764618866, meta, 1000, 889, 3, 0, 301
1764618868, meta, 1000, 889, 3, 0, 320
1764618869, meta, 3000, 2714, 3, 0, 339
1764618871, meta, 3000, 2714, 3, 0, 342
1764618871, meta, 10000, 9975, 11, 0, 869
1764618874, meta, 10000, 9975, 11, 0, 902
1764618875, meta, 30000, 30796, 54, 0, 2740
1764618880, meta, 30000, 30796, 107, 0, 2241
1764618882, meta, 100000, 105902, 10, 0, 8967
1764618893, meta, 100000, 105902, 11, 0, 8991
1764622606, meta, 10, 28, 2, 0, 281
1764622609, meta, 10, 28, 2, 0, 325
1764622609, meta, 100, 28, 2, 0, 287
1764622611, meta, 100, 28, 2, 0, 275
1764622612, meta, 1000, 889, 2, 0, 287
1764622614, meta, 1000, 889, 2, 0, 288
1764622614, meta, 3000, 2714, 3, 0, 413
1764622617, meta, 3000, 2714, 2, 0, 370
1764622617, meta, 10000, 9975, 11, 0, 914
1764622620, meta, 10000, 9975, 11, 0, 896
1764622621, meta, 30000, 30796, 12, 0, 2211
1764622625, meta, 30000, 30796, 12, 0, 947
1764622626, meta, 100000, 105902, 10, 0, 9242
1764622637, meta, 100000, 105902, 8, 0, 1897
1764626451, meta, 10, 28, 2, 0, 418
1764626453, meta, 10, 28, 2, 0, 268
1764626453, meta, 100, 28, 2, 0, 335
1764626456, meta, 100, 28, 2, 0, 251
1764626456, meta, 1000, 889, 2, 0, 382
1764626458, meta, 1000, 889, 2, 0, 311
1764626459, meta, 3000, 2714, 3, 0, 380
1764626461, meta, 3000, 2714, 3, 0, 463
1764626461, meta, 10000, 9975, 11, 0, 877
1764626464, meta, 10000, 9975, 11, 0, 1008
1764626465, meta, 30000, 30796, 10, 0, 2187
1764626469, meta, 30000, 30796, 11, 0, 1009
1764626470, meta, 100000, 105902, 564, 0, 17410
1764626490, meta, 100000, 105902, 10, 0, 2113
1764630337, meta, 10, 28, 2, 0, 255
1764630339, meta, 10, 28, 2, 0, 259
1764630340, meta, 100, 28, 2, 0, 274
1764630342, meta, 100, 28, 2, 0, 260
1764630342, meta, 1000, 889, 3, 0, 290
1764630344, meta, 1000, 889, 3, 0, 273
1764630345, meta, 3000, 2714, 3, 0, 425
1764630347, meta, 3000, 2714, 3, 0, 455
1764630348, meta, 10000, 9975, 3, 0, 810
1764630350, meta, 10000, 9975, 11, 0, 873
1764630351, meta, 30000, 30796, 11, 0, 2239
1764630356, meta, 30000, 30796, 11, 0, 2274
1764630358, meta, 100000, 105903, 13, 0, 9083
1764630369, meta, 100000, 105903, 536, 0, 17369
1764634105, meta, 10, 28, 2, 0, 287
1764634107, meta, 10, 28, 2, 0, 275
1764634108, meta, 100, 28, 2, 0, 338
1764634110, meta, 100, 28, 2, 0, 284
1764634110, meta, 1000, 889, 3, 0, 384
1764634113, meta, 1000, 889, 3, 0, 282
1764634113, meta, 3000, 2714, 2, 0, 372
1764634115, meta, 3000, 2714, 2, 0, 340
1764634116, meta, 10000, 9975, 11, 0, 907
1764634119, meta, 10000, 9975, 12, 0, 923
1764634120, meta, 30000, 30796, 11, 0, 2251
1764634124, meta, 30000, 30796, 55, 0, 1388
1764634125, meta, 100000, 105902, 12, 0, 8987
1764634136, meta, 100000, 105902, 13, 0, 1928
1764637842, meta, 10, 28, 2, 0, 276
1764637844, meta, 10, 28, 2, 0, 336
1764637845, meta, 100, 28, 2, 0, 265
1764637847, meta, 100, 28, 2, 0, 272
1764637847, meta, 1000, 889, 3, 0, 284
1764637850, meta, 1000, 889, 3, 0, 288
1764637850, meta, 3000, 2714, 3, 0, 366
1764637852, meta, 3000, 2714, 3, 0, 422
1764637853, meta, 10000, 9975, 11, 0, 901
1764637856, meta, 10000, 9975, 11, 0, 895
1764637857, meta, 30000, 30796, 11, 0, 2232
1764637861, meta, 30000, 30796, 11, 0, 835
1764637862, meta, 100000, 105902, 55, 0, 9713
1764637873, meta, 100000, 105902, 12, 0, 2079
1764641660, meta, 10, 28, 2, 0, 250
1764641662, meta, 10, 28, 2, 0, 264
1764641662, meta, 100, 28, 2, 0, 356
1764641665, meta, 100, 28, 2, 0, 315
1764641665, meta, 1000, 889, 3, 0, 286
1764641667, meta, 1000, 889, 3, 0, 287
1764641667, meta, 3000, 2714, 3, 0, 411
1764641670, meta, 3000, 2714, 3, 0, 372
1764641670, meta, 10000, 9976, 3, 0, 850
1764641673, meta, 10000, 9976, 11, 0, 575
1764641674, meta, 30000, 30796, 14, 0, 2250
1764641678, meta, 30000, 30796, 32, 0, 2497
1764641680, meta, 100000, 105903, 13, 0, 9034
1764641691, meta, 100000, 105903, 11, 0, 8938
1764645413, meta, 10, 28, 2, 0, 344
1764645416, meta, 10, 28, 2, 0, 285
1764645416, meta, 100, 28, 2, 0, 362
1764645418, meta, 100, 28, 2, 0, 262
1764645419, meta, 1000, 889, 3, 0, 298
1764645421, meta, 1000, 889, 2, 0, 332
1764645421, meta, 3000, 2715, 3, 0, 480
1764645424, meta, 3000, 2715, 3, 0, 361
1764645424, meta, 10000, 9975, 3, 0, 834
1764645427, meta, 10000, 9975, 3, 0, 478
1764645427, meta, 30000, 30796, 12, 0, 2243
1764645432, meta, 30000, 30796, 11, 0, 871
1764645433, meta, 100000, 105902, 12, 0, 9258
1764645444, meta, 100000, 105902, 384, 0, 8322
1764649215, meta, 10, 28, 2, 0, 256
1764649218, meta, 10, 28, 2, 0, 369
1764649218, meta, 100, 28, 2, 0, 264
1764649220, meta, 100, 28, 2, 0, 273
1764649220, meta, 1000, 889, 3, 0, 285
1764649223, meta, 1000, 889, 3, 0, 353
1764649223, meta, 3000, 2714, 3, 0, 368
1764649225, meta, 3000, 2714, 3, 0, 398
1764649226, meta, 10000, 9975, 11, 0, 902
1764649229, meta, 10000, 9975, 11, 0, 870
1764649230, meta, 30000, 30798, 24, 0, 2358
1764649234, meta, 30000, 30798, 11, 0, 2167
1764649236, meta, 100000, 105901, 11, 0, 8951
1764649247, meta, 100000, 105901, 436, 0, 15692
1764652973, meta, 10, 28, 2, 0, 290
1764652975, meta, 10, 28, 2, 0, 272
1764652975, meta, 100, 28, 2, 0, 268
1764652978, meta, 100, 28, 2, 0, 316
1764652978, meta, 1000, 889, 3, 0, 353
1764652980, meta, 1000, 889, 3, 0, 283
1764652981, meta, 3000, 2714, 3, 0, 435
1764652983, meta, 3000, 2714, 3, 0, 536
1764652984, meta, 10000, 9975, 11, 0, 914
1764652987, meta, 10000, 9975, 11, 0, 590
1764652987, meta, 30000, 30796, 11, 0, 2232
1764652991, meta, 30000, 30796, 94, 0, 2141
1764652994, meta, 100000, 105902, 13, 0, 9071
1764653005, meta, 100000, 105902, 9, 0, 1942
1764656796, meta, 10, 28, 2, 0, 254
1764656798, meta, 10, 28, 2, 0, 280
1764656798, meta, 100, 28, 2, 0, 266
1764656800, meta, 100, 28, 2, 0, 271
1764656801, meta, 1000, 889, 2, 0, 358
1764656803, meta, 1000, 889, 2, 0, 359
1764656803, meta, 3000, 2714, 3, 0, 381
1764656806, meta, 3000, 2714, 3, 0, 358
1764656806, meta, 10000, 9975, 11, 0, 919
1764656809, meta, 10000, 9975, 11, 0, 597
1764656810, meta, 30000, 30796, 12, 0, 2182
1764656814, meta, 30000, 30796, 11, 0, 2131
1764656816, meta, 100000, 105903, 15, 0, 9166
1764656827, meta, 100000, 105903, 311, 0, 13927
1764660650, meta, 10, 28, 2, 0, 295
1764660652, meta, 10, 28, 2, 0, 267
1764660653, meta, 100, 28, 2, 0, 266
1764660655, meta, 100, 28, 2, 0, 321
1764660655, meta, 1000, 889, 3, 0, 340
1764660658, meta, 1000, 889, 3, 0, 291
1764660658, meta, 3000, 2714, 3, 0, 383
1764660660, meta, 3000, 2714, 3, 0, 458
1764660661, meta, 10000, 9975, 11, 0, 848
1764660664, meta, 10000, 9975, 11, 0, 1042
1764660665, meta, 30000, 30796, 10, 0, 2255
1764660669, meta, 30000, 30796, 200, 0, 4648
1764660673, meta, 100000, 105901, 432, 0, 15039
1764660691, meta, 100000, 105901, 12, 0, 9012
1764664488, meta, 10, 28, 2, 0, 294
1764664490, meta, 10, 28, 2, 0, 287
1764664490, meta, 100, 28, 2, 0, 262
1764664493, meta, 100, 28, 2, 0, 265
1764664493, meta, 1000, 889, 3, 0, 292
1764664495, meta, 1000, 889, 3, 0, 319
1764664495, meta, 3000, 2714, 3, 0, 388
1764664498, meta, 3000, 2714, 3, 0, 340
1764664498, meta, 10000, 9975, 11, 0, 926
1764664501, meta, 10000, 9975, 11, 0, 609
1764664502, meta, 30000, 30796, 22, 0, 2416
1764664506, meta, 30000, 30796, 87, 0, 3320
1764664509, meta, 100000, 105903, 322, 0, 13784
1764664525, meta, 100000, 105903, 356, 0, 14482
1764668292, meta, 10, 28, 2, 0, 393
1764668294, meta, 10, 28, 2, 0, 365
1764668294, meta, 100, 28, 2, 0, 336
1764668297, meta, 100, 28, 2, 0, 363
1764668297, meta, 1000, 889, 2, 0, 383
1764668299, meta, 1000, 889, 3, 0, 353
1764668300, meta, 3000, 2714, 3, 0, 431
1764668302, meta, 3000, 2714, 3, 0, 391
1764668303, meta, 10000, 9975, 11, 0, 938
1764668306, meta, 10000, 9975, 11, 0, 609
1764668306, meta, 30000, 30796, 202, 0, 4659
1764668313, meta, 30000, 30796, 102, 0, 3482
1764668316, meta, 100000, 105902, 11, 0, 9292
1764668328, meta, 100000, 105902, 13, 0, 2382
1764672045, meta, 10, 28, 2, 0, 259
1764672048, meta, 10, 28, 2, 0, 260
1764672048, meta, 100, 28, 2, 0, 267
1764672050, meta, 100, 28, 2, 0, 258
1764672050, meta, 1000, 889, 3, 0, 291
1764672053, meta, 1000, 889, 3, 0, 280
1764672053, meta, 3000, 2714, 3, 0, 443
1764672055, meta, 3000, 2714, 3, 0, 370
1764672056, meta, 10000, 9975, 11, 0, 988
1764672059, meta, 10000, 9975, 11, 0, 880
1764672060, meta, 30000, 30796, 10, 0, 2163
1764672064, meta, 30000, 30796, 340, 0, 6640
1764672071, meta, 100000, 105902, 9, 0, 8995
1764672082, meta, 100000, 105902, 8, 0, 2101
1764675791, meta, 10, 28, 2, 0, 258
1764675793, meta, 10, 28, 2, 0, 327
1764675793, meta, 100, 28, 2, 0, 341
1764675796, meta, 100, 28, 2, 0, 266
1764675796, meta, 1000, 889, 3, 0, 358
1764675798, meta, 1000, 889, 3, 0, 339
1764675799, meta, 3000, 2714, 3, 0, 353
1764675801, meta, 3000, 2714, 3, 0, 367
1764675801, meta, 10000, 9975, 11, 0, 861
1764675804, meta, 10000, 9975, 11, 0, 581
1764675805, meta, 30000, 30796, 9, 0, 2136
1764675809, meta, 30000, 30796, 11, 0, 2227
1764675811, meta, 100000, 105903, 13, 0, 9048
1764675822, meta, 100000, 105903, 449, 0, 8696
1764679541, meta, 10, 28, 2, 0, 370
1764679543, meta, 10, 28, 2, 0, 348
1764679543, meta, 100, 28, 2, 0, 374
1764679546, meta, 100, 28, 2, 0, 260
1764679546, meta, 1000, 889, 3, 0, 274
1764679548, meta, 1000, 889, 2, 0, 340
1764679549, meta, 3000, 2714, 3, 0, 431
1764679551, meta, 3000, 2714, 3, 0, 352
1764679552, meta, 10000, 9976, 11, 0, 893
1764679554, meta, 10000, 9976, 11, 0, 887
1764679555, meta, 30000, 30796, 12, 0, 2241
1764679560, meta, 30000, 30796, 122, 0, 3765
1764679563, meta, 100000, 105902, 13, 0, 9038
1764679574, meta, 100000, 105902, 11, 0, 1849
1764683370, meta, 10, 28, 2, 0, 256
1764683372, meta, 10, 28, 2, 0, 283
1764683373, meta, 100, 28, 2, 0, 273
1764683375, meta, 100, 28, 2, 0, 283
1764683375, meta, 1000, 889, 2, 0, 286
1764683377, meta, 1000, 889, 2, 0, 344
1764683378, meta, 3000, 2715, 3, 0, 362
1764683380, meta, 3000, 2715, 3, 0, 371
1764683381, meta, 10000, 9975, 11, 0, 949
1764683384, meta, 10000, 9975, 11, 0, 939
1764683384, meta, 30000, 30796, 11, 0, 2183
1764683389, meta, 30000, 30796, 11, 0, 1058
1764683390, meta, 100000, 105902, 11, 0, 9121
1764683401, meta, 100000, 105902, 11, 0, 2145
1764687189, meta, 10, 28, 2, 0, 348
1764687191, meta, 10, 28, 2, 0, 263
1764687191, meta, 100, 28, 2, 0, 267
1764687194, meta, 100, 28, 2, 0, 257
1764687194, meta, 1000, 889, 2, 0, 385
1764687196, meta, 1000, 889, 2, 0, 324
1764687197, meta, 3000, 2715, 3, 0, 450
1764687199, meta, 3000, 2715, 3, 0, 378
1764687200, meta, 10000, 9975, 11, 0, 901
1764687202, meta, 10000, 9975, 11, 0, 932
1764687203, meta, 30000, 0, 0, 0, 57898
1764687263, meta, 30000, 30796, 95, 0, 2042
1764687265, meta, 100000, 105902, 459, 0, 15762
1764687283, meta, 100000, 105902, 504, 0, 9476
1764691008, meta, 10, 28, 2, 0, 271
1764691011, meta, 10, 28, 2, 0, 299
1764691011, meta, 100, 28, 2, 0, 265
1764691013, meta, 100, 28, 2, 0, 274
1764691013, meta, 1000, 889, 3, 0, 319
1764691016, meta, 1000, 889, 2, 0, 289
1764691016, meta, 3000, 2714, 3, 0, 464
1764691019, meta, 3000, 2714, 3, 0, 340
1764691019, meta, 10000, 9975, 11, 0, 942
1764691022, meta, 10000, 9975, 11, 0, 915
1764691023, meta, 30000, 30796, 40, 0, 2624
1764691027, meta, 30000, 30796, 10, 0, 2235
1764691030, meta, 100000, 105903, 207, 0, 12288
1764691044, meta, 100000, 105903, 9, 0, 9068
1764694759, meta, 10, 28, 2, 0, 258
1764694762, meta, 10, 28, 2, 0, 266
1764694762, meta, 100, 28, 2, 0, 277
1764694764, meta, 100, 28, 2, 0, 333
1764694764, meta, 1000, 889, 3, 0, 381
1764694767, meta, 1000, 889, 3, 0, 355
1764694767, meta, 3000, 2714, 3, 0, 542
1764694770, meta, 3000, 2714, 3, 0, 340
1764694770, meta, 10000, 9975, 11, 0, 885
1764694773, meta, 10000, 9975, 11, 0, 558
1764694773, meta, 30000, 30796, 91, 0, 3415
1764694779, meta, 30000, 30796, 10, 0, 931
1764694780, meta, 100000, 105902, 13, 0, 9021
1764694791, meta, 100000, 105902, 13, 0, 9010
1764698585, meta, 10, 28, 2, 0, 330
1764698587, meta, 10, 28, 2, 0, 333
1764698587, meta, 100, 28, 2, 0, 264
1764698590, meta, 100, 28, 2, 0, 255
1764698590, meta, 1000, 889, 3, 0, 295
1764698592, meta, 1000, 889, 3, 0, 308
1764698592, meta, 3000, 2714, 3, 0, 373
1764698595, meta, 3000, 2714, 3, 0, 363
1764698595, meta, 10000, 9975, 11, 0, 885
1764698598, meta, 10000, 9975, 11, 0, 1083
1764698599, meta, 30000, 30796, 109, 0, 3691
1764698605, meta, 30000, 30796, 242, 0, 5229
1764698610, meta, 100000, 105902, 13, 0, 8957
1764698621, meta, 100000, 105902, 10, 0, 1901
1764702522, meta, 10, 28, 2, 0, 317
1764702525, meta, 10, 28, 2, 0, 350
1764702525, meta, 100, 28, 2, 0, 340
1764702527, meta, 100, 28, 2, 0, 353
1764702528, meta, 1000, 890, 3, 0, 320
1764702530, meta, 1000, 890, 3, 0, 356
1764702530, meta, 3000, 2714, 3, 0, 383
1764702533, meta, 3000, 2714, 3, 0, 393
1764702533, meta, 10000, 9975, 11, 0, 887
1764702536, meta, 10000, 9975, 11, 0, 946
1764702537, meta, 30000, 30796, 12, 0, 2250
1764702541, meta, 30000, 30796, 11, 0, 2278
1764702543, meta, 100000, 105902, 9, 0, 9044
1764702554, meta, 100000, 105902, 9, 0, 1746
1764706269, meta, 10, 28, 2, 0, 276
1764706271, meta, 10, 28, 2, 0, 330
1764706271, meta, 100, 28, 2, 0, 306
1764706274, meta, 100, 28, 2, 0, 287
1764706274, meta, 1000, 889, 3, 0, 372
1764706276, meta, 1000, 889, 3, 0, 295
1764706277, meta, 3000, 2714, 3, 0, 368
1764706279, meta, 3000, 2714, 3, 0, 359
1764706279, meta, 10000, 9975, 11, 0, 926
1764706282, meta, 10000, 9975, 12, 0, 554
1764706283, meta, 30000, 30796, 12, 0, 2228
1764706287, meta, 30000, 30796, 11, 0, 2223
1764706289, meta, 100000, 105902, 9, 0, 8976
1764706300, meta, 100000, 105902, 13, 0, 9164
1764710011, meta, 10, 28, 2, 0, 267
1764710013, meta, 10, 28, 2, 0, 338
1764710013, meta, 100, 28, 2, 0, 315
1764710016, meta, 100, 28, 2, 0, 273
1764710016, meta, 1000, 890, 3, 0, 371
1764710018, meta, 1000, 890, 3, 0, 297
1764710019, meta, 3000, 2714, 3, 0, 461
1764710021, meta, 3000, 2714, 3, 0, 373
1764710021, meta, 10000, 9975, 11, 0, 940
1764710024, meta, 10000, 9975, 11, 0, 548
1764710025, meta, 30000, 30796, 267, 0, 5511
1764710032, meta, 30000, 30796, 12, 0, 2263
1764710035, meta, 100000, 105902, 12, 0, 9074
1764710046, meta, 100000, 105902, 16, 0, 8997
1764713909, meta, 10, 28, 2, 0, 274
1764713912, meta, 10, 28, 2, 0, 271
1764713912, meta, 100, 28, 2, 0, 259
1764713914, meta, 100, 28, 2, 0, 257
1764713914, meta, 1000, 889, 2, 0, 374
1764713917, meta, 1000, 889, 2, 0, 297
1764713917, meta, 3000, 2714, 3, 0, 419
1764713919, meta, 3000, 2714, 3, 0, 449
1764713920, meta, 10000, 9975, 3, 0, 853
1764713923, meta, 10000, 9975, 11, 0, 514
1764713923, meta, 30000, 30796, 14, 0, 2322
1764713928, meta, 30000, 30796, 11, 0, 930
1764713929, meta, 100000, 105901, 364, 0, 14570
1764713945, meta, 100000, 105901, 242, 0, 5576
1764717655, meta, 10, 28, 2, 0, 267
1764717658, meta, 10, 28, 2, 0, 318
1764717658, meta, 100, 28, 2, 0, 310
1764717660, meta, 100, 28, 2, 0, 262
1764717661, meta, 1000, 889, 3, 0, 283
1764717663, meta, 1000, 889, 3, 0, 285
1764717663, meta, 3000, 2714, 3, 0, 444
1764717666, meta, 3000, 2714, 3, 0, 369
1764717666, meta, 10000, 9975, 11, 0, 887
1764717669, meta, 10000, 9975, 11, 0, 569
1764717669, meta, 30000, 30796, 11, 0, 2232
1764717674, meta, 30000, 30796, 70, 0, 1644
1764717675, meta, 100000, 105901, 9, 0, 8972
1764717686, meta, 100000, 0, 0, 0, 57482
1764721463, meta, 10, 28, 2, 0, 336
1764721465, meta, 10, 28, 2, 0, 374
1764721465, meta, 100, 28, 2, 0, 312
1764721468, meta, 100, 28, 2, 0, 292
1764721468, meta, 1000, 889, 3, 0, 347
1764721470, meta, 1000, 889, 3, 0, 366
1764721471, meta, 3000, 2714, 2, 0, 379
1764721473, meta, 3000, 2714, 2, 0, 386
1764721473, meta, 10000, 9975, 3, 0, 884
1764721476, meta, 10000, 9975, 12, 0, 920
1764721477, meta, 30000, 30796, 12, 0, 2165
1764721481, meta, 30000, 30796, 11, 0, 2252
1764721484, meta, 100000, 105903, 293, 0, 13739
1764721499, meta, 100000, 105903, 269, 0, 13264
1764725310, meta, 10, 28, 2, 0, 321
1764725312, meta, 10, 28, 2, 0, 261
1764725312, meta, 100, 28, 2, 0, 265
1764725315, meta, 100, 28, 2, 0, 281
1764725315, meta, 1000, 889, 3, 0, 319
1764725317, meta, 1000, 889, 2, 0, 311
1764725318, meta, 3000, 2714, 3, 0, 370
1764725320, meta, 3000, 2714, 3, 0, 463
1764725320, meta, 10000, 9975, 11, 0, 887
1764725323, meta, 10000, 9975, 11, 0, 608
1764725324, meta, 30000, 30796, 58, 0, 2887
1764725329, meta, 30000, 30796, 285, 0, 5756
1764725335, meta, 100000, 105902, 9, 0, 8924
1764725346, meta, 100000, 105902, 14, 0, 2149
1764729054, meta, 10, 28, 2, 0, 339
1764729057, meta, 10, 28, 2, 0, 372
1764729057, meta, 100, 28, 2, 0, 341
1764729059, meta, 100, 28, 2, 0, 354
1764729060, meta, 1000, 889, 2, 0, 386
1764729062, meta, 1000, 889, 2, 0, 391
1764729063, meta, 3000, 2714, 3, 0, 394
1764729065, meta, 3000, 2714, 3, 0, 374
1764729065, meta, 10000, 9975, 11, 0, 976
1764729068, meta, 10000, 9975, 11, 0, 886
1764729069, meta, 30000, 30796, 11, 0, 2293
1764729073, meta, 30000, 30796, 14, 0, 2302
1764729076, meta, 100000, 105903, 11, 0, 9077
1764729087, meta, 100000, 105903, 286, 0, 8718
1764732798, meta, 10, 28, 2, 0, 327
1764732801, meta, 10, 28, 2, 0, 269
1764732801, meta, 100, 28, 2, 0, 258
1764732803, meta, 100, 28, 2, 0, 272
1764732803, meta, 1000, 889, 3, 0, 301
1764732806, meta, 1000, 889, 3, 0, 299
1764732806, meta, 3000, 2714, 3, 0, 383
1764732808, meta, 3000, 2714, 3, 0, 389
1764732809, meta, 10000, 9975, 11, 0, 875
1764732812, meta, 10000, 9975, 11, 0, 541
1764732812, meta, 30000, 30796, 257, 0, 5107
1764732819, meta, 30000, 30796, 11, 0, 2184
1764732821, meta, 100000, 105902, 58, 0, 9927
1764732833, meta, 100000, 105902, 60, 0, 9704
1764736637, meta, 10, 28, 2, 0, 342
1764736639, meta, 10, 28, 2, 0, 262
1764736640, meta, 100, 28, 2, 0, 343
1764736642, meta, 100, 28, 2, 0, 270
1764736642, meta, 1000, 890, 3, 0, 371
1764736645, meta, 1000, 890, 3, 0, 295
1764736645, meta, 3000, 2714, 3, 0, 427
1764736647, meta, 3000, 2714, 3, 0, 438
1764736648, meta, 10000, 9975, 11, 0, 882
1764736651, meta, 10000, 9975, 11, 0, 906
1764736652, meta, 30000, 30796, 11, 0, 2210
1764736656, meta, 30000, 30796, 10, 0, 2206
1764736658, meta, 100000, 105902, 434, 0, 15563
1764736676, meta, 100000, 105902, 9, 0, 8805
1764740397, meta, 10, 28, 2, 0, 372
1764740399, meta, 10, 28, 2, 0, 288
1764740399, meta, 100, 28, 2, 0, 349
1764740402, meta, 100, 28, 2, 0, 267
1764740402, meta, 1000, 889, 3, 0, 306
1764740404, meta, 1000, 889, 3, 0, 265
1764740405, meta, 3000, 2714, 3, 0, 438
1764740407, meta, 3000, 2714, 3, 0, 336
1764740407, meta, 10000, 9975, 11, 0, 1032
1764740410, meta, 10000, 9975, 11, 0, 530
1764740411, meta, 30000, 30796, 62, 0, 2861
1764740416, meta, 30000, 30796, 11, 0, 2163
1764740418, meta, 100000, 105903, 9, 0, 9008
1764740429, meta, 100000, 105903, 388, 0, 7972
1764744136, meta, 10, 28, 2, 0, 260
1764744138, meta, 10, 28, 2, 0, 260
1764744138, meta, 100, 28, 2, 0, 276
1764744141, meta, 100, 28, 2, 0, 337
1764744141, meta, 1000, 889, 2, 0, 397
1764744143, meta, 1000, 889, 2, 0, 297
1764744144, meta, 3000, 2714, 3, 0, 338
1764744146, meta, 3000, 2714, 3, 0, 357
1764744146, meta, 10000, 9975, 11, 0, 889
1764744149, meta, 10000, 9975, 11, 0, 578
1764744150, meta, 30000, 30796, 91, 0, 3165
1764744155, meta, 30000, 30796, 11, 0, 908
1764744156, meta, 100000, 105903, 9, 0, 8977
1764744167, meta, 100000, 105903, 13, 0, 2391
1764747966, meta, 10, 28, 2, 0, 350
1764747969, meta, 10, 28, 2, 0, 285
1764747969, meta, 100, 28, 2, 0, 256
1764747971, meta, 100, 28, 2, 0, 332
1764747972, meta, 1000, 889, 3, 0, 375
1764747974, meta, 1000, 889, 3, 0, 325
1764747974, meta, 3000, 2714, 3, 0, 400
1764747977, meta, 3000, 2714, 3, 0, 351
1764747977, meta, 10000, 9975, 11, 0, 880
1764747980, meta, 10000, 9975, 11, 0, 611
1764747981, meta, 30000, 30796, 11, 0, 2320
1764747985, meta, 30000, 0, 0, 0, 58790
1764748044, meta, 100000, 105902, 13, 0, 9073
1764748055, meta, 100000, 105902, 379, 0, 7926
1764751858, meta, 10, 28, 2, 0, 331
1764751860, meta, 10, 28, 2, 0, 523
1764751861, meta, 100, 28, 2, 0, 349
1764751863, meta, 100, 28, 2, 0, 269
1764751864, meta, 1000, 889, 2, 0, 318
1764751866, meta, 1000, 889, 2, 0, 360
1764751866, meta, 3000, 2714, 3, 0, 553
1764751869, meta, 3000, 2714, 3, 0, 391
1764751869, meta, 10000, 9975, 11, 0, 1018
1764751872, meta, 10000, 9975, 11, 0, 876
1764751873, meta, 30000, 30796, 12, 0, 2331
1764751877, meta, 30000, 30796, 12, 0, 2175
1764751880, meta, 100000, 105901, 9, 0, 9092
1764751891, meta, 100000, 105901, 487, 0, 9930
1764755626, meta, 10, 28, 2, 0, 336
1764755628, meta, 10, 28, 2, 0, 341
1764755629, meta, 100, 28, 2, 0, 321
1764755631, meta, 100, 28, 2, 0, 317
1764755631, meta, 1000, 889, 3, 0, 329
1764755634, meta, 1000, 889, 3, 0, 327
1764755634, meta, 3000, 2714, 3, 0, 400
1764755636, meta, 3000, 2714, 3, 0, 402
1764755637, meta, 10000, 9975, 11, 0, 1017
1764755640, meta, 10000, 9975, 11, 0, 585
1764755640, meta, 30000, 30796, 147, 0, 4366
1764755647, meta, 30000, 30796, 29, 0, 2668
1764755649, meta, 100000, 105902, 9, 0, 9013
1764755660, meta, 100000, 105902, 11, 0, 2127
1764759580, meta, 10, 28, 2, 0, 301
1764759582, meta, 10, 28, 2, 0, 264
1764759582, meta, 100, 28, 2, 0, 271
1764759585, meta, 100, 28, 2, 0, 262
1764759585, meta, 1000, 889, 3, 0, 324
1764759587, meta, 1000, 889, 3, 0, 314
1764759588, meta, 3000, 2714, 2, 0, 462
1764759590, meta, 3000, 2714, 2, 0, 386
1764759590, meta, 10000, 9975, 12, 0, 902
1764759593, meta, 10000, 9975, 11, 0, 549
1764759594, meta, 30000, 30796, 230, 0, 5062
1764759601, meta, 30000, 30796, 11, 0, 948
1764759602, meta, 100000, 105902, 460, 0, 15736
1764759620, meta, 100000, 105902, 12, 0, 2181
1764763388, meta, 10, 28, 2, 0, 418
1764763390, meta, 10, 28, 2, 0, 306
1764763391, meta, 100, 28, 2, 0, 277
1764763393, meta, 100, 28, 2, 0, 272
1764763393, meta, 1000, 889, 3, 0, 285
1764763396, meta, 1000, 889, 3, 0, 279
1764763396, meta, 3000, 2714, 3, 0, 409
1764763398, meta, 3000, 2714, 3, 0, 429
1764763399, meta, 10000, 9975, 11, 0, 891
1764763402, meta, 10000, 9975, 11, 0, 529
1764763402, meta, 30000, 30796, 12, 0, 2317
1764763406, meta, 30000, 30796, 11, 0, 835
1764763407, meta, 100000, 105902, 13, 0, 9066
1764763418, meta, 100000, 105902, 561, 0, 10085
1764767243, meta, 10, 28, 2, 0, 263
1764767245, meta, 10, 28, 2, 0, 335
1764767246, meta, 100, 28, 2, 0, 335
1764767248, meta, 100, 28, 2, 0, 284
1764767248, meta, 1000, 889, 3, 0, 339
1764767251, meta, 1000, 889, 3, 0, 323
1764767251, meta, 3000, 2714, 3, 0, 406
1764767253, meta, 3000, 2714, 3, 0, 348
1764767254, meta, 10000, 9975, 12, 0, 895
1764767257, meta, 10000, 9975, 11, 0, 973
1764767258, meta, 30000, 30796, 135, 0, 3872
1764767264, meta, 30000, 30796, 55, 0, 1489
1764767265, meta, 100000, 105902, 12, 0, 8939
1764767276, meta, 100000, 105902, 57, 0, 2708
1764770992, meta, 10, 28, 2, 0, 351
1764770995, meta, 10, 28, 2, 0, 303
1764770995, meta, 100, 28, 2, 0, 283
1764770997, meta, 100, 28, 2, 0, 340
1764770998, meta, 1000, 889, 3, 0, 311
1764771000, meta, 1000, 889, 3, 0, 365
1764771000, meta, 3000, 2714, 3, 0, 373
1764771003, meta, 3000, 2714, 3, 0, 452
1764771003, meta, 10000, 9975, 12, 0, 902
1764771006, meta, 10000, 9975, 3, 0, 465
1764771007, meta, 30000, 30796, 12, 0, 2185
1764771011, meta, 30000, 30796, 11, 0, 2149
1764771013, meta, 100000, 105903, 10, 0, 9037
1764771024, meta, 100000, 105903, 10, 0, 2158
1764774898, meta, 10, 28, 2, 0, 340
1764774900, meta, 10, 28, 2, 0, 305
1764774901, meta, 100, 28, 2, 0, 449
1764774903, meta, 100, 28, 2, 0, 267
1764774903, meta, 1000, 889, 3, 0, 339
1764774906, meta, 1000, 889, 3, 0, 362
1764774906, meta, 3000, 2714, 3, 0, 531
1764774909, meta, 3000, 2714, 3, 0, 408
1764774909, meta, 10000, 9975, 12, 0, 890
1764774912, meta, 10000, 9975, 3, 0, 526
1764774912, meta, 30000, 30796, 12, 0, 2296
1764774917, meta, 30000, 30796, 71, 0, 1927
1764774919, meta, 100000, 105901, 375, 0, 14680
1764774935, meta, 100000, 105901, 13, 0, 2208
1764778653, meta, 10, 28, 2, 0, 263
1764778655, meta, 10, 28, 2, 0, 267
1764778656, meta, 100, 28, 2, 0, 278
1764778658, meta, 100, 28, 2, 0, 265
1764778658, meta, 1000, 889, 3, 0, 284
1764778660, meta, 1000, 889, 3, 0, 352
1764778661, meta, 3000, 2714, 3, 0, 399
1764778663, meta, 3000, 2714, 3, 0, 382
1764778664, meta, 10000, 9975, 12, 0, 898
1764778666, meta, 10000, 9975, 11, 0, 599
1764778667, meta, 30000, 30796, 11, 0, 2281
1764778671, meta, 30000, 30796, 10, 0, 803
1764778672, meta, 100000, 105904, 10, 0, 8946
1764778683, meta, 100000, 105904, 585, 0, 17755
1764782508, meta, 10, 28, 2, 0, 335
1764782510, meta, 10, 28, 2, 0, 266
1764782510, meta, 100, 28, 2, 0, 352
1764782512, meta, 100, 28, 2, 0, 250
1764782513, meta, 1000, 889, 3, 0, 356
1764782515, meta, 1000, 889, 3, 0, 353
1764782515, meta, 3000, 2714, 3, 0, 380
1764782518, meta, 3000, 2714, 3, 0, 350
1764782518, meta, 10000, 9975, 11, 0, 903
1764782521, meta, 10000, 9975, 11, 0, 541
1764782522, meta, 30000, 30796, 11, 0, 2292
1764782526, meta, 30000, 30796, 11, 0, 823
1764782527, meta, 100000, 105902, 9, 0, 9179
1764782538, meta, 100000, 105902, 286, 0, 13331
1764786256, meta, 10, 28, 2, 0, 276
1764786258, meta, 10, 28, 2, 0, 291
1764786259, meta, 100, 28, 2, 0, 280
1764786261, meta, 100, 28, 2, 0, 329
1764786261, meta, 1000, 889, 3, 0, 315
1764786264, meta, 1000, 889, 3, 0, 427
1764786264, meta, 3000, 2714, 3, 0, 378
1764786266, meta, 3000, 2714, 3, 0, 395
1764786267, meta, 10000, 9975, 11, 0, 849
1764786270, meta, 10000, 9975, 8, 0, 870
1764786270, meta, 30000, 30796, 18, 0, 2276
1764786275, meta, 30000, 30796, 10, 0, 847
1764786276, meta, 100000, 105902, 11, 0, 8893
1764786287, meta, 100000, 105902, 13, 0, 2103
1764789998, meta, 10, 28, 2, 0, 279
1764790001, meta, 10, 28, 2, 0, 377
1764790001, meta, 100, 28, 2, 0, 358
1764790003, meta, 100, 28, 2, 0, 267
1764790004, meta, 1000, 889, 3, 0, 282
1764790006, meta, 1000, 889, 2, 0, 329
1764790006, meta, 3000, 2714, 3, 0, 367
1764790009, meta, 3000, 2714, 3, 0, 449
1764790009, meta, 10000, 9975, 11, 0, 884
1764790012, meta, 10000, 9975, 11, 0, 923
1764790013, meta, 30000, 30796, 12, 0, 2173
1764790017, meta, 30000, 30796, 180, 0, 4621
1764790022, meta, 100000, 105903, 13, 0, 9055
1764790033, meta, 100000, 105903, 13, 0, 8988
1764793754, meta, 10, 28, 2, 0, 329
1764793756, meta, 10, 28, 2, 0, 346
1764793756, meta, 100, 28, 2, 0, 372
1764793759, meta, 100, 28, 2, 0, 282
1764793759, meta, 1000, 889, 3, 0, 421
1764793761, meta, 1000, 889, 3, 0, 438
1764793762, meta, 3000, 2714, 3, 0, 497
1764793764, meta, 3000, 2714, 3, 0, 399
1764793765, meta, 10000, 9975, 11, 0, 896
1764793768, meta, 10000, 9975, 3, 0, 766
1764793768, meta, 30000, 30796, 12, 0, 2269
1764793773, meta, 30000, 30796, 11, 0, 931
1764793774, meta, 100000, 105902, 594, 0, 17344
1764793793, meta, 100000, 105902, 13, 0, 1885
1764797571, meta, 10, 28, 2, 0, 273
1764797573, meta, 10, 28, 2, 0, 261
1764797573, meta, 100, 28, 2, 0, 256
1764797575, meta, 100, 28, 2, 0, 265
1764797576, meta, 1000, 889, 3, 0, 269
1764797578, meta, 1000, 889, 3, 0, 286
1764797578, meta, 3000, 2715, 3, 0, 437
1764797581, meta, 3000, 2715, 3, 0, 377
1764797581, meta, 10000, 9975, 11, 0, 911
1764797584, meta, 10000, 9975, 11, 0, 513
1764797584, meta, 30000, 30797, 79, 0, 3073
1764797590, meta, 30000, 30797, 10, 0, 905
1764797590, meta, 100000, 105902, 9, 0, 9047
1764797602, meta, 100000, 105902, 11, 0, 8882
1764801448, meta, 10, 28, 2, 0, 269
1764801450, meta, 10, 28, 2, 0, 273
1764801451, meta, 100, 28, 2, 0, 315
1764801453, meta, 100, 28, 2, 0, 271
1764801453, meta, 1000, 889, 2, 0, 301
1764801456, meta, 1000, 889, 2, 0, 305
1764801456, meta, 3000, 2714, 3, 0, 382
1764801458, meta, 3000, 2714, 3, 0, 421
1764801459, meta, 10000, 9975, 11, 0, 962
1764801462, meta, 10000, 9975, 11, 0, 540
1764801462, meta, 30000, 30796, 74, 0, 3059
1764801467, meta, 30000, 30796, 241, 0, 5152
1764801472, meta, 100000, 105902, 9, 0, 8932
1764801483, meta, 100000, 105902, 12, 0, 8956
1764805258, meta, 10, 28, 2, 0, 267
1764805260, meta, 10, 28, 2, 0, 336
1764805261, meta, 100, 28, 2, 0, 261
1764805263, meta, 100, 28, 2, 0, 311
1764805263, meta, 1000, 889, 3, 0, 331
1764805266, meta, 1000, 889, 3, 0, 280
1764805266, meta, 3000, 2714, 3, 0, 366
1764805268, meta, 3000, 2714, 3, 0, 370
1764805269, meta, 10000, 9975, 11, 0, 895
1764805271, meta, 10000, 9975, 11, 0, 628
1764805272, meta, 30000, 30796, 12, 0, 2194
1764805276, meta, 30000, 30796, 39, 0, 1209
1764805278, meta, 100000, 105903, 315, 0, 13955
1764805293, meta, 100000, 105903, 9, 0, 1899
1764809024, meta, 10, 28, 2, 0, 281
1764809026, meta, 10, 28, 2, 0, 264
1764809026, meta, 100, 28, 2, 0, 262
1764809029, meta, 100, 28, 2, 0, 267
1764809029, meta, 1000, 889, 3, 0, 283
1764809031, meta, 1000, 889, 3, 0, 293
1764809031, meta, 3000, 2714, 2, 0, 381
1764809034, meta, 3000, 2714, 2, 0, 378
1764809034, meta, 10000, 9975, 11, 0, 895
1764809037, meta, 10000, 9975, 12, 0, 929
1764809038, meta, 30000, 30796, 75, 0, 3057
1764809043, meta, 30000, 30796, 11, 0, 2232
1764809045, meta, 100000, 105902, 15, 0, 8984
1764809056, meta, 100000, 105902, 58, 0, 9655
1764812805, meta, 10, 28, 2, 0, 274
1764812808, meta, 10, 28, 2, 0, 360
1764812808, meta, 100, 28, 2, 0, 275
1764812810, meta, 100, 28, 2, 0, 352
1764812811, meta, 1000, 889, 3, 0, 297
1764812813, meta, 1000, 889, 3, 0, 409
1764812813, meta, 3000, 2714, 3, 0, 410
1764812816, meta, 3000, 2714, 3, 0, 411
1764812816, meta, 10000, 9975, 11, 0, 945
1764812819, meta, 10000, 9975, 3, 0, 858
1764812820, meta, 30000, 30796, 14, 0, 2275
1764812824, meta, 30000, 30796, 11, 0, 896
1764812825, meta, 100000, 105902, 13, 0, 9066
1764812836, meta, 100000, 105902, 9, 0, 8952
1764816635, meta, 10, 28, 2, 0, 302
1764816638, meta, 10, 28, 2, 0, 330
1764816638, meta, 100, 28, 2, 0, 340
1764816640, meta, 100, 28, 2, 0, 318
1764816641, meta, 1000, 889, 3, 0, 301
1764816643, meta, 1000, 889, 3, 0, 342
1764816643, meta, 3000, 2714, 3, 0, 550
1764816646, meta, 3000, 2714, 3, 0, 447
1764816646, meta, 10000, 9975, 11, 0, 930
1764816649, meta, 10000, 9975, 11, 0, 671
1764816650, meta, 30000, 30796, 273, 0, 6196
1764816658, meta, 30000, 30796, 11, 0, 983
1764816659, meta, 100000, 105903, 9, 0, 9035
1764816670, meta, 100000, 105903, 9, 0, 1983
1764820435, meta, 10, 28, 2, 0, 323
1764820438, meta, 10, 28, 2, 0, 267
1764820438, meta, 100, 28, 2, 0, 262
1764820440, meta, 100, 28, 2, 0, 278
1764820441, meta, 1000, 889, 3, 0, 322
1764820443, meta, 1000, 889, 3, 0, 282
1764820443, meta, 3000, 2714, 3, 0, 388
1764820446, meta, 3000, 2714, 3, 0, 401
1764820446, meta, 10000, 9975, 3, 0, 810
1764820449, meta, 10000, 9975, 11, 0, 561
1764820449, meta, 30000, 30796, 67, 0, 2947
1764820454, meta, 30000, 30796, 12, 0, 1825
1764820456, meta, 100000, 105902, 425, 0, 15676
1764820474, meta, 100000, 105902, 263, 0, 6064
1764824224, meta, 10, 28, 2, 0, 292
1764824227, meta, 10, 28, 2, 0, 345
1764824227, meta, 100, 28, 2, 0, 365
1764824229, meta, 100, 28, 2, 0, 349
1764824230, meta, 1000, 889, 2, 0, 326
1764824232, meta, 1000, 889, 2, 0, 364
1764824232, meta, 3000, 2714, 3, 0, 408
1764824235, meta, 3000, 2714, 3, 0, 380
1764824235, meta, 10000, 9975, 11, 0, 881
1764824238, meta, 10000, 9975, 11, 0, 590
1764824239, meta, 30000, 30796, 10, 0, 2147
1764824243, meta, 30000, 30796, 25, 0, 2348
1764824245, meta, 100000, 105902, 90, 0, 10656
1764824258, meta, 100000, 105902, 15, 0, 8952
1764828048, meta, 10, 28, 2, 0, 343
1764828051, meta, 10, 28, 2, 0, 361
1764828051, meta, 100, 28, 2, 0, 298
1764828053, meta, 100, 28, 2, 0, 285
1764828054, meta, 1000, 889, 3, 0, 284
1764828056, meta, 1000, 889, 3, 0, 279
1764828056, meta, 3000, 2715, 3, 0, 401
1764828058, meta, 3000, 2715, 3, 0, 316
1764828059, meta, 10000, 9975, 11, 0, 894
1764828062, meta, 10000, 9975, 11, 0, 914
1764828063, meta, 30000, 30796, 11, 0, 2180
1764828067, meta, 30000, 30796, 37, 0, 1265
1764828068, meta, 100000, 105903, 11, 0, 8961
1764828079, meta, 100000, 105903, 8, 0, 8885
1764831872, meta, 10, 28, 2, 0, 309
1764831874, meta, 10, 28, 2, 0, 315
1764831875, meta, 100, 28, 2, 0, 342
1764831877, meta, 100, 28, 2, 0, 303
1764831877, meta, 1000, 889, 3, 0, 282
1764831880, meta, 1000, 889, 3, 0, 281
1764831880, meta, 3000, 2714, 3, 0, 402
1764831882, meta, 3000, 2714, 3, 0, 396
1764831883, meta, 10000, 9975, 11, 0, 949
1764831886, meta, 10000, 9975, 12, 0, 537
1764831886, meta, 30000, 30797, 12, 0, 2197
1764831890, meta, 30000, 30797, 12, 0, 1384
1764831892, meta, 100000, 105902, 9, 0, 9067
1764831903, meta, 100000, 105902, 9, 0, 1898
1764835616, meta, 10, 28, 2, 0, 308
1764835618, meta, 10, 28, 2, 0, 327
1764835618, meta, 100, 28, 2, 0, 300
1764835621, meta, 100, 28, 2, 0, 294
1764835621, meta, 1000, 889, 3, 0, 323
1764835623, meta, 1000, 889, 2, 0, 302
1764835624, meta, 3000, 2714, 3, 0, 416
1764835626, meta, 3000, 2714, 3, 0, 357
1764835626, meta, 10000, 9975, 3, 0, 851
1764835629, meta, 10000, 9975, 11, 0, 950
1764835630, meta, 30000, 30796, 68, 0, 3008
1764835635, meta, 30000, 30796, 83, 0, 3369
1764835639, meta, 100000, 105902, 13, 0, 9025
1764835650, meta, 100000, 105902, 9, 0, 8864
1764839369, meta, 10, 28, 2, 0, 293
1764839371, meta, 10, 28, 2, 0, 456
1764839372, meta, 100, 28, 2, 0, 320
1764839374, meta, 100, 28, 2, 0, 386
1764839374, meta, 1000, 889, 3, 0, 384
1764839377, meta, 1000, 889, 3, 0, 329
1764839377, meta, 3000, 2715, 3, 0, 483
1764839380, meta, 3000, 2715, 3, 0, 400
1764839380, meta, 10000, 9975, 12, 0, 1019
1764839383, meta, 10000, 9975, 11, 0, 659
1764839384, meta, 30000, 30796, 11, 0, 2331
1764839388, meta, 30000, 30796, 11, 0, 921
1764839389, meta, 100000, 105902, 13, 0, 9440
1764839400, meta, 100000, 105902, 9, 0, 9001
1764843121, meta, 10, 28, 2, 0, 248
1764843123, meta, 10, 28, 2, 0, 286
1764843123, meta, 100, 28, 2, 0, 309
1764843126, meta, 100, 28, 2, 0, 270
1764843126, meta, 1000, 889, 3, 0, 302
1764843128, meta, 1000, 889, 3, 0, 299
1764843128, meta, 3000, 2714, 3, 0, 380
1764843131, meta, 3000, 2714, 3, 0, 347
1764843131, meta, 10000, 9975, 11, 0, 1011
1764843134, meta, 10000, 9975, 2, 0, 1160
1764843135, meta, 30000, 30796, 11, 0, 2246
1764843140, meta, 30000, 30796, 11, 0, 2231
1764843142, meta, 100000, 105904, 12, 0, 8979
1764843153, meta, 100000, 105904, 10, 0, 8922
1764846891, meta, 10, 28, 2, 0, 303
1764846893, meta, 10, 28, 2, 0, 275
1764846893, meta, 100, 28, 2, 0, 340
1764846896, meta, 100, 28, 2, 0, 277
1764846896, meta, 1000, 889, 2, 0, 289
1764846898, meta, 1000, 889, 2, 0, 303
1764846899, meta, 3000, 2714, 3, 0, 407
1764846901, meta, 3000, 2714, 3, 0, 389
1764846901, meta, 10000, 9975, 11, 0, 899
1764846904, meta, 10000, 9975, 11, 0, 607
1764846905, meta, 30000, 30796, 298, 0, 5980
1764846913, meta, 30000, 30796, 419, 0, 5670
1764846919, meta, 100000, 105903, 9, 0, 9171
1764846930, meta, 100000, 105903, 837, 0, 15509
1764850686, meta, 10, 28, 2, 0, 301
1764850688, meta, 10, 28, 2, 0, 289
1764850688, meta, 100, 28, 2, 0, 262
1764850691, meta, 100, 28, 2, 0, 275
1764850691, meta, 1000, 889, 2, 0, 328
1764850693, meta, 1000, 889, 2, 0, 378
1764850694, meta, 3000, 2714, 3, 0, 391
1764850696, meta, 3000, 2714, 3, 0, 336
1764850696, meta, 10000, 9975, 11, 0, 874
1764850699, meta, 10000, 9975, 11, 0, 867
1764850700, meta, 30000, 30797, 279, 0, 5690
1764850708, meta, 30000, 30797, 11, 0, 899
1764850709, meta, 100000, 105903, 12, 0, 9005
1764850720, meta, 100000, 105903, 13, 0, 9030
1764854461, meta, 10, 28, 2, 0, 294
1764854464, meta, 10, 28, 2, 0, 319
1764854464, meta, 100, 28, 2, 0, 328
1764854466, meta, 100, 28, 2, 0, 261
1764854467, meta, 1000, 889, 3, 0, 292
1764854469, meta, 1000, 889, 3, 0, 369
1764854469, meta, 3000, 2714, 3, 0, 478
1764854472, meta, 3000, 2714, 2, 0, 401
1764854472, meta, 10000, 9975, 3, 0, 831
1764854475, meta, 10000, 9975, 11, 0, 901
1764854476, meta, 30000, 30796, 11, 0, 2260
1764854480, meta, 30000, 30796, 26, 0, 1061
1764854481, meta, 100000, 105902, 428, 0, 15420
1764854499, meta, 100000, 105902, 10, 0, 1997
1764858215, meta, 10, 28, 2, 0, 301
1764858217, meta, 10, 28, 2, 0, 302
1764858217, meta, 100, 28, 2, 0, 267
1764858219, meta, 100, 28, 2, 0, 283
1764858220, meta, 1000, 889, 3, 0, 309
1764858222, meta, 1000, 889, 3, 0, 296
1764858222, meta, 3000, 2714, 3, 0, 381
1764858225, meta, 3000, 2714, 3, 0, 361
1764858225, meta, 10000, 9975, 11, 0, 915
1764858228, meta, 10000, 9975, 11, 0, 607
1764858229, meta, 30000, 30796, 11, 0, 2231
1764858233, meta, 30000, 30796, 11, 0, 2230
1764858235, meta, 100000, 105902, 422, 0, 15904
1764858253, meta, 100000, 105902, 9, 0, 8824
1764862018, meta, 10, 28, 2, 0, 279
1764862021, meta, 10, 28, 2, 0, 349
1764862021, meta, 100, 28, 2, 0, 261
1764862023, meta, 100, 28, 2, 0, 256
1764862023, meta, 1000, 889, 3, 0, 279
1764862026, meta, 1000, 889, 3, 0, 363
1764862026, meta, 3000, 2714, 3, 0, 364
1764862028, meta, 3000, 2714, 3, 0, 366
1764862029, meta, 10000, 9975, 11, 0, 909
1764862032, meta, 10000, 9975, 11, 0, 877
1764862033, meta, 30000, 30796, 112, 0, 3599
1764862038, meta, 30000, 30796, 9, 0, 897
1764862039, meta, 100000, 105903, 9, 0, 8928
1764862050, meta, 100000, 105903, 10, 0, 8819
1764865827, meta, 10, 28, 2, 0, 289
1764865829, meta, 10, 28, 2, 0, 335
1764865830, meta, 100, 28, 2, 0, 313
1764865832, meta, 100, 28, 2, 0, 268
1764865832, meta, 1000, 889, 3, 0, 306
1764865835, meta, 1000, 889, 3, 0, 283
1764865835, meta, 3000, 2714, 3, 0, 381
1764865837, meta, 3000, 2714, 3, 0, 405
1764865838, meta, 10000, 9975, 11, 0, 922
1764865841, meta, 10000, 9975, 11, 0, 570
1764865841, meta, 30000, 30796, 81, 0, 3185
1764865846, meta, 30000, 30796, 1148, 0, 13582
1764865860, meta, 100000, 105902, 13, 0, 8906
1764865871, meta, 100000, 105902, 783, 0, 14916
1764869675, meta, 10, 28, 2, 0, 265
1764869677, meta, 10, 28, 2, 0, 360
1764869677, meta, 100, 28, 2, 0, 263
1764869679, meta, 100, 28, 2, 0, 407
1764869680, meta, 1000, 889, 3, 0, 279
1764869682, meta, 1000, 889, 3, 0, 285
1764869682, meta, 3000, 2713, 3, 0, 495
1764869685, meta, 3000, 2713, 3, 0, 339
1764869685, meta, 10000, 9975, 11, 0, 940
1764869688, meta, 10000, 9975, 11, 0, 981
1764869689, meta, 30000, 30796, 11, 0, 2255
1764869693, meta, 30000, 30796, 11, 0, 1078
1764869695, meta, 100000, 105903, 9, 0, 8972
1764869705, meta, 100000, 105903, 9, 0, 8795
1764873454, meta, 10, 28, 2, 0, 276
1764873456, meta, 10, 28, 2, 0, 268
1764873457, meta, 100, 28, 2, 0, 325
1764873459, meta, 100, 28, 2, 0, 382
1764873459, meta, 1000, 889, 2, 0, 321
1764873462, meta, 1000, 889, 3, 0, 280
1764873462, meta, 3000, 2714, 3, 0, 388
1764873464, meta, 3000, 2714, 3, 0, 368
1764873465, meta, 10000, 9975, 11, 0, 881
1764873468, meta, 10000, 9975, 11, 0, 926
1764873468, meta, 30000, 30796, 10, 0, 2185
1764873473, meta, 30000, 30796, 11, 0, 813
1764873473, meta, 100000, 0, 0, 0, 69732
1764873545, meta, 100000, 105902, 4, 0, 8838
1764877390, meta, 10, 28, 2, 0, 273
1764877393, meta, 10, 28, 2, 0, 277
1764877393, meta, 100, 28, 2, 0, 254
1764877395, meta, 100, 28, 2, 0, 287
1764877395, meta, 1000, 889, 3, 0, 295
1764877398, meta, 1000, 889, 2, 0, 301
1764877398, meta, 3000, 2714, 3, 0, 388
1764877400, meta, 3000, 2714, 3, 0, 475
1764877401, meta, 10000, 9975, 12, 0, 904
1764877404, meta, 10000, 9975, 11, 0, 884
1764877405, meta, 30000, 30796, 11, 0, 2162
1764877409, meta, 30000, 30796, 10, 0, 2235
1764877411, meta, 100000, 105902, 13, 0, 8948
1764877422, meta, 100000, 105902, 13, 0, 2335
1764881185, meta, 10, 28, 2, 0, 267
1764881187, meta, 10, 28, 2, 0, 255
1764881188, meta, 100, 28, 2, 0, 323
1764881190, meta, 100, 28, 2, 0, 256
1764881190, meta, 1000, 889, 3, 0, 282
1764881193, meta, 1000, 889, 3, 0, 272
1764881193, meta, 3000, 2714, 3, 0, 392
1764881195, meta, 3000, 2714, 3, 0, 392
1764881196, meta, 10000, 9975, 12, 0, 953
1764881199, meta, 10000, 9975, 11, 0, 899
1764881199, meta, 30000, 30796, 122, 0, 3794
1764881205, meta, 30000, 30796, 9, 0, 2158
1764881207, meta, 100000, 105904, 12, 0, 9037
1764881218, meta, 100000, 105904, 10, 0, 2254
1764884956, meta, 10, 28, 2, 0, 274
1764884958, meta, 10, 28, 2, 0, 303
1764884959, meta, 100, 28, 2, 0, 263
1764884961, meta, 100, 28, 2, 0, 274
1764884961, meta, 1000, 889, 3, 0, 291
1764884963, meta, 1000, 889, 2, 0, 289
1764884964, meta, 3000, 2715, 2, 0, 378
1764884966, meta, 3000, 2715, 2, 0, 407
1764884967, meta, 10000, 9975, 12, 0, 894
1764884969, meta, 10000, 9975, 3, 0, 826
1764884970, meta, 30000, 30796, 11, 0, 2215
1764884974, meta, 30000, 30796, 11, 0, 909
1764884975, meta, 100000, 105903, 11, 0, 9026
1764884986, meta, 100000, 105903, 10, 0, 2062
1764888697, meta, 10, 28, 2, 0, 339
1764888699, meta, 10, 28, 2, 0, 289
1764888699, meta, 100, 28, 2, 0, 287
1764888701, meta, 100, 28, 2, 0, 365
1764888702, meta, 1000, 889, 3, 0, 319
1764888704, meta, 1000, 889, 3, 0, 459
1764888705, meta, 3000, 2714, 3, 0, 417
1764888707, meta, 3000, 2714, 3, 0, 344
1764888707, meta, 10000, 9975, 11, 0, 939
1764888710, meta, 10000, 9975, 11, 0, 897
1764888711, meta, 30000, 30796, 11, 0, 2403
1764888716, meta, 30000, 30796, 61, 0, 2959
1764888719, meta, 100000, 105903, 11, 0, 9066
1764888730, meta, 100000, 105903, 11, 0, 8917
1764892515, meta, 10, 28, 2, 0, 274
1764892517, meta, 10, 28, 2, 0, 277
1764892517, meta, 100, 28, 2, 0, 269
1764892519, meta, 100, 28, 2, 0, 261
1764892520, meta, 1000, 889, 3, 0, 301
1764892522, meta, 1000, 889, 3, 0, 283
1764892522, meta, 3000, 2714, 2, 0, 379
1764892525, meta, 3000, 2714, 2, 0, 388
1764892525, meta, 10000, 9975, 11, 0, 879
1764892528, meta, 10000, 9975, 11, 0, 869
1764892529, meta, 30000, 30796, 11, 0, 2302
1764892533, meta, 30000, 30796, 11, 0, 1032
1764892534, meta, 100000, 105903, 500, 0, 17210
1764892553, meta, 100000, 105903, 9, 0, 9105
1764896282, meta, 10, 28, 2, 0, 280
1764896285, meta, 10, 28, 2, 0, 270
1764896285, meta, 100, 28, 2, 0, 346
1764896287, meta, 100, 28, 2, 0, 283
1764896287, meta, 1000, 889, 3, 0, 285
1764896290, meta, 1000, 889, 3, 0, 282
1764896290, meta, 3000, 2714, 3, 0, 446
1764896293, meta, 3000, 2714, 3, 0, 358
1764896293, meta, 10000, 9975, 12, 0, 902
1764896296, meta, 10000, 9975, 11, 0, 573
1764896296, meta, 30000, 30796, 95, 0, 3287
1764896302, meta, 30000, 30796, 11, 0, 2162
1764896304, meta, 100000, 105903, 13, 0, 8962
1764896315, meta, 100000, 105903, 9, 0, 9302
1764900066, meta, 10, 28, 2, 0, 324
1764900068, meta, 10, 28, 2, 0, 346
1764900069, meta, 100, 28, 2, 0, 323
1764900071, meta, 100, 28, 2, 0, 272
1764900071, meta, 1000, 889, 3, 0, 275
1764900073, meta, 1000, 889, 3, 0, 291
1764900074, meta, 3000, 2714, 3, 0, 435
1764900076, meta, 3000, 2714, 3, 0, 391
1764900077, meta, 10000, 9975, 11, 0, 988
1764900080, meta, 10000, 9975, 11, 0, 560
1764900080, meta, 30000, 30796, 11, 0, 2275
1764900084, meta, 30000, 30796, 11, 0, 2155
1764900087, meta, 100000, 105901, 388, 0, 14714
1764900103, meta, 100000, 105901, 9, 0, 1964
1764903832, meta, 10, 28, 2, 0, 265
1764903835, meta, 10, 28, 2, 0, 286
1764903835, meta, 100, 28, 2, 0, 256
1764903837, meta, 100, 28, 2, 0, 334
1764903838, meta, 1000, 889, 3, 0, 346
1764903840, meta, 1000, 889, 2, 0, 320
1764903840, meta, 3000, 2714, 3, 0, 538
1764903843, meta, 3000, 2714, 3, 0, 367
1764903843, meta, 10000, 9976, 11, 0, 929
1764903846, meta, 10000, 9976, 12, 0, 600
1764903847, meta, 30000, 30796, 11, 0, 2309
1764903851, meta, 30000, 30796, 102, 0, 2642
1764903854, meta, 100000, 105903, 344, 0, 14695
1764903870, meta, 100000, 105903, 14, 0, 9036
1764907610, meta, 10, 28, 2, 0, 338
1764907613, meta, 10, 28, 2, 0, 324
1764907613, meta, 100, 28, 2, 0, 329
1764907615, meta, 100, 28, 2, 0, 327
1764907616, meta, 1000, 889, 3, 0, 330
1764907618, meta, 1000, 889, 3, 0, 324
1764907618, meta, 3000, 2714, 3, 0, 412
1764907621, meta, 3000, 2714, 3, 0, 416
1764907621, meta, 10000, 9975, 11, 0, 977
1764907624, meta, 10000, 9975, 11, 0, 670
1764907625, meta, 30000, 30796, 269, 0, 6837
1764907634, meta, 30000, 30796, 11, 0, 2501
1764907636, meta, 100000, 105901, 568, 0, 18518
1764907657, meta, 100000, 105901, 12, 0, 9006
1764911401, meta, 10, 28, 2, 0, 260
1764911403, meta, 10, 28, 2, 0, 259
1764911403, meta, 100, 28, 2, 0, 295
1764911406, meta, 100, 28, 2, 0, 262
1764911406, meta, 1000, 889, 3, 0, 284
1764911408, meta, 1000, 889, 3, 0, 287
1764911408, meta, 3000, 2714, 3, 0, 342
1764911411, meta, 3000, 2714, 3, 0, 334
1764911411, meta, 10000, 9975, 11, 0, 906
1764911414, meta, 10000, 9975, 11, 0, 578
1764911415, meta, 30000, 30796, 436, 0, 7908
1764911425, meta, 30000, 30796, 14, 0, 910
1764911425, meta, 100000, 105902, 3, 0, 8816
1764911436, meta, 100000, 105902, 5, 0, 1763
1764915170, meta, 10, 28, 2, 0, 287
1764915172, meta, 10, 28, 2, 0, 249
1764915172, meta, 100, 28, 2, 0, 329
1764915175, meta, 100, 28, 2, 0, 258
1764915175, meta, 1000, 889, 3, 0, 356
1764915177, meta, 1000, 889, 3, 0, 290
1764915178, meta, 3000, 2714, 3, 0, 383
1764915180, meta, 3000, 2714, 3, 0, 399
1764915180, meta, 10000, 9976, 11, 0, 903
1764915183, meta, 10000, 9976, 11, 0, 559
1764915184, meta, 30000, 30796, 103, 0, 3520
1764915189, meta, 30000, 30796, 12, 0, 920
1764915190, meta, 100000, 105902, 9, 0, 9040
1764915201, meta, 100000, 105902, 13, 0, 2281
1764918968, meta, 10, 28, 2, 0, 319
1764918971, meta, 10, 28, 2, 0, 251
1764918971, meta, 100, 28, 2, 0, 273
1764918973, meta, 100, 28, 2, 0, 254
1764918974, meta, 1000, 889, 3, 0, 277
1764918976, meta, 1000, 889, 3, 0, 331
1764918976, meta, 3000, 2715, 3, 0, 396
1764918979, meta, 3000, 2715, 3, 0, 360
1764918979, meta, 10000, 9975, 11, 0, 895
1764918982, meta, 10000, 9975, 12, 0, 869
1764918983, meta, 30000, 30797, 351, 0, 6710
1764918991, meta, 30000, 30797, 11, 0, 1170
1764918993, meta, 100000, 105902, 265, 0, 13326
1764919008, meta, 100000, 105902, 9, 0, 1809
1764922777, meta, 10, 28, 2, 0, 256
1764922779, meta, 10, 28, 2, 0, 263
1764922779, meta, 100, 28, 2, 0, 254
1764922782, meta, 100, 28, 2, 0, 262
1764922782, meta, 1000, 889, 2, 0, 321
1764922784, meta, 1000, 889, 2, 0, 287
1764922784, meta, 3000, 2714, 3, 0, 363
1764922787, meta, 3000, 2714, 3, 0, 376
1764922787, meta, 10000, 9975, 11, 0, 930
1764922790, meta, 10000, 9975, 48, 0, 1147
1764922791, meta, 30000, 30796, 204, 0, 4829
1764922798, meta, 30000, 30796, 57, 0, 1570
1764922800, meta, 100000, 105901, 12, 0, 8942
1764922811, meta, 100000, 105901, 12, 0, 2148
1764926554, meta, 10, 28, 2, 0, 260
1764926556, meta, 10, 28, 2, 0, 261
1764926556, meta, 100, 28, 2, 0, 257
1764926559, meta, 100, 28, 2, 0, 312
1764926559, meta, 1000, 890, 3, 0, 294
1764926561, meta, 1000, 890, 3, 0, 311
1764926562, meta, 3000, 2714, 3, 0, 370
1764926564, meta, 3000, 2714, 3, 0, 373
1764926564, meta, 10000, 9975, 11, 0, 855
1764926567, meta, 10000, 9975, 11, 0, 583
1764926568, meta, 30000, 30796, 338, 0, 7305
1764926577, meta, 30000, 30796, 11, 0, 2153
1764926579, meta, 100000, 105902, 12, 0, 8928
1764926590, meta, 100000, 105902, 9, 0, 1839
1764930357, meta, 10, 28, 2, 0, 328
1764930359, meta, 10, 28, 2, 0, 255
1764930359, meta, 100, 28, 2, 0, 251
1764930362, meta, 100, 28, 2, 0, 257
1764930362, meta, 1000, 889, 3, 0, 283
1764930364, meta, 1000, 889, 3, 0, 312
1764930365, meta, 3000, 2714, 3, 0, 381
1764930367, meta, 3000, 2714, 3, 0, 386
1764930367, meta, 10000, 9975, 11, 0, 888
1764930370, meta, 10000, 9975, 11, 0, 659
1764930371, meta, 30000, 30796, 121, 0, 3887
1764930377, meta, 30000, 30796, 79, 0, 3214
1764930380, meta, 100000, 105902, 286, 0, 13546
1764930396, meta, 100000, 105902, 346, 0, 7914
1764934140, meta, 10, 28, 2, 0, 266
1764934142, meta, 10, 28, 2, 0, 275
1764934143, meta, 100, 28, 2, 0, 260
1764934145, meta, 100, 28, 2, 0, 258
1764934145, meta, 1000, 889, 3, 0, 284
1764934147, meta, 1000, 889, 3, 0, 278
1764934148, meta, 3000, 2714, 3, 0, 403
1764934150, meta, 3000, 2714, 3, 0, 404
1764934150, meta, 10000, 9975, 11, 0, 985
1764934153, meta, 10000, 9975, 11, 0, 552
1764934154, meta, 30000, 30796, 12, 0, 2295
1764934158, meta, 30000, 30796, 90, 0, 3480
1764934162, meta, 100000, 105902, 9, 0, 8978
1764934173, meta, 100000, 105902, 465, 0, 10325
1764937953, meta, 10, 28, 2, 0, 275
1764937955, meta, 10, 28, 2, 0, 307
1764937955, meta, 100, 28, 2, 0, 255
1764937958, meta, 100, 28, 2, 0, 325
1764937958, meta, 1000, 889, 3, 0, 319
1764937960, meta, 1000, 889, 3, 0, 293
1764937961, meta, 3000, 2714, 3, 0, 359
1764937963, meta, 3000, 2714, 3, 0, 361
1764937963, meta, 10000, 9975, 11, 0, 897
1764937966, meta, 10000, 9975, 11, 0, 547
1764937967, meta, 30000, 30796, 10, 0, 2238
1764937971, meta, 30000, 30796, 11, 0, 2240
1764937973, meta, 100000, 105902, 9, 0, 9097
1764937984, meta, 100000, 105902, 405, 0, 8842
1764941723, meta, 10, 28, 2, 0, 327
1764941726, meta, 10, 28, 2, 0, 266
1764941726, meta, 100, 28, 2, 0, 352
1764941728, meta, 100, 28, 2, 0, 274
1764941729, meta, 1000, 889, 2, 0, 349
1764941731, meta, 1000, 889, 2, 0, 373
1764941731, meta, 3000, 2715, 3, 0, 409
1764941734, meta, 3000, 2715, 3, 0, 376
1764941734, meta, 10000, 9975, 11, 0, 908
1764941737, meta, 10000, 9975, 11, 0, 535
1764941738, meta, 30000, 30796, 224, 0, 5008
1764941745, meta, 30000, 30796, 231, 0, 3981
1764941749, meta, 100000, 105902, 9, 0, 8970
1764941760, meta, 100000, 105902, 11, 0, 2074
1764945460, meta, 10, 28, 2, 0, 328
1764945462, meta, 10, 28, 2, 0, 283
1764945463, meta, 100, 28, 2, 0, 339
1764945465, meta, 100, 28, 2, 0, 269
1764945465, meta, 1000, 889, 3, 0, 284
1764945468, meta, 1000, 889, 3, 0, 287
1764945468, meta, 3000, 2714, 3, 0, 375
1764945470, meta, 3000, 2714, 3, 0, 398
1764945471, meta, 10000, 9975, 11, 0, 889
1764945473, meta, 10000, 9975, 11, 0, 524
1764945474, meta, 30000, 30796, 11, 0, 2221
1764945478, meta, 30000, 30796, 11, 0, 969
1764945479, meta, 100000, 105903, 9, 0, 9065
1764945490, meta, 100000, 105903, 389, 0, 8310
1764949309, meta, 10, 28, 2, 0, 338
1764949311, meta, 10, 28, 2, 0, 323
1764949312, meta, 100, 28, 2, 0, 263
1764949314, meta, 100, 28, 2, 0, 411
1764949314, meta, 1000, 889, 3, 0, 284
1764949317, meta, 1000, 889, 3, 0, 278
1764949317, meta, 3000, 2714, 3, 0, 378
1764949319, meta, 3000, 2714, 3, 0, 359
1764949320, meta, 10000, 9975, 11, 0, 922
1764949323, meta, 10000, 9975, 11, 0, 604
1764949323, meta, 30000, 30796, 86, 0, 3213
1764949328, meta, 30000, 30796, 79, 0, 3133
1764949332, meta, 100000, 105903, 9, 0, 8909
1764949342, meta, 100000, 105903, 351, 0, 7699
1764953097, meta, 10, 28, 2, 0, 290
1764953099, meta, 10, 28, 2, 0, 265
1764953099, meta, 100, 28, 2, 0, 266
1764953101, meta, 100, 28, 2, 0, 274
1764953102, meta, 1000, 889, 3, 0, 266
1764953104, meta, 1000, 889, 3, 0, 279
1764953104, meta, 3000, 2714, 3, 0, 413
1764953107, meta, 3000, 2714, 3, 0, 355
1764953107, meta, 10000, 9975, 11, 0, 900
1764953110, meta, 10000, 9975, 11, 0, 542
1764953110, meta, 30000, 30797, 13, 0, 2286
1764953115, meta, 30000, 30797, 11, 0, 2255
1764953117, meta, 100000, 105901, 11, 0, 9018
1764953128, meta, 100000, 105901, 9, 0, 8914
1764956869, meta, 10, 28, 2, 0, 346
1764956871, meta, 10, 28, 2, 0, 332
1764956872, meta, 100, 28, 2, 0, 266
1764956874, meta, 100, 28, 2, 0, 275
1764956874, meta, 1000, 889, 3, 0, 292
1764956876, meta, 1000, 889, 3, 0, 396
1764956877, meta, 3000, 2714, 3, 0, 461
1764956879, meta, 3000, 2714, 3, 0, 391
1764956880, meta, 10000, 9975, 11, 0, 928
1764956883, meta, 10000, 9975, 11, 0, 891
1764956883, meta, 30000, 30796, 46, 0, 2649
1764956888, meta, 30000, 30796, 11, 0, 2370
1764956890, meta, 100000, 105902, 13, 0, 9083
1764956902, meta, 100000, 105902, 11, 0, 9063
1764960641, meta, 10, 28, 2, 0, 523
1764960643, meta, 10, 28, 2, 0, 258
1764960643, meta, 100, 28, 2, 0, 328
1764960646, meta, 100, 28, 2, 0, 329
1764960646, meta, 1000, 889, 3, 0, 274
1764960648, meta, 1000, 889, 3, 0, 283
1764960649, meta, 3000, 2714, 3, 0, 380
1764960651, meta, 3000, 2714, 3, 0, 336
1764960651, meta, 10000, 9975, 11, 0, 895
1764960654, meta, 10000, 9975, 3, 0, 757
1764960655, meta, 30000, 30796, 11, 0, 2253
1764960659, meta, 30000, 30796, 11, 0, 865
1764960660, meta, 100000, 105902, 13, 0, 8909
1764960671, meta, 100000, 105902, 12, 0, 9065
1764964452, meta, 10, 28, 2, 0, 285
1764964454, meta, 10, 28, 2, 0, 295
1764964455, meta, 100, 28, 2, 0, 297
1764964457, meta, 100, 28, 2, 0, 387
1764964457, meta, 1000, 889, 3, 0, 343
1764964460, meta, 1000, 889, 3, 0, 300
1764964460, meta, 3000, 2714, 3, 0, 378
1764964462, meta, 3000, 2714, 3, 0, 389
1764964463, meta, 10000, 9975, 12, 0, 887
1764964466, meta, 10000, 9975, 11, 0, 644
1764964466, meta, 30000, 30796, 12, 0, 2263
1764964470, meta, 30000, 30796, 34, 0, 2478
1764964473, meta, 100000, 105903, 13, 0, 9077
1764964484, meta, 100000, 105903, 10, 0, 8876
1764968300, meta, 10, 28, 2, 0, 291
1764968302, meta, 10, 28, 2, 0, 325
1764968303, meta, 100, 28, 2, 0, 313
1764968305, meta, 100, 28, 2, 0, 273
1764968305, meta, 1000, 889, 3, 0, 283
1764968308, meta, 1000, 889, 3, 0, 289
1764968308, meta, 3000, 2714, 3, 0, 377
1764968310, meta, 3000, 2714, 3, 0, 432
1764968311, meta, 10000, 9975, 12, 0, 953
1764968314, meta, 10000, 9975, 3, 0, 569
1764968314, meta, 30000, 30796, 62, 0, 2997
1764968319, meta, 30000, 30796, 12, 0, 1031
1764968320, meta, 100000, 105902, 13, 0, 8907
1764968331, meta, 100000, 105902, 381, 0, 14999
1764972057, meta, 10, 28, 2, 0, 343
1764972060, meta, 10, 28, 2, 0, 335
1764972060, meta, 100, 28, 2, 0, 330
1764972062, meta, 100, 28, 2, 0, 344
1764972063, meta, 1000, 889, 3, 0, 342
1764972065, meta, 1000, 889, 3, 0, 287
1764972065, meta, 3000, 2714, 2, 0, 379
1764972068, meta, 3000, 2714, 3, 0, 382
1764972068, meta, 10000, 9975, 11, 0, 883
1764972071, meta, 10000, 9975, 11, 0, 542
1764972071, meta, 30000, 30796, 158, 0, 4299
1764972078, meta, 30000, 30796, 11, 0, 2235
1764972080, meta, 100000, 105902, 9, 0, 8973
1764972091, meta, 100000, 105902, 13, 0, 8856
1764975905, meta, 10, 28, 2, 0, 273
1764975908, meta, 10, 28, 2, 0, 280
1764975908, meta, 100, 28, 2, 0, 318
1764975910, meta, 100, 28, 2, 0, 272
1764975910, meta, 1000, 889, 3, 0, 312
1764975913, meta, 1000, 889, 2, 0, 321
1764975913, meta, 3000, 2714, 3, 0, 447
1764975915, meta, 3000, 2714, 3, 0, 436
1764975916, meta, 10000, 9975, 11, 0, 868
1764975919, meta, 10000, 9975, 11, 0, 620
1764975919, meta, 30000, 30796, 162, 0, 4759
1764975926, meta, 30000, 30796, 11, 0, 947
1764975927, meta, 100000, 0, 0, 0, 66064
1764975995, meta, 100000, 105903, 12, 0, 9295
